plant.name,plant.cultivar,model.name,model.weight,model.dimensions.length,model.dimensions.width,model.dimensions.height,model.tank_volume,model.rotors.power,model.rotors.number,model.nozzles.type,model.nozzles.number,model.particle_diameter.min,model.particle_diameter.max,model.swath_width.min,model.swath_width.max,model.water_pump.type,model.water_pump.flow_rate,model.water_pump.number,experiment.name,experiment.weather.temperature.min,experiment.weather.temperature.max,experiment.weather.humidity.min,experiment.weather.humidity.max,experiment.weather.velocity.min,experiment.weather.velocity.max,experiment.params.height,experiment.params.flight_speed,experiment.params.spray_volume,experiment.params.atomization_diameter,experiment.results.coverage.value,experiment.results.coverage.max,experiment.results.coverage.CV,experiment.results.droplet_size.value,experiment.results.droplet_size.max,experiment.results.droplet_size.CV,plant.phenotypes.height,model.positioning_mode,experiment.params.flow_rate
tea,Camellia sinensis,AGRAS T30,36.5,2.9,2.7,0.8,30,3600.0,6,SX11001VS,16,130.0,250.0,4,9,plunger pump,4.0,1.0,H1-S2-V1,23.0,31.0,48.0,72.0,0.2,1.6,2.0,7.0,30.0,,3.1,3.6,39.7,223.9,226.3,10.4,,,
tea,Camellia sinensis,AGRAS T30,36.5,2.9,2.7,0.8,30,3600.0,6,SX11001VS,16,130.0,250.0,4,9,plunger pump,4.0,1.0,H1-S2-V1,22.212,31.491,47.652,69.525,0.197,1.556,1.963,7.181,32.352,,3.09,3.632,39.795,220.089,230.573,10.409,,,
tea,Camellia sinensis,AGRAS T30,36.5,2.9,2.7,0.8,30,3600.0,6,SX11001VS,16,130.0,250.0,4,9,plunger pump,4.0,1.0,H1-S2-V1,22.856,30.479,46.51,71.459,0.197,1.566,1.982,7.334,28.787,,3.109,3.643,39.409,223.316,230.333,10.491,,,
tea,Camellia sinensis,AGRAS T30,36.5,2.9,2.7,0.8,30,3600.0,6,SX11001VS,16,130.0,250.0,4,9,plunger pump,4.0,1.0,H1-S2-V1,23.112,30.807,47.229,71.628,0.188,1.528,1.871,7.392,27.944,,3.111,3.595,39.04,229.749,229.749,10.318,,,
tea,Camellia sinensis,AGRAS T30,36.5,2.9,2.7,0.8,30,3600.0,6,SX11001VS,16,130.0,250.0,4,9,plunger pump,4.0,1.0,H1-S2-V1,22.401,30.843,48.407,69.847,0.193,1.74,1.881,7.422,31.054,,3.066,3.655,40.164,225.13,229.52,10.353,,,
tea,Camellia sinensis,AGRAS T30,36.5,2.9,2.7,0.8,30,3600.0,6,SX11001VS,16,130.0,250.0,4,9,plunger pump,4.0,1.0,H1-S1-V1,23.0,31.0,48.0,72.0,0.2,1.6,2.0,3.0,30.0,,4.3,4.5,65.0,251.1,252.9,12.0,,,
tea,Camellia sinensis,AGRAS T30,36.5,2.9,2.7,0.8,30,3600.0,6,SX11001VS,16,130.0,250.0,4,9,plunger pump,4.0,1.0,H1-S1-V1,22.675,30.025,49.811,73.166,0.204,1.582,1.968,2.86,29.503,,4.314,4.465,65.777,257.502,259.69,11.878,,,
tea,Camellia sinensis,AGRAS T30,36.5,2.9,2.7,0.8,30,3600.0,6,SX11001VS,16,130.0,250.0,4,9,plunger pump,4.0,1.0,H1-S1-V1,23.104,30.359,48.002,73.901,0.206,1.659,2.053,3.107,30.136,,4.252,4.518,64.664,249.696,249.696,12.15,,,
tea,Camellia sinensis,AGRAS T30,36.5,2.9,2.7,0.8,30,3600.0,6,SX11001VS,16,130.0,250.0,4,9,plunger pump,4.0,1.0,H1-S1-V1,22.633,32.416,49.06,72.135,0.194,1.585,2.019,2.909,32.406,,4.274,4.516,63.154,250.31,256.847,12.01,,,
tea,Camellia sinensis,AGRAS T30,36.5,2.9,2.7,0.8,30,3600.0,6,SX11001VS,16,130.0,250.0,4,9,plunger pump,4.0,1.0,H1-S1-V1,22.484,30.532,49.517,74.976,0.216,1.526,2.026,2.818,28.56,,4.244,4.504,64.075,253.812,253.812,12.088,,,
tea,Camellia sinensis,AGRAS T30,36.5,2.9,2.7,0.8,30,3600.0,6,SX11001VS,16,130.0,250.0,4,9,plunger pump,4.0,1.0,H2-S1-V1,23.0,31.0,48.0,72.0,0.2,1.6,3.5,3.0,30.0,,3.5,4.2,48.4,237.2,248.1,9.6,,,
tea,Camellia sinensis,AGRAS T30,36.5,2.9,2.7,0.8,30,3600.0,6,SX11001VS,16,130.0,250.0,4,9,plunger pump,4.0,1.0,H2-S1-V1,23.249,31.851,46.832,70.524,0.19,1.565,3.512,3.043,28.678,,3.452,4.161,48.095,237.696,244.913,9.645,,,
tea,Camellia sinensis,AGRAS T30,36.5,2.9,2.7,0.8,30,3600.0,6,SX11001VS,16,130.0,250.0,4,9,plunger pump,4.0,1.0,H2-S1-V1,23.329,30.841,49.396,72.786,0.195,1.561,3.166,3.083,29.409,,3.56,4.29,46.993,240.206,245.447,9.354,,,
tea,Camellia sinensis,AGRAS T30,36.5,2.9,2.7,0.8,30,3600.0,6,SX11001VS,16,130.0,250.0,4,9,plunger pump,4.0,1.0,H2-S1-V1,23.828,31.659,48.634,71.152,0.186,1.624,3.364,2.875,31.473,,3.493,4.231,48.243,238.036,246.521,9.532,,,
tea,Camellia sinensis,AGRAS T30,36.5,2.9,2.7,0.8,30,3600.0,6,SX11001VS,16,130.0,250.0,4,9,plunger pump,4.0,1.0,H2-S1-V1,23.103,30.447,47.151,75.19,0.195,1.665,3.663,3.072,29.135,,3.539,4.169,48.393,239.097,248.913,9.573,,,
tea,Camellia sinensis,AGRAS T30,36.5,2.9,2.7,0.8,30,3600.0,6,SX11001VS,16,130.0,250.0,4,9,plunger pump,4.0,1.0,H3-S1-V1,23.0,31.0,48.0,72.0,0.2,1.6,5.0,3.0,30.0,,4.1,4.4,50.5,240.2,248.1,8.9,,,
tea,Camellia sinensis,AGRAS T30,36.5,2.9,2.7,0.8,30,3600.0,6,SX11001VS,16,130.0,250.0,4,9,plunger pump,4.0,1.0,H3-S1-V1,23.466,30.107,47.617,70.832,0.208,1.499,4.753,3.185,31.763,,4.075,4.332,50.83,236.704,246.946,8.747,,,
tea,Camellia sinensis,AGRAS T30,36.5,2.9,2.7,0.8,30,3600.0,6,SX11001VS,16,130.0,250.0,4,9,plunger pump,4.0,1.0,H3-S1-V1,22.731,29.715,46.199,69.785,0.205,1.475,5.113,2.988,28.209,,4.061,4.358,50.161,241.15,253.625,8.929,,,
tea,Camellia sinensis,AGRAS T30,36.5,2.9,2.7,0.8,30,3600.0,6,SX11001VS,16,130.0,250.0,4,9,plunger pump,4.0,1.0,H3-S1-V1,23.408,30.097,46.652,72.51,0.21,1.591,4.704,3.064,30.062,,4.093,4.332,49.908,241.147,246.244,9.03,,,
tea,Camellia sinensis,AGRAS T30,36.5,2.9,2.7,0.8,30,3600.0,6,SX11001VS,16,130.0,250.0,4,9,plunger pump,4.0,1.0,H3-S1-V1,23.998,30.446,46.598,70.558,0.194,1.485,4.765,2.841,30.01,,4.061,4.385,49.721,242.253,249.756,9.026,,,
tea,Camellia sinensis,AGRAS T30,36.5,2.9,2.7,0.8,30,3600.0,6,SX11001VS,16,130.0,250.0,4,9,plunger pump,4.0,1.0,H1-S1-V2,23.0,31.0,48.0,72.0,0.2,1.6,2.0,3.0,60.0,,8.2,8.9,58.1,274.1,280.1,14.9,,,
tea,Camellia sinensis,AGRAS T30,36.5,2.9,2.7,0.8,30,3600.0,6,SX11001VS,16,130.0,250.0,4,9,plunger pump,4.0,1.0,H1-S1-V2,22.983,30.215,49.388,71.331,0.192,1.624,1.919,2.863,61.304,,8.425,8.875,56.804,271.293,281.73,14.75,,,
tea,Camellia sinensis,AGRAS T30,36.5,2.9,2.7,0.8,30,3600.0,6,SX11001VS,16,130.0,250.0,4,9,plunger pump,4.0,1.0,H1-S1-V2,23.079,31.072,48.048,70.23,0.205,1.554,2.065,2.889,60.159,,8.322,8.734,57.449,276.942,276.942,15.04,,,
tea,Camellia sinensis,AGRAS T30,36.5,2.9,2.7,0.8,30,3600.0,6,SX11001VS,16,130.0,250.0,4,9,plunger pump,4.0,1.0,H1-S1-V2,22.478,31.311,48.23,73.778,0.199,1.651,1.884,3.078,59.89,,8.165,8.927,57.522,272.955,283.871,14.981,,,
tea,Camellia sinensis,AGRAS T30,36.5,2.9,2.7,0.8,30,3600.0,6,SX11001VS,16,130.0,250.0,4,9,plunger pump,4.0,1.0,H1-S1-V2,23.409,31.942,49.512,71.619,0.205,1.519,1.882,3.059,64.328,,8.114,8.95,57.595,272.914,286.092,15.03,,,
tea,Camellia sinensis,AGRAS T30,36.5,2.9,2.7,0.8,30,3600.0,6,SX11001VS,16,130.0,250.0,4,9,plunger pump,4.0,1.0,H2-S1-V2,23.0,31.0,48.0,72.0,0.2,1.6,3.5,3.0,60.0,,7.2,8.7,61.0,266.8,273.5,12.6,,,
tea,Camellia sinensis,AGRAS T30,36.5,2.9,2.7,0.8,30,3600.0,6,SX11001VS,16,130.0,250.0,4,9,plunger pump,4.0,1.0,H2-S1-V2,22.753,30.517,46.927,70.954,0.193,1.673,3.632,3.074,58.988,,7.145,8.668,60.309,267.142,276.71,12.628,,,
tea,Camellia sinensis,AGRAS T30,36.5,2.9,2.7,0.8,30,3600.0,6,SX11001VS,16,130.0,250.0,4,9,plunger pump,4.0,1.0,H2-S1-V2,22.946,31.786,46.888,71.688,0.192,1.55,3.579,3.064,61.628,,7.15,8.672,61.625,267.412,275.086,12.393,,,
tea,Camellia sinensis,AGRAS T30,36.5,2.9,2.7,0.8,30,3600.0,6,SX11001VS,16,130.0,250.0,4,9,plunger pump,4.0,1.0,H2-S1-V2,23.399,31.817,49.673,73.829,0.213,1.662,3.46,3.118,60.475,,7.164,8.69,60.583,264.137,274.36,12.761,,,
tea,Camellia sinensis,AGRAS T30,36.5,2.9,2.7,0.8,30,3600.0,6,SX11001VS,16,130.0,250.0,4,9,plunger pump,4.0,1.0,H2-S1-V2,23.464,31.901,48.478,74.648,0.208,1.61,3.5,3.03,63.384,,7.075,8.764,60.369,265.761,269.824,12.357,,,
tea,Camellia sinensis,AGRAS T30,36.5,2.9,2.7,0.8,30,3600.0,6,SX11001VS,16,130.0,250.0,4,9,plunger pump,4.0,1.0,H3-S1-V2,23.0,31.0,48.0,72.0,0.2,1.6,5.0,3.0,60.0,,7.1,8.1,48.1,262.6,269.2,9.9,,,
tea,Camellia sinensis,AGRAS T30,36.5,2.9,2.7,0.8,30,3600.0,6,SX11001VS,16,130.0,250.0,4,9,plunger pump,4.0,1.0,H3-S1-V2,23.471,30.99,47.555,73.543,0.201,1.549,4.634,2.92,62.342,,7.144,7.982,48.119,266.006,271.951,9.766,,,
tea,Camellia sinensis,AGRAS T30,36.5,2.9,2.7,0.8,30,3600.0,6,SX11001VS,16,130.0,250.0,4,9,plunger pump,4.0,1.0,H3-S1-V2,23.447,30.699,48.476,72.375,0.213,1.545,4.938,2.971,59.296,,7.052,8.085,48.792,268.352,270.491,9.959,,,
tea,Camellia sinensis,AGRAS T30,36.5,2.9,2.7,0.8,30,3600.0,6,SX11001VS,16,130.0,250.0,4,9,plunger pump,4.0,1.0,H3-S1-V2,22.501,31.797,47.213,74.551,0.202,1.51,4.936,3.074,60.652,,7.217,8.179,48.453,261.605,269.422,9.879,,,
tea,Camellia sinensis,AGRAS T30,36.5,2.9,2.7,0.8,30,3600.0,6,SX11001VS,16,130.0,250.0,4,9,plunger pump,4.0,1.0,H3-S1-V2,23.243,31.725,47.202,70.609,0.207,1.561,4.793,2.99,59.39,,7.154,8.049,48.498,261.825,270.314,9.805,,,
tea,Camellia sinensis,AGRAS T30,36.5,2.9,2.7,0.8,30,3600.0,6,SX11001VS,16,130.0,250.0,4,9,plunger pump,4.0,1.0,H1-S1-V3,23.0,31.0,48.0,72.0,0.2,1.6,2.0,3.0,90.0,,12.9,15.2,39.1,277.1,293.4,14.9,,,
tea,Camellia sinensis,AGRAS T30,36.5,2.9,2.7,0.8,30,3600.0,6,SX11001VS,16,130.0,250.0,4,9,plunger pump,4.0,1.0,H1-S1-V3,22.057,31.607,49.475,74.299,0.2,1.645,1.913,2.808,91.359,,13.013,15.34,38.924,272.674,292.842,15.118,,,
tea,Camellia sinensis,AGRAS T30,36.5,2.9,2.7,0.8,30,3600.0,6,SX11001VS,16,130.0,250.0,4,9,plunger pump,4.0,1.0,H1-S1-V3,22.511,31.681,47.898,72.409,0.197,1.708,1.919,3.211,91.639,,12.686,15.478,38.943,281.626,290.414,14.815,,,
tea,Camellia sinensis,AGRAS T30,36.5,2.9,2.7,0.8,30,3600.0,6,SX11001VS,16,130.0,250.0,4,9,plunger pump,4.0,1.0,H1-S1-V3,23.417,31.969,47.528,73.482,0.208,1.568,2.195,2.84,85.622,,12.714,15.334,39.639,282.4,293.785,14.926,,,
tea,Camellia sinensis,AGRAS T30,36.5,2.9,2.7,0.8,30,3600.0,6,SX11001VS,16,130.0,250.0,4,9,plunger pump,4.0,1.0,H1-S1-V3,22.444,30.222,46.934,69.694,0.206,1.712,2.081,2.988,84.968,,12.634,15.3,39.422,278.472,290.26,14.915,,,
tea,Camellia sinensis,AGRAS T30,36.5,2.9,2.7,0.8,30,3600.0,6,SX11001VS,16,130.0,250.0,4,9,plunger pump,4.0,1.0,H2-S1-V3,23.0,31.0,48.0,72.0,0.2,1.6,3.5,3.0,90.0,,12.2,14.3,34.5,272.9,292.8,10.6,,,
tea,Camellia sinensis,AGRAS T30,36.5,2.9,2.7,0.8,30,3600.0,6,SX11001VS,16,130.0,250.0,4,9,plunger pump,4.0,1.0,H2-S1-V3,22.664,31.55,47.576,72.924,0.209,1.535,3.714,3.091,92.619,,12.372,14.209,34.871,274.825,295.405,10.627,,,
tea,Camellia sinensis,AGRAS T30,36.5,2.9,2.7,0.8,30,3600.0,6,SX11001VS,16,130.0,250.0,4,9,plunger pump,4.0,1.0,H2-S1-V3,23.261,32.07,46.999,71.69,0.204,1.703,3.641,2.868,86.15,,11.946,14.168,34.541,271.52,290.854,10.425,,,
tea,Camellia sinensis,AGRAS T30,36.5,2.9,2.7,0.8,30,3600.0,6,SX11001VS,16,130.0,250.0,4,9,plunger pump,4.0,1.0,H2-S1-V3,23.116,30.962,48.977,73.261,0.199,1.623,3.548,3.079,95.104,,12.444,14.061,34.568,270.538,298.172,10.499,,,
tea,Camellia sinensis,AGRAS T30,36.5,2.9,2.7,0.8,30,3600.0,6,SX11001VS,16,130.0,250.0,4,9,plunger pump,4.0,1.0,H2-S1-V3,22.95,32.225,47.601,72.552,0.191,1.585,3.549,2.868,86.96,,12.228,14.315,34.016,275.977,290.863,10.426,,,
tea,Camellia sinensis,AGRAS T30,36.5,2.9,2.7,0.8,30,3600.0,6,SX11001VS,16,130.0,250.0,4,9,plunger pump,4.0,1.0,H3-S1-V3,23.0,31.0,48.0,72.0,0.2,1.6,5.0,3.0,90.0,,11.0,12.2,33.6,266.8,274.7,13.6,,,
tea,Camellia sinensis,AGRAS T30,36.5,2.9,2.7,0.8,30,3600.0,6,SX11001VS,16,130.0,250.0,4,9,plunger pump,4.0,1.0,H3-S1-V3,22.292,31.673,49.436,70.18,0.219,1.62,4.778,2.96,87.015,,10.928,12.364,33.591,263.132,277.301,13.649,,,
tea,Camellia sinensis,AGRAS T30,36.5,2.9,2.7,0.8,30,3600.0,6,SX11001VS,16,130.0,250.0,4,9,plunger pump,4.0,1.0,H3-S1-V3,23.424,30.114,48.827,71.164,0.19,1.593,5.027,2.806,94.155,,11.048,12.357,34.234,261.924,278.308,13.725,,,
tea,Camellia sinensis,AGRAS T30,36.5,2.9,2.7,0.8,30,3600.0,6,SX11001VS,16,130.0,250.0,4,9,plunger pump,4.0,1.0,H3-S1-V3,22.873,31.862,48.389,70.317,0.211,1.677,4.805,3.046,85.955,,11.196,12.154,33.766,266.13,271.289,13.739,,,
tea,Camellia sinensis,AGRAS T30,36.5,2.9,2.7,0.8,30,3600.0,6,SX11001VS,16,130.0,250.0,4,9,plunger pump,4.0,1.0,H3-S1-V3,22.398,31.972,45.811,72.969,0.199,1.7,5.365,3.028,90.638,,10.812,12.182,34.065,268.182,279.329,13.506,,,
tea,Camellia sinensis,AGRAS T40,50.0,2.8,3.2,0.8,40,3600.0,8,LX8060SZ,2,50.0,300.0,11,11,magnetic drive impeller pump,6.0,2.0,H1-S1-V1-D2,23.0,31.0,48.0,72.0,0.2,1.6,2.0,3.0,60.0,medium,5.2,6.6,67.6,220.4,228.5,13.9,,,
tea,Camellia sinensis,AGRAS T40,50.0,2.8,3.2,0.8,40,3600.0,8,LX8060SZ,2,50.0,300.0,11,11,magnetic drive impeller pump,6.0,2.0,H1-S1-V1-D2,23.252,30.827,47.051,70.615,0.199,1.616,2.018,2.983,58.4,medium,5.186,6.658,68.769,221.711,222.274,13.915,,,
tea,Camellia sinensis,AGRAS T40,50.0,2.8,3.2,0.8,40,3600.0,8,LX8060SZ,2,50.0,300.0,11,11,magnetic drive impeller pump,6.0,2.0,H1-S1-V1-D2,23.19,30.793,46.215,71.839,0.188,1.543,1.891,3.161,60.973,medium,5.136,6.555,67.985,216.078,229.176,13.927,,,
tea,Camellia sinensis,AGRAS T40,50.0,2.8,3.2,0.8,40,3600.0,8,LX8060SZ,2,50.0,300.0,11,11,magnetic drive impeller pump,6.0,2.0,H1-S1-V1-D2,23.115,30.354,47.927,71.463,0.192,1.59,1.897,2.96,59.5,medium,5.267,6.455,67.346,217.173,228.161,13.892,,,
tea,Camellia sinensis,AGRAS T40,50.0,2.8,3.2,0.8,40,3600.0,8,LX8060SZ,2,50.0,300.0,11,11,magnetic drive impeller pump,6.0,2.0,H1-S1-V1-D2,22.53,30.292,48.124,70.871,0.214,1.681,1.932,3.079,61.172,medium,5.129,6.608,66.122,224.137,230.72,14.099,,,
tea,Camellia sinensis,AGRAS T40,50.0,2.8,3.2,0.8,40,3600.0,8,LX8060SZ,2,50.0,300.0,11,11,magnetic drive impeller pump,6.0,2.0,H2-S1-V1-D2,23.0,31.0,48.0,72.0,0.2,1.6,3.5,3.0,60.0,medium,5.7,6.1,63.2,220.4,223.8,14.6,,,
tea,Camellia sinensis,AGRAS T40,50.0,2.8,3.2,0.8,40,3600.0,8,LX8060SZ,2,50.0,300.0,11,11,magnetic drive impeller pump,6.0,2.0,H2-S1-V1-D2,23.547,31.101,48.823,69.83,0.214,1.585,3.404,2.959,57.444,medium,5.566,6.105,63.804,216.735,228.514,14.989,,,
tea,Camellia sinensis,AGRAS T40,50.0,2.8,3.2,0.8,40,3600.0,8,LX8060SZ,2,50.0,300.0,11,11,magnetic drive impeller pump,6.0,2.0,H2-S1-V1-D2,22.666,30.405,46.973,73.608,0.196,1.518,3.692,2.777,57.687,medium,5.814,6.0,63.832,219.505,221.13,14.837,,,
tea,Camellia sinensis,AGRAS T40,50.0,2.8,3.2,0.8,40,3600.0,8,LX8060SZ,2,50.0,300.0,11,11,magnetic drive impeller pump,6.0,2.0,H2-S1-V1-D2,23.577,30.542,46.458,70.434,0.205,1.521,3.755,3.056,64.045,medium,5.722,5.986,63.915,215.756,219.213,14.654,,,
tea,Camellia sinensis,AGRAS T40,50.0,2.8,3.2,0.8,40,3600.0,8,LX8060SZ,2,50.0,300.0,11,11,magnetic drive impeller pump,6.0,2.0,H2-S1-V1-D2,23.011,30.195,47.228,71.903,0.195,1.715,3.326,3.133,62.466,medium,5.759,6.065,63.965,217.187,219.407,14.325,,,
tea,Camellia sinensis,AGRAS T40,50.0,2.8,3.2,0.8,40,3600.0,8,LX8060SZ,2,50.0,300.0,11,11,magnetic drive impeller pump,6.0,2.0,H3-S1-V1-D2,23.0,31.0,48.0,72.0,0.2,1.6,5.0,3.0,60.0,medium,6.2,6.9,43.5,216.9,223.8,11.6,,,
tea,Camellia sinensis,AGRAS T40,50.0,2.8,3.2,0.8,40,3600.0,8,LX8060SZ,2,50.0,300.0,11,11,magnetic drive impeller pump,6.0,2.0,H3-S1-V1-D2,22.982,30.173,49.538,73.016,0.193,1.518,5.346,2.921,56.288,medium,6.181,6.968,42.869,214.919,221.07,11.724,,,
tea,Camellia sinensis,AGRAS T40,50.0,2.8,3.2,0.8,40,3600.0,8,LX8060SZ,2,50.0,300.0,11,11,magnetic drive impeller pump,6.0,2.0,H3-S1-V1-D2,23.415,30.767,47.497,73.116,0.203,1.561,5.42,3.123,58.163,medium,6.137,6.931,43.548,214.739,220.569,11.812,,,
tea,Camellia sinensis,AGRAS T40,50.0,2.8,3.2,0.8,40,3600.0,8,LX8060SZ,2,50.0,300.0,11,11,magnetic drive impeller pump,6.0,2.0,H3-S1-V1-D2,23.547,30.659,49.073,72.67,0.213,1.533,5.254,2.919,60.008,medium,6.068,6.82,44.622,220.358,225.325,11.675,,,
tea,Camellia sinensis,AGRAS T40,50.0,2.8,3.2,0.8,40,3600.0,8,LX8060SZ,2,50.0,300.0,11,11,magnetic drive impeller pump,6.0,2.0,H3-S1-V1-D2,23.525,30.108,46.509,71.743,0.201,1.678,5.102,3.149,56.987,medium,6.118,6.809,43.8,217.678,221.427,11.557,,,
tea,Camellia sinensis,AGRAS T40,50.0,2.8,3.2,0.8,40,3600.0,8,LX8060SZ,2,50.0,300.0,11,11,magnetic drive impeller pump,6.0,2.0,H1-S1-V2-D2,23.0,31.0,48.0,72.0,0.2,1.6,2.0,3.0,105.0,medium,10.9,11.3,40.6,354.2,363.5,13.7,,,
tea,Camellia sinensis,AGRAS T40,50.0,2.8,3.2,0.8,40,3600.0,8,LX8060SZ,2,50.0,300.0,11,11,magnetic drive impeller pump,6.0,2.0,H1-S1-V2-D2,22.946,31.018,47.381,71.199,0.209,1.594,1.948,2.822,101.396,medium,10.752,11.3,40.665,355.829,359.259,13.457,,,
tea,Camellia sinensis,AGRAS T40,50.0,2.8,3.2,0.8,40,3600.0,8,LX8060SZ,2,50.0,300.0,11,11,magnetic drive impeller pump,6.0,2.0,H1-S1-V2-D2,23.189,31.36,48.456,73.459,0.213,1.603,1.941,3.043,112.169,medium,11.005,11.13,41.04,350.605,358.964,13.675,,,
tea,Camellia sinensis,AGRAS T40,50.0,2.8,3.2,0.8,40,3600.0,8,LX8060SZ,2,50.0,300.0,11,11,magnetic drive impeller pump,6.0,2.0,H1-S1-V2-D2,23.063,32.217,46.69,69.184,0.213,1.55,1.965,3.223,104.897,medium,10.817,11.13,40.697,358.24,358.962,13.879,,,
tea,Camellia sinensis,AGRAS T40,50.0,2.8,3.2,0.8,40,3600.0,8,LX8060SZ,2,50.0,300.0,11,11,magnetic drive impeller pump,6.0,2.0,H1-S1-V2-D2,23.128,29.704,48.749,73.862,0.212,1.613,1.95,3.118,103.791,medium,10.984,11.36,39.834,360.573,361.589,13.992,,,
tea,Camellia sinensis,AGRAS T40,50.0,2.8,3.2,0.8,40,3600.0,8,LX8060SZ,2,50.0,300.0,11,11,magnetic drive impeller pump,6.0,2.0,H2-S1-V2-D2,23.0,31.0,48.0,72.0,0.2,1.6,3.5,3.0,105.0,medium,10.7,11.1,43.7,321.9,332.3,13.0,,,
tea,Camellia sinensis,AGRAS T40,50.0,2.8,3.2,0.8,40,3600.0,8,LX8060SZ,2,50.0,300.0,11,11,magnetic drive impeller pump,6.0,2.0,H2-S1-V2-D2,23.22,30.687,46.103,71.431,0.2,1.511,3.394,2.801,104.062,medium,10.64,10.88,43.143,324.97,332.696,13.076,,,
tea,Camellia sinensis,AGRAS T40,50.0,2.8,3.2,0.8,40,3600.0,8,LX8060SZ,2,50.0,300.0,11,11,magnetic drive impeller pump,6.0,2.0,H2-S1-V2-D2,23.338,30.081,47.932,69.201,0.212,1.665,3.497,3.146,114.518,medium,10.801,11.119,44.14,324.224,327.527,12.974,,,
tea,Camellia sinensis,AGRAS T40,50.0,2.8,3.2,0.8,40,3600.0,8,LX8060SZ,2,50.0,300.0,11,11,magnetic drive impeller pump,6.0,2.0,H2-S1-V2-D2,22.712,30.79,47.694,73.125,0.187,1.654,3.574,3.189,99.471,medium,10.718,11.067,44.179,321.763,326.195,13.009,,,
tea,Camellia sinensis,AGRAS T40,50.0,2.8,3.2,0.8,40,3600.0,8,LX8060SZ,2,50.0,300.0,11,11,magnetic drive impeller pump,6.0,2.0,H2-S1-V2-D2,22.394,31.653,46.897,73.848,0.197,1.529,3.497,2.846,108.07,medium,10.62,11.149,42.915,314.908,338.234,13.069,,,
tea,Camellia sinensis,AGRAS T40,50.0,2.8,3.2,0.8,40,3600.0,8,LX8060SZ,2,50.0,300.0,11,11,magnetic drive impeller pump,6.0,2.0,H3-S1-V2-D2,23.0,31.0,48.0,72.0,0.2,1.6,5.0,3.0,105.0,medium,10.5,11.9,32.8,303.5,312.7,11.6,,,
tea,Camellia sinensis,AGRAS T40,50.0,2.8,3.2,0.8,40,3600.0,8,LX8060SZ,2,50.0,300.0,11,11,magnetic drive impeller pump,6.0,2.0,H3-S1-V2-D2,22.495,31.389,46.739,70.557,0.199,1.638,4.671,2.922,110.083,medium,10.689,12.04,33.321,297.927,314.9,11.407,,,
tea,Camellia sinensis,AGRAS T40,50.0,2.8,3.2,0.8,40,3600.0,8,LX8060SZ,2,50.0,300.0,11,11,magnetic drive impeller pump,6.0,2.0,H3-S1-V2-D2,22.295,31.477,48.929,72.463,0.208,1.51,4.644,2.89,111.14,medium,10.476,12.11,32.473,305.936,315.545,11.875,,,
tea,Camellia sinensis,AGRAS T40,50.0,2.8,3.2,0.8,40,3600.0,8,LX8060SZ,2,50.0,300.0,11,11,magnetic drive impeller pump,6.0,2.0,H3-S1-V2-D2,23.48,31.067,47.065,68.785,0.204,1.712,5.17,2.847,112.75,medium,10.714,11.879,33.343,303.855,311.396,11.484,,,
tea,Camellia sinensis,AGRAS T40,50.0,2.8,3.2,0.8,40,3600.0,8,LX8060SZ,2,50.0,300.0,11,11,magnetic drive impeller pump,6.0,2.0,H3-S1-V2-D2,22.495,30.831,47.98,71.074,0.213,1.658,4.701,3.152,109.038,medium,10.492,11.995,32.668,299.275,313.054,11.606,,,
tea,Camellia sinensis,AGRAS T40,50.0,2.8,3.2,0.8,40,3600.0,8,LX8060SZ,2,50.0,300.0,11,11,magnetic drive impeller pump,6.0,2.0,H1-S1-V3-D2,23.0,31.0,48.0,72.0,0.2,1.6,2.0,3.0,150.0,medium,12.8,14.0,55.4,448.8,451.2,13.9,,,
tea,Camellia sinensis,AGRAS T40,50.0,2.8,3.2,0.8,40,3600.0,8,LX8060SZ,2,50.0,300.0,11,11,magnetic drive impeller pump,6.0,2.0,H1-S1-V3-D2,22.928,30.251,48.543,70.223,0.209,1.567,1.916,3.162,154.76,medium,12.711,14.126,55.941,449.983,450.23,14.088,,,
tea,Camellia sinensis,AGRAS T40,50.0,2.8,3.2,0.8,40,3600.0,8,LX8060SZ,2,50.0,300.0,11,11,magnetic drive impeller pump,6.0,2.0,H1-S1-V3-D2,22.58,31.572,46.358,74.081,0.195,1.686,2.03,3.106,136.966,medium,12.741,13.89,54.542,458.352,458.352,13.965,,,
tea,Camellia sinensis,AGRAS T40,50.0,2.8,3.2,0.8,40,3600.0,8,LX8060SZ,2,50.0,300.0,11,11,magnetic drive impeller pump,6.0,2.0,H1-S1-V3-D2,22.77,31.687,49.016,70.042,0.203,1.659,1.894,2.801,137.028,medium,13.019,13.938,55.086,446.03,447.277,14.099,,,
tea,Camellia sinensis,AGRAS T40,50.0,2.8,3.2,0.8,40,3600.0,8,LX8060SZ,2,50.0,300.0,11,11,magnetic drive impeller pump,6.0,2.0,H1-S1-V3-D2,22.88,30.923,47.478,72.466,0.188,1.596,1.946,2.968,148.531,medium,13.138,14.124,55.533,441.075,456.417,13.662,,,
tea,Camellia sinensis,AGRAS T40,50.0,2.8,3.2,0.8,40,3600.0,8,LX8060SZ,2,50.0,300.0,11,11,magnetic drive impeller pump,6.0,2.0,H2-S1-V3-D2,23.0,31.0,48.0,72.0,0.2,1.6,3.5,3.0,150.0,medium,12.7,13.7,52.8,409.6,424.6,18.3,,,
tea,Camellia sinensis,AGRAS T40,50.0,2.8,3.2,0.8,40,3600.0,8,LX8060SZ,2,50.0,300.0,11,11,magnetic drive impeller pump,6.0,2.0,H2-S1-V3-D2,23.863,30.864,47.191,73.434,0.194,1.628,3.7,3.087,150.459,medium,12.907,13.9,52.792,404.456,427.615,18.668,,,
tea,Camellia sinensis,AGRAS T40,50.0,2.8,3.2,0.8,40,3600.0,8,LX8060SZ,2,50.0,300.0,11,11,magnetic drive impeller pump,6.0,2.0,H2-S1-V3-D2,23.01,31.083,46.173,71.001,0.212,1.519,3.405,3.254,136.095,medium,12.724,13.674,52.801,414.202,416.023,18.384,,,
tea,Camellia sinensis,AGRAS T40,50.0,2.8,3.2,0.8,40,3600.0,8,LX8060SZ,2,50.0,300.0,11,11,magnetic drive impeller pump,6.0,2.0,H2-S1-V3-D2,23.336,30.037,48.727,69.683,0.212,1.528,3.688,2.845,147.034,medium,12.85,13.508,53.358,412.854,421.587,18.547,,,
tea,Camellia sinensis,AGRAS T40,50.0,2.8,3.2,0.8,40,3600.0,8,LX8060SZ,2,50.0,300.0,11,11,magnetic drive impeller pump,6.0,2.0,H2-S1-V3-D2,23.02,31.131,47.401,73.457,0.182,1.721,3.379,3.176,146.558,medium,12.675,13.687,52.439,407.684,426.853,18.297,,,
tea,Camellia sinensis,AGRAS T40,50.0,2.8,3.2,0.8,40,3600.0,8,LX8060SZ,2,50.0,300.0,11,11,magnetic drive impeller pump,6.0,2.0,H3-S1-V3-D2,23.0,31.0,48.0,72.0,0.2,1.6,5.0,3.0,150.0,medium,12.3,13.4,38.7,396.9,403.8,15.6,,,
tea,Camellia sinensis,AGRAS T40,50.0,2.8,3.2,0.8,40,3600.0,8,LX8060SZ,2,50.0,300.0,11,11,magnetic drive impeller pump,6.0,2.0,H3-S1-V3-D2,22.217,31.217,49.228,69.821,0.214,1.623,5.04,2.802,145.782,medium,12.233,13.645,38.745,400.798,409.602,15.427,,,
tea,Camellia sinensis,AGRAS T40,50.0,2.8,3.2,0.8,40,3600.0,8,LX8060SZ,2,50.0,300.0,11,11,magnetic drive impeller pump,6.0,2.0,H3-S1-V3-D2,22.646,30.74,48.2,72.011,0.197,1.578,4.904,2.903,155.477,medium,12.503,13.383,38.695,392.913,399.302,15.817,,,
tea,Camellia sinensis,AGRAS T40,50.0,2.8,3.2,0.8,40,3600.0,8,LX8060SZ,2,50.0,300.0,11,11,magnetic drive impeller pump,6.0,2.0,H3-S1-V3-D2,22.497,31.616,47.4,71.589,0.198,1.487,5.289,3.21,154.607,medium,12.198,13.169,38.482,400.72,412.252,15.852,,,
tea,Camellia sinensis,AGRAS T40,50.0,2.8,3.2,0.8,40,3600.0,8,LX8060SZ,2,50.0,300.0,11,11,magnetic drive impeller pump,6.0,2.0,H3-S1-V3-D2,22.576,31.841,48.854,70.55,0.187,1.612,4.929,2.858,150.698,medium,12.568,13.286,38.809,392.306,399.503,15.876,,,
tea,Camellia sinensis,AGRAS T40,50.0,2.8,3.2,0.8,40,3600.0,8,LX8060SZ,2,50.0,300.0,11,11,magnetic drive impeller pump,6.0,2.0,H1-S2-V2-D2,23.0,31.0,48.0,72.0,0.2,1.6,2.0,5.0,105.0,medium,9.4,10.8,27.8,376.2,383.1,11.6,,,
tea,Camellia sinensis,AGRAS T40,50.0,2.8,3.2,0.8,40,3600.0,8,LX8060SZ,2,50.0,300.0,11,11,magnetic drive impeller pump,6.0,2.0,H1-S2-V2-D2,22.977,32.06,49.622,71.536,0.204,1.59,2.018,5.281,103.599,medium,9.212,10.896,28.148,372.753,387.785,11.667,,,
tea,Camellia sinensis,AGRAS T40,50.0,2.8,3.2,0.8,40,3600.0,8,LX8060SZ,2,50.0,300.0,11,11,magnetic drive impeller pump,6.0,2.0,H1-S2-V2-D2,23.106,31.314,49.086,73.257,0.204,1.672,2.077,5.137,107.218,medium,9.513,10.787,28.054,382.306,382.306,11.749,,,
tea,Camellia sinensis,AGRAS T40,50.0,2.8,3.2,0.8,40,3600.0,8,LX8060SZ,2,50.0,300.0,11,11,magnetic drive impeller pump,6.0,2.0,H1-S2-V2-D2,23.643,30.757,48.083,70.506,0.197,1.523,1.999,4.99,108.46,medium,9.44,10.696,27.268,378.373,389.383,11.551,,,
tea,Camellia sinensis,AGRAS T40,50.0,2.8,3.2,0.8,40,3600.0,8,LX8060SZ,2,50.0,300.0,11,11,magnetic drive impeller pump,6.0,2.0,H1-S2-V2-D2,21.873,30.714,47.883,72.844,0.189,1.563,1.848,4.869,105.906,medium,9.641,10.811,27.831,368.038,376.993,11.705,,,
tea,Camellia sinensis,AGRAS T40,50.0,2.8,3.2,0.8,40,3600.0,8,LX8060SZ,2,50.0,300.0,11,11,magnetic drive impeller pump,6.0,2.0,H2-S2-V2-D2,23.0,31.0,48.0,72.0,0.2,1.6,3.5,5.0,105.0,medium,9.6,9.9,29.9,378.5,393.5,10.6,,,
tea,Camellia sinensis,AGRAS T40,50.0,2.8,3.2,0.8,40,3600.0,8,LX8060SZ,2,50.0,300.0,11,11,magnetic drive impeller pump,6.0,2.0,H2-S2-V2-D2,23.741,30.283,48.385,74.094,0.212,1.685,3.653,4.971,111.754,medium,9.781,10.128,30.505,377.405,386.519,10.833,,,
tea,Camellia sinensis,AGRAS T40,50.0,2.8,3.2,0.8,40,3600.0,8,LX8060SZ,2,50.0,300.0,11,11,magnetic drive impeller pump,6.0,2.0,H2-S2-V2-D2,22.6,31.014,47.191,69.989,0.19,1.569,3.406,5.048,96.32,medium,9.634,9.853,30.076,368.404,394.459,10.722,,,
tea,Camellia sinensis,AGRAS T40,50.0,2.8,3.2,0.8,40,3600.0,8,LX8060SZ,2,50.0,300.0,11,11,magnetic drive impeller pump,6.0,2.0,H2-S2-V2-D2,23.473,31.091,49.375,73.416,0.21,1.667,3.481,5.003,96.409,medium,9.775,9.826,29.823,382.662,388.287,10.472,,,
tea,Camellia sinensis,AGRAS T40,50.0,2.8,3.2,0.8,40,3600.0,8,LX8060SZ,2,50.0,300.0,11,11,magnetic drive impeller pump,6.0,2.0,H2-S2-V2-D2,22.453,31.859,48.101,69.671,0.208,1.71,3.701,4.694,109.183,medium,9.706,10.093,29.682,375.647,391.997,10.451,,,
tea,Camellia sinensis,AGRAS T40,50.0,2.8,3.2,0.8,40,3600.0,8,LX8060SZ,2,50.0,300.0,11,11,magnetic drive impeller pump,6.0,2.0,H3-S2-V2-D2,23.0,31.0,48.0,72.0,0.2,1.6,5.0,5.0,105.0,medium,8.5,8.6,16.9,349.6,365.8,8.7,,,
tea,Camellia sinensis,AGRAS T40,50.0,2.8,3.2,0.8,40,3600.0,8,LX8060SZ,2,50.0,300.0,11,11,magnetic drive impeller pump,6.0,2.0,H3-S2-V2-D2,24.046,30.552,47.165,69.646,0.205,1.538,4.98,5.081,105.384,medium,8.633,8.683,16.883,353.405,370.249,8.795,,,
tea,Camellia sinensis,AGRAS T40,50.0,2.8,3.2,0.8,40,3600.0,8,LX8060SZ,2,50.0,300.0,11,11,magnetic drive impeller pump,6.0,2.0,H3-S2-V2-D2,23.792,31.085,46.554,72.056,0.189,1.607,4.976,5.411,99.611,medium,8.547,8.547,16.661,351.081,374.739,8.643,,,
tea,Camellia sinensis,AGRAS T40,50.0,2.8,3.2,0.8,40,3600.0,8,LX8060SZ,2,50.0,300.0,11,11,magnetic drive impeller pump,6.0,2.0,H3-S2-V2-D2,23.724,31.847,48.065,71.198,0.191,1.578,4.861,5.254,105.943,medium,8.544,8.672,17.109,349.796,365.664,8.69,,,
tea,Camellia sinensis,AGRAS T40,50.0,2.8,3.2,0.8,40,3600.0,8,LX8060SZ,2,50.0,300.0,11,11,magnetic drive impeller pump,6.0,2.0,H3-S2-V2-D2,22.642,30.479,49.768,74.263,0.217,1.586,5.235,4.784,101.726,medium,8.517,8.517,17.137,343.652,368.448,8.788,,,
tea,Camellia sinensis,AGRAS T40,50.0,2.8,3.2,0.8,40,3600.0,8,LX8060SZ,2,50.0,300.0,11,11,magnetic drive impeller pump,6.0,2.0,H2-S1-V2-D3,23.0,31.0,48.0,72.0,0.2,1.6,3.5,3.0,105.0,coarse,11.5,12.3,46.3,441.9,463.8,17.8,,,
tea,Camellia sinensis,AGRAS T40,50.0,2.8,3.2,0.8,40,3600.0,8,LX8060SZ,2,50.0,300.0,11,11,magnetic drive impeller pump,6.0,2.0,H2-S1-V2-D3,23.488,31.982,48.924,73.388,0.197,1.55,3.217,3.061,112.734,coarse,11.607,12.377,45.98,441.629,459.517,17.479,,,
tea,Camellia sinensis,AGRAS T40,50.0,2.8,3.2,0.8,40,3600.0,8,LX8060SZ,2,50.0,300.0,11,11,magnetic drive impeller pump,6.0,2.0,H2-S1-V2-D3,23.226,31.665,49.201,73.412,0.193,1.744,3.39,2.9,112.106,coarse,11.257,12.473,46.65,446.082,470.843,17.791,,,
tea,Camellia sinensis,AGRAS T40,50.0,2.8,3.2,0.8,40,3600.0,8,LX8060SZ,2,50.0,300.0,11,11,magnetic drive impeller pump,6.0,2.0,H2-S1-V2-D3,23.514,30.163,48.35,69.846,0.192,1.746,3.525,2.977,101.101,coarse,11.575,12.216,45.929,432.455,467.708,17.877,,,
tea,Camellia sinensis,AGRAS T40,50.0,2.8,3.2,0.8,40,3600.0,8,LX8060SZ,2,50.0,300.0,11,11,magnetic drive impeller pump,6.0,2.0,H2-S1-V2-D3,23.362,30.358,48.161,70.122,0.185,1.739,3.539,3.007,104.924,coarse,11.488,12.043,45.956,434.333,458.798,17.47,,,
tea,Camellia sinensis,AGRAS T40,50.0,2.8,3.2,0.8,40,3600.0,8,LX8060SZ,2,50.0,300.0,11,11,magnetic drive impeller pump,6.0,2.0,H2-S1-V2-D1,23.0,31.0,48.0,72.0,0.2,1.6,3.5,3.0,105.0,fine,9.6,10.9,66.9,268.8,280.4,21.1,,,
tea,Camellia sinensis,AGRAS T40,50.0,2.8,3.2,0.8,40,3600.0,8,LX8060SZ,2,50.0,300.0,11,11,magnetic drive impeller pump,6.0,2.0,H2-S1-V2-D1,22.233,32.069,48.818,72.973,0.185,1.661,3.281,2.886,101.295,fine,9.435,10.976,65.671,270.404,280.555,21.401,,,
tea,Camellia sinensis,AGRAS T40,50.0,2.8,3.2,0.8,40,3600.0,8,LX8060SZ,2,50.0,300.0,11,11,magnetic drive impeller pump,6.0,2.0,H2-S1-V2-D1,23.734,31.011,49.102,74.525,0.206,1.735,3.528,2.755,105.145,fine,9.53,10.969,67.011,271.243,279.044,20.649,,,
tea,Camellia sinensis,AGRAS T40,50.0,2.8,3.2,0.8,40,3600.0,8,LX8060SZ,2,50.0,300.0,11,11,magnetic drive impeller pump,6.0,2.0,H2-S1-V2-D1,23.893,31.189,47.479,73.515,0.196,1.734,3.65,2.986,104.586,fine,9.659,10.751,66.855,270.834,283.842,21.571,,,
tea,Camellia sinensis,AGRAS T40,50.0,2.8,3.2,0.8,40,3600.0,8,LX8060SZ,2,50.0,300.0,11,11,magnetic drive impeller pump,6.0,2.0,H2-S1-V2-D1,22.273,32.235,48.664,69.549,0.192,1.651,3.561,2.823,101.768,fine,9.523,10.875,67.82,270.61,278.022,21.274,,,
wheat,,AGRAS T20,,1.1,0.57,0.732,20,,6,XR110015,8,,,5,5,diaphragm pump,,,T1,13.9,13.9,32.9,32.9,2.1,2.1,2.5,3.5,15.0,,4.5,,45.3,323.0,,10.1,0.05,GNSS RTK,1.575
wheat,,AGRAS T20,,1.1,0.57,0.732,20,,6,XR110015,8,,,5,5,diaphragm pump,,,T1,14.053,14.053,31.69,31.69,2.064,2.064,2.37,3.233,15.0,,4.423,,45.633,324.468,,9.92,0.05,GNSS RTK,1.575
wheat,,AGRAS T20,,1.1,0.57,0.732,20,,6,XR110015,8,,,5,5,diaphragm pump,,,T1,14.207,14.207,33.028,33.028,2.048,2.048,2.35,3.465,15.0,,4.444,,44.401,321.894,,10.266,0.05,GNSS RTK,1.575
wheat,,AGRAS T20,,1.1,0.57,0.732,20,,6,XR110015,8,,,5,5,diaphragm pump,,,T1,13.808,13.808,33.797,33.797,2.057,2.057,2.551,3.262,15.0,,4.458,,44.619,327.961,,9.927,0.05,GNSS RTK,1.575
wheat,,AGRAS T20,,1.1,0.57,0.732,20,,6,XR110015,8,,,5,5,diaphragm pump,,,T1,14.546,14.546,33.916,33.916,2.244,2.244,2.563,3.361,15.0,,4.531,,45.648,326.815,,10.172,0.05,GNSS RTK,1.575
wheat,,AGRAS T20,,1.1,0.57,0.732,20,,6,XR110015,8,,,5,5,diaphragm pump,,,T1,14.098,14.098,32.901,32.901,2.014,2.014,2.48,3.682,15.0,,4.459,,45.328,322.378,,10.071,0.05,GNSS RTK,1.575
wheat,,AGRAS T20,,1.1,0.57,0.732,20,,6,XR110015,8,,,5,5,diaphragm pump,,,T1,14.419,14.419,33.813,33.813,2.014,2.014,2.322,3.419,15.0,,4.527,,46.219,317.734,,10.271,0.05,GNSS RTK,1.575
wheat,,AGRAS T20,,1.1,0.57,0.732,20,,6,XR110015,8,,,5,5,diaphragm pump,,,T1,13.918,13.918,33.197,33.197,2.159,2.159,2.567,3.234,15.0,,4.564,,45.594,326.691,,10.245,0.05,GNSS RTK,1.575
wheat,,AGRAS T20,,1.1,0.57,0.732,20,,6,XR110015,8,,,5,5,diaphragm pump,,,T1,13.535,13.535,32.869,32.869,1.952,1.952,2.676,3.689,15.0,,4.566,,44.445,322.687,,10.195,0.05,GNSS RTK,1.575
wheat,,AGRAS T20,,1.1,0.57,0.732,20,,6,XR110015,8,,,5,5,diaphragm pump,,,T1,14.319,14.319,33.16,33.16,2.218,2.218,2.582,3.565,15.0,,4.486,,44.656,316.796,,10.042,0.05,GNSS RTK,1.575
wheat,,AGRAS T20,,1.1,0.57,0.732,20,,6,XR110015,8,,,5,5,diaphragm pump,,,T2,13.6,13.6,31.0,31.0,3.0,3.0,2.5,4.5,15.0,,5.5,,47.3,307.0,,11.3,0.05,GNSS RTK,2.025
wheat,,AGRAS T20,,1.1,0.57,0.732,20,,6,XR110015,8,,,5,5,diaphragm pump,,,T2,13.939,13.939,30.493,30.493,3.133,3.133,2.575,4.631,15.0,,5.529,,46.553,309.439,,11.373,0.05,GNSS RTK,2.025
wheat,,AGRAS T20,,1.1,0.57,0.732,20,,6,XR110015,8,,,5,5,diaphragm pump,,,T2,13.92,13.92,30.208,30.208,2.953,2.953,2.485,4.786,15.0,,5.562,,47.724,302.778,,11.375,0.05,GNSS RTK,2.025
wheat,,AGRAS T20,,1.1,0.57,0.732,20,,6,XR110015,8,,,5,5,diaphragm pump,,,T2,14.018,14.018,30.231,30.231,3.12,3.12,2.627,4.758,15.0,,5.371,,48.061,300.661,,11.259,0.05,GNSS RTK,2.025
wheat,,AGRAS T20,,1.1,0.57,0.732,20,,6,XR110015,8,,,5,5,diaphragm pump,,,T2,13.466,13.466,30.975,30.975,3.032,3.032,2.562,4.681,15.0,,5.455,,47.899,308.004,,11.365,0.05,GNSS RTK,2.025
wheat,,AGRAS T20,,1.1,0.57,0.732,20,,6,XR110015,8,,,5,5,diaphragm pump,,,T2,13.483,13.483,31.904,31.904,3.1,3.1,2.649,4.483,15.0,,5.589,,47.385,307.165,,11.362,0.05,GNSS RTK,2.025
wheat,,AGRAS T20,,1.1,0.57,0.732,20,,6,XR110015,8,,,5,5,diaphragm pump,,,T2,13.461,13.461,32.076,32.076,3.054,3.054,2.618,4.335,15.0,,5.463,,47.238,305.914,,11.301,0.05,GNSS RTK,2.025
wheat,,AGRAS T20,,1.1,0.57,0.732,20,,6,XR110015,8,,,5,5,diaphragm pump,,,T2,13.309,13.309,31.097,31.097,3.205,3.205,2.541,4.555,15.0,,5.4,,48.325,308.733,,11.133,0.05,GNSS RTK,2.025
wheat,,AGRAS T20,,1.1,0.57,0.732,20,,6,XR110015,8,,,5,5,diaphragm pump,,,T2,13.513,13.513,31.383,31.383,2.926,2.926,2.435,4.414,15.0,,5.616,,48.321,302.694,,11.297,0.05,GNSS RTK,2.025
wheat,,AGRAS T20,,1.1,0.57,0.732,20,,6,XR110015,8,,,5,5,diaphragm pump,,,T2,13.312,13.312,30.416,30.416,3.249,3.249,2.407,4.439,15.0,,5.477,,46.059,309.103,,11.277,0.05,GNSS RTK,2.025
wheat,,AGRAS T20,,1.1,0.57,0.732,20,,6,XR110015,8,,,5,5,diaphragm pump,,,T3,14.1,14.1,46.7,46.7,3.4,3.4,2.5,5.5,15.0,,3.2,,28.8,360.0,,9.1,0.05,GNSS RTK,2.475
wheat,,AGRAS T20,,1.1,0.57,0.732,20,,6,XR110015,8,,,5,5,diaphragm pump,,,T3,13.88,13.88,46.416,46.416,3.298,3.298,2.483,5.445,15.0,,3.167,,28.461,363.56,,9.122,0.05,GNSS RTK,2.475
wheat,,AGRAS T20,,1.1,0.57,0.732,20,,6,XR110015,8,,,5,5,diaphragm pump,,,T3,13.974,13.974,46.287,46.287,3.45,3.45,2.38,5.514,15.0,,3.157,,29.247,362.63,,9.224,0.05,GNSS RTK,2.475
wheat,,AGRAS T20,,1.1,0.57,0.732,20,,6,XR110015,8,,,5,5,diaphragm pump,,,T3,14.055,14.055,44.807,44.807,3.226,3.226,2.301,5.145,15.0,,3.191,,28.218,366.043,,9.176,0.05,GNSS RTK,2.475
wheat,,AGRAS T20,,1.1,0.57,0.732,20,,6,XR110015,8,,,5,5,diaphragm pump,,,T3,13.817,13.817,46.292,46.292,3.544,3.544,2.58,5.674,15.0,,3.183,,28.443,355.807,,9.258,0.05,GNSS RTK,2.475
wheat,,AGRAS T20,,1.1,0.57,0.732,20,,6,XR110015,8,,,5,5,diaphragm pump,,,T3,14.035,14.035,45.102,45.102,3.324,3.324,2.434,5.621,15.0,,3.242,,28.928,352.813,,9.009,0.05,GNSS RTK,2.475
wheat,,AGRAS T20,,1.1,0.57,0.732,20,,6,XR110015,8,,,5,5,diaphragm pump,,,T3,13.87,13.87,47.863,47.863,3.258,3.258,2.378,5.725,15.0,,3.186,,28.32,363.735,,9.169,0.05,GNSS RTK,2.475
wheat,,AGRAS T20,,1.1,0.57,0.732,20,,6,XR110015,8,,,5,5,diaphragm pump,,,T3,13.818,13.818,46.551,46.551,3.409,3.409,2.573,5.819,15.0,,3.26,,29.169,363.306,,8.936,0.05,GNSS RTK,2.475
wheat,,AGRAS T20,,1.1,0.57,0.732,20,,6,XR110015,8,,,5,5,diaphragm pump,,,T3,14.038,14.038,46.925,46.925,3.442,3.442,2.4,5.809,15.0,,3.206,,29.099,357.254,,8.944,0.05,GNSS RTK,2.475
wheat,,AGRAS T20,,1.1,0.57,0.732,20,,6,XR110015,8,,,5,5,diaphragm pump,,,T3,14.701,14.701,47.211,47.211,3.324,3.324,2.49,5.254,15.0,,3.219,,28.16,358.881,,9.089,0.05,GNSS RTK,2.475
wheat,,AGRAS T20,,1.1,0.57,0.732,20,,6,XR110015,8,,,5,5,diaphragm pump,,,T4,13.9,13.9,32.9,32.9,5.2,5.2,2.5,4.5,11.7,,2.3,,51.2,,,,0.05,GNSS RTK,1.575
wheat,,AGRAS T20,,1.1,0.57,0.732,20,,6,XR110015,8,,,5,5,diaphragm pump,,,T4,13.614,13.614,32.714,32.714,4.909,4.909,2.51,4.19,11.7,,2.272,,50.864,,,,0.05,GNSS RTK,1.575
wheat,,AGRAS T20,,1.1,0.57,0.732,20,,6,XR110015,8,,,5,5,diaphragm pump,,,T4,13.561,13.561,32.114,32.114,5.421,5.421,2.37,4.686,11.7,,2.307,,50.72,,,,0.05,GNSS RTK,1.575
wheat,,AGRAS T20,,1.1,0.57,0.732,20,,6,XR110015,8,,,5,5,diaphragm pump,,,T4,14.032,14.032,32.152,32.152,5.441,5.441,2.645,4.255,11.7,,2.264,,50.558,,,,0.05,GNSS RTK,1.575
wheat,,AGRAS T20,,1.1,0.57,0.732,20,,6,XR110015,8,,,5,5,diaphragm pump,,,T4,13.861,13.861,34.036,34.036,5.504,5.504,2.391,4.511,11.7,,2.271,,51.259,,,,0.05,GNSS RTK,1.575
wheat,,AGRAS T20,,1.1,0.57,0.732,20,,6,XR110015,8,,,5,5,diaphragm pump,,,T4,13.639,13.639,33.27,33.27,5.579,5.579,2.619,4.782,11.7,,2.292,,51.849,,,,0.05,GNSS RTK,1.575
wheat,,AGRAS T20,,1.1,0.57,0.732,20,,6,XR110015,8,,,5,5,diaphragm pump,,,T4,13.797,13.797,31.802,31.802,5.193,5.193,2.39,4.372,11.7,,2.277,,51.068,,,,0.05,GNSS RTK,1.575
wheat,,AGRAS T20,,1.1,0.57,0.732,20,,6,XR110015,8,,,5,5,diaphragm pump,,,T4,13.891,13.891,32.838,32.838,5.258,5.258,2.671,4.634,11.7,,2.34,,51.911,,,,0.05,GNSS RTK,1.575
wheat,,AGRAS T20,,1.1,0.57,0.732,20,,6,XR110015,8,,,5,5,diaphragm pump,,,T4,13.713,13.713,32.871,32.871,5.114,5.114,2.505,4.369,11.7,,2.326,,51.07,,,,0.05,GNSS RTK,1.575
wheat,,AGRAS T20,,1.1,0.57,0.732,20,,6,XR110015,8,,,5,5,diaphragm pump,,,T4,14.101,14.101,32.278,32.278,5.625,5.625,2.628,4.372,11.7,,2.345,,51.497,,,,0.05,GNSS RTK,1.575
wheat,,AGRAS T20,,1.1,0.57,0.732,20,,6,XR110015,8,,,5,5,diaphragm pump,,,T5,13.6,13.6,31.0,31.0,3.0,3.0,2.5,4.5,15.0,,5.5,,49.7,,,,0.05,GNSS RTK,2.025
wheat,,AGRAS T20,,1.1,0.57,0.732,20,,6,XR110015,8,,,5,5,diaphragm pump,,,T5,12.974,12.974,30.762,30.762,3.052,3.052,2.634,4.707,15.0,,5.539,,48.795,,,,0.05,GNSS RTK,2.025
wheat,,AGRAS T20,,1.1,0.57,0.732,20,,6,XR110015,8,,,5,5,diaphragm pump,,,T5,13.182,13.182,31.61,31.61,2.718,2.718,2.328,4.878,15.0,,5.513,,49.83,,,,0.05,GNSS RTK,2.025
wheat,,AGRAS T20,,1.1,0.57,0.732,20,,6,XR110015,8,,,5,5,diaphragm pump,,,T5,13.306,13.306,31.976,31.976,2.904,2.904,2.373,4.337,15.0,,5.547,,50.557,,,,0.05,GNSS RTK,2.025
wheat,,AGRAS T20,,1.1,0.57,0.732,20,,6,XR110015,8,,,5,5,diaphragm pump,,,T5,13.877,13.877,31.223,31.223,2.816,2.816,2.448,4.244,15.0,,5.55,,49.893,,,,0.05,GNSS RTK,2.025
wheat,,AGRAS T20,,1.1,0.57,0.732,20,,6,XR110015,8,,,5,5,diaphragm pump,,,T5,13.822,13.822,31.326,31.326,3.276,3.276,2.374,4.553,15.0,,5.552,,49.075,,,,0.05,GNSS RTK,2.025
wheat,,AGRAS T20,,1.1,0.57,0.732,20,,6,XR110015,8,,,5,5,diaphragm pump,,,T5,13.647,13.647,29.507,29.507,2.898,2.898,2.609,4.82,15.0,,5.525,,50.131,,,,0.05,GNSS RTK,2.025
wheat,,AGRAS T20,,1.1,0.57,0.732,20,,6,XR110015,8,,,5,5,diaphragm pump,,,T5,13.287,13.287,31.049,31.049,3.006,3.006,2.592,4.459,15.0,,5.513,,49.239,,,,0.05,GNSS RTK,2.025
wheat,,AGRAS T20,,1.1,0.57,0.732,20,,6,XR110015,8,,,5,5,diaphragm pump,,,T5,14.1,14.1,30.71,30.71,3.156,3.156,2.695,4.155,15.0,,5.556,,50.307,,,,0.05,GNSS RTK,2.025
wheat,,AGRAS T20,,1.1,0.57,0.732,20,,6,XR110015,8,,,5,5,diaphragm pump,,,T5,13.518,13.518,31.23,31.23,3.115,3.115,2.428,4.321,15.0,,5.579,,49.787,,,,0.05,GNSS RTK,2.025
wheat,,AGRAS T20,,1.1,0.57,0.732,20,,6,XR110015,8,,,5,5,diaphragm pump,,,T6,13.6,13.6,31.0,31.0,2.8,2.8,2.5,4.5,18.3,,4.8,,28.5,,,,0.05,GNSS RTK,2.475
wheat,,AGRAS T20,,1.1,0.57,0.732,20,,6,XR110015,8,,,5,5,diaphragm pump,,,T6,13.892,13.892,30.406,30.406,2.901,2.901,2.552,4.343,18.3,,4.749,,28.934,,,,0.05,GNSS RTK,2.475
wheat,,AGRAS T20,,1.1,0.57,0.732,20,,6,XR110015,8,,,5,5,diaphragm pump,,,T6,13.335,13.335,31.732,31.732,2.863,2.863,2.539,4.408,18.3,,4.804,,27.74,,,,0.05,GNSS RTK,2.475
wheat,,AGRAS T20,,1.1,0.57,0.732,20,,6,XR110015,8,,,5,5,diaphragm pump,,,T6,13.869,13.869,30.458,30.458,2.887,2.887,2.716,4.227,18.3,,4.838,,28.302,,,,0.05,GNSS RTK,2.475
wheat,,AGRAS T20,,1.1,0.57,0.732,20,,6,XR110015,8,,,5,5,diaphragm pump,,,T6,13.34,13.34,31.509,31.509,2.824,2.824,2.316,4.626,18.3,,4.829,,28.628,,,,0.05,GNSS RTK,2.475
wheat,,AGRAS T20,,1.1,0.57,0.732,20,,6,XR110015,8,,,5,5,diaphragm pump,,,T6,13.526,13.526,31.595,31.595,2.737,2.737,2.492,4.358,18.3,,4.833,,28.627,,,,0.05,GNSS RTK,2.475
wheat,,AGRAS T20,,1.1,0.57,0.732,20,,6,XR110015,8,,,5,5,diaphragm pump,,,T6,13.465,13.465,32.015,32.015,2.864,2.864,2.466,4.749,18.3,,4.834,,28.324,,,,0.05,GNSS RTK,2.475
wheat,,AGRAS T20,,1.1,0.57,0.732,20,,6,XR110015,8,,,5,5,diaphragm pump,,,T6,13.529,13.529,30.308,30.308,2.797,2.797,2.439,4.802,18.3,,4.762,,28.21,,,,0.05,GNSS RTK,2.475
wheat,,AGRAS T20,,1.1,0.57,0.732,20,,6,XR110015,8,,,5,5,diaphragm pump,,,T6,13.66,13.66,31.641,31.641,2.71,2.71,2.539,4.597,18.3,,4.88,,28.665,,,,0.05,GNSS RTK,2.475
wheat,,AGRAS T20,,1.1,0.57,0.732,20,,6,XR110015,8,,,5,5,diaphragm pump,,,T6,13.647,13.647,31.32,31.32,2.916,2.916,2.601,4.496,18.3,,4.876,,28.772,,,,0.05,GNSS RTK,2.475
wheat,,AGRAS T20,,1.1,0.57,0.732,20,,6,XR110015,8,,,5,5,diaphragm pump,,,T7,17.4,17.4,40.5,40.5,2.7,2.7,2.5,3.5,19.4,,6.5,,54.3,,,,0.05,GNSS RTK,2.025
wheat,,AGRAS T20,,1.1,0.57,0.732,20,,6,XR110015,8,,,5,5,diaphragm pump,,,T7,17.643,17.643,41.246,41.246,2.766,2.766,2.372,3.407,19.4,,6.549,,53.595,,,,0.05,GNSS RTK,2.025
wheat,,AGRAS T20,,1.1,0.57,0.732,20,,6,XR110015,8,,,5,5,diaphragm pump,,,T7,17.513,17.513,39.259,39.259,2.758,2.758,2.31,3.792,19.4,,6.43,,55.243,,,,0.05,GNSS RTK,2.025
wheat,,AGRAS T20,,1.1,0.57,0.732,20,,6,XR110015,8,,,5,5,diaphragm pump,,,T7,17.223,17.223,40.286,40.286,2.824,2.824,2.578,3.307,19.4,,6.48,,53.107,,,,0.05,GNSS RTK,2.025
wheat,,AGRAS T20,,1.1,0.57,0.732,20,,6,XR110015,8,,,5,5,diaphragm pump,,,T7,17.458,17.458,39.517,39.517,2.649,2.649,2.419,3.653,19.4,,6.502,,55.418,,,,0.05,GNSS RTK,2.025
wheat,,AGRAS T20,,1.1,0.57,0.732,20,,6,XR110015,8,,,5,5,diaphragm pump,,,T7,17.606,17.606,40.717,40.717,2.721,2.721,2.519,3.7,19.4,,6.496,,54.764,,,,0.05,GNSS RTK,2.025
wheat,,AGRAS T20,,1.1,0.57,0.732,20,,6,XR110015,8,,,5,5,diaphragm pump,,,T7,17.802,17.802,40.431,40.431,2.574,2.574,2.562,3.368,19.4,,6.541,,53.46,,,,0.05,GNSS RTK,2.025
wheat,,AGRAS T20,,1.1,0.57,0.732,20,,6,XR110015,8,,,5,5,diaphragm pump,,,T7,17.449,17.449,40.101,40.101,2.657,2.657,2.435,3.513,19.4,,6.394,,54.773,,,,0.05,GNSS RTK,2.025
wheat,,AGRAS T20,,1.1,0.57,0.732,20,,6,XR110015,8,,,5,5,diaphragm pump,,,T7,18.007,18.007,41.155,41.155,2.708,2.708,2.329,3.715,19.4,,6.435,,53.316,,,,0.05,GNSS RTK,2.025
wheat,,AGRAS T20,,1.1,0.57,0.732,20,,6,XR110015,8,,,5,5,diaphragm pump,,,T7,18.031,18.031,40.546,40.546,2.859,2.859,2.426,3.698,19.4,,6.4,,54.398,,,,0.05,GNSS RTK,2.025
wheat,,AGRAS T20,,1.1,0.57,0.732,20,,6,XR110015,8,,,5,5,diaphragm pump,,,T8,13.6,13.6,31.0,31.0,3.0,3.0,2.5,4.5,15.0,,5.5,,49.5,,,,0.05,GNSS RTK,2.025
wheat,,AGRAS T20,,1.1,0.57,0.732,20,,6,XR110015,8,,,5,5,diaphragm pump,,,T8,13.559,13.559,30.382,30.382,2.875,2.875,2.442,4.353,15.0,,5.51,,48.345,,,,0.05,GNSS RTK,2.025
wheat,,AGRAS T20,,1.1,0.57,0.732,20,,6,XR110015,8,,,5,5,diaphragm pump,,,T8,13.842,13.842,30.898,30.898,2.806,2.806,2.351,4.592,15.0,,5.543,,49.767,,,,0.05,GNSS RTK,2.025
wheat,,AGRAS T20,,1.1,0.57,0.732,20,,6,XR110015,8,,,5,5,diaphragm pump,,,T8,13.406,13.406,30.414,30.414,3.07,3.07,2.644,4.833,15.0,,5.472,,50.17,,,,0.05,GNSS RTK,2.025
wheat,,AGRAS T20,,1.1,0.57,0.732,20,,6,XR110015,8,,,5,5,diaphragm pump,,,T8,13.979,13.979,31.966,31.966,3.041,3.041,2.478,4.415,15.0,,5.553,,49.356,,,,0.05,GNSS RTK,2.025
wheat,,AGRAS T20,,1.1,0.57,0.732,20,,6,XR110015,8,,,5,5,diaphragm pump,,,T8,13.442,13.442,31.776,31.776,3.129,3.129,2.393,4.661,15.0,,5.423,,49.03,,,,0.05,GNSS RTK,2.025
wheat,,AGRAS T20,,1.1,0.57,0.732,20,,6,XR110015,8,,,5,5,diaphragm pump,,,T8,13.22,13.22,29.623,29.623,3.139,3.139,2.342,4.333,15.0,,5.499,,49.753,,,,0.05,GNSS RTK,2.025
wheat,,AGRAS T20,,1.1,0.57,0.732,20,,6,XR110015,8,,,5,5,diaphragm pump,,,T8,14.033,14.033,31.701,31.701,3.206,3.206,2.449,4.702,15.0,,5.487,,49.009,,,,0.05,GNSS RTK,2.025
wheat,,AGRAS T20,,1.1,0.57,0.732,20,,6,XR110015,8,,,5,5,diaphragm pump,,,T8,13.755,13.755,31.857,31.857,3.096,3.096,2.501,4.74,15.0,,5.503,,49.57,,,,0.05,GNSS RTK,2.025
wheat,,AGRAS T20,,1.1,0.57,0.732,20,,6,XR110015,8,,,5,5,diaphragm pump,,,T8,13.261,13.261,30.42,30.42,2.934,2.934,2.536,4.241,15.0,,5.525,,49.698,,,,0.05,GNSS RTK,2.025
wheat,,AGRAS T20,,1.1,0.57,0.732,20,,6,XR110015,8,,,5,5,diaphragm pump,,,T9,12.9,12.9,32.0,32.0,2.9,2.9,2.5,5.5,12.3,,2.1,,49.4,,,,0.05,GNSS RTK,2.025
wheat,,AGRAS T20,,1.1,0.57,0.732,20,,6,XR110015,8,,,5,5,diaphragm pump,,,T9,13.348,13.348,31.681,31.681,2.73,2.73,2.595,5.622,12.3,,2.096,,49.774,,,,0.05,GNSS RTK,2.025
wheat,,AGRAS T20,,1.1,0.57,0.732,20,,6,XR110015,8,,,5,5,diaphragm pump,,,T9,12.915,12.915,31.767,31.767,2.747,2.747,2.588,5.196,12.3,,2.1,,50.028,,,,0.05,GNSS RTK,2.025
wheat,,AGRAS T20,,1.1,0.57,0.732,20,,6,XR110015,8,,,5,5,diaphragm pump,,,T9,12.957,12.957,32.127,32.127,2.785,2.785,2.376,5.154,12.3,,2.102,,49.289,,,,0.05,GNSS RTK,2.025
wheat,,AGRAS T20,,1.1,0.57,0.732,20,,6,XR110015,8,,,5,5,diaphragm pump,,,T9,13.13,13.13,31.99,31.99,2.879,2.879,2.582,5.538,12.3,,2.072,,49.071,,,,0.05,GNSS RTK,2.025
wheat,,AGRAS T20,,1.1,0.57,0.732,20,,6,XR110015,8,,,5,5,diaphragm pump,,,T9,12.788,12.788,32.155,32.155,2.821,2.821,2.681,5.595,12.3,,2.061,,48.624,,,,0.05,GNSS RTK,2.025
wheat,,AGRAS T20,,1.1,0.57,0.732,20,,6,XR110015,8,,,5,5,diaphragm pump,,,T9,13.235,13.235,32.162,32.162,2.849,2.849,2.628,5.671,12.3,,2.091,,50.028,,,,0.05,GNSS RTK,2.025
wheat,,AGRAS T20,,1.1,0.57,0.732,20,,6,XR110015,8,,,5,5,diaphragm pump,,,T9,12.739,12.739,30.965,30.965,2.986,2.986,2.637,5.258,12.3,,2.06,,48.784,,,,0.05,GNSS RTK,2.025
wheat,,AGRAS T20,,1.1,0.57,0.732,20,,6,XR110015,8,,,5,5,diaphragm pump,,,T9,12.605,12.605,31.233,31.233,2.844,2.844,2.536,5.662,12.3,,2.081,,49.71,,,,0.05,GNSS RTK,2.025
wheat,,AGRAS T20,,1.1,0.57,0.732,20,,6,XR110015,8,,,5,5,diaphragm pump,,,T9,12.954,12.954,31.838,31.838,3.097,3.097,2.542,5.531,12.3,,2.082,,49.171,,,,0.05,GNSS RTK,2.025
