model.dimensions.length,model.dimensions.width,model.dimensions.height,model.tank_volume,model.rotors.number,model.nozzles.number,model.swath_width.min,model.swath_width.max,experiment.weather.temperature.min,experiment.weather.temperature.max,experiment.weather.humidity.min,experiment.weather.humidity.max,experiment.weather.velocity.min,experiment.weather.velocity.max,experiment.params.height,experiment.params.flight_speed,experiment.params.spray_volume,plant.name_tea,plant.name_wheat,model.name_AGRAS T20,model.name_AGRAS T30,model.name_AGRAS T40,model.nozzles.type_LX8060SZ,model.nozzles.type_SX11001VS,model.nozzles.type_XR110015,model.water_pump.type_diaphragm pump,model.water_pump.type_magnetic drive impeller pump,model.water_pump.type_plunger pump,experiment.name_H1-S1-V1,experiment.name_H1-S1-V1-D2,experiment.name_H1-S1-V2,experiment.name_H1-S1-V2-D2,experiment.name_H1-S1-V3,experiment.name_H1-S1-V3-D2,experiment.name_H1-S2-V1,experiment.name_H1-S2-V2-D2,experiment.name_H2-S1-V1,experiment.name_H2-S1-V1-D2,experiment.name_H2-S1-V2,experiment.name_H2-S1-V2-D1,experiment.name_H2-S1-V2-D2,experiment.name_H2-S1-V2-D3,experiment.name_H2-S1-V3,experiment.name_H2-S1-V3-D2,experiment.name_H2-S2-V2-D2,experiment.name_H3-S1-V1,experiment.name_H3-S1-V1-D2,experiment.name_H3-S1-V2,experiment.name_H3-S1-V2-D2,experiment.name_H3-S1-V3,experiment.name_H3-S1-V3-D2,experiment.name_H3-S2-V2-D2,experiment.name_T1,experiment.name_T2,experiment.name_T3,experiment.name_T4,experiment.name_T5,experiment.name_T6,experiment.name_T7,experiment.name_T8,experiment.name_T9,experiment.params.atomization_diameter_coarse,experiment.params.atomization_diameter_fine,experiment.params.atomization_diameter_medium,experiment.params.atomization_diameter_off,experiment.results.droplet_size.value
0.9328336072338739,0.615255279783256,0.866025403784441,0.10976425998969036,-0.7071067811865478,1.5513635445745924,-0.9138675629117188,0.39335919691868326,0.8435453211098412,0.855380886809144,0.777060746946788,0.8553236253664486,-0.8097966361768278,-0.7048541591035241,-1.0137932888620733,2.9249644005619677,-0.5682135974437843,1.0,0.0,0.0,1.0,0.0,0.0,1.0,0.0,0.0,0.0,1.0,0.0,0.0,0.0,0.0,0.0,0.0,1.0,0.0,0.0,0.0,0.0,0.0,0.0,0.0,0.0,0.0,0.0,0.0,0.0,0.0,0.0,0.0,0.0,0.0,0.0,0.0,0.0,0.0,0.0,0.0,0.0,0.0,0.0,0.0,0.0,0.0,1.0,-1.291412734977837
0.9328336072338739,0.615255279783256,0.866025403784441,0.10976425998969036,-0.7071067811865478,1.5513635445745924,-0.9138675629117188,0.39335919691868326,0.6689283183136943,0.9135273654777429,0.7312214878751138,0.7247335172486721,-0.8117216314821439,-0.7515135118192314,-1.0502456540461742,3.0952749833105493,-0.5147986517130024,1.0,0.0,0.0,1.0,0.0,0.0,1.0,0.0,0.0,0.0,1.0,0.0,0.0,0.0,0.0,0.0,0.0,1.0,0.0,0.0,0.0,0.0,0.0,0.0,0.0,0.0,0.0,0.0,0.0,0.0,0.0,0.0,0.0,0.0,0.0,0.0,0.0,0.0,0.0,0.0,0.0,0.0,0.0,0.0,0.0,0.0,0.0,1.0,-1.3495532485747894
0.9328336072338739,0.615255279783256,0.866025403784441,0.10976425998969036,-0.7071067811865478,1.5513635445745924,-0.9138675629117188,0.39335919691868326,0.8116356150151143,0.7936816701363537,0.5807949537950784,0.8267784744607044,-0.8117216314821439,-0.7409091134747525,-1.031526871924609,3.2392391775676375,-0.5957613564452462,1.0,0.0,0.0,1.0,0.0,0.0,1.0,0.0,0.0,0.0,1.0,0.0,0.0,0.0,0.0,0.0,0.0,1.0,0.0,0.0,0.0,0.0,0.0,0.0,0.0,0.0,0.0,0.0,0.0,0.0,0.0,0.0,0.0,0.0,0.0,0.0,0.0,0.0,0.0,0.0,0.0,0.0,0.0,0.0,0.0,0.0,0.0,1.0,-1.3003222232855307
0.9328336072338739,0.615255279783256,0.866025403784441,0.10976425998969036,-0.7071067811865478,1.5513635445745924,-0.9138675629117188,0.39335919691868326,0.8683639814057399,0.8325249389821794,0.6755030781414403,0.8356955363887464,-0.8174966173980923,-0.7812058271837725,-1.140883967476912,3.2938138394428744,-0.6149062540859983,1.0,0.0,0.0,1.0,0.0,0.0,1.0,0.0,0.0,0.0,1.0,0.0,0.0,0.0,0.0,0.0,0.0,1.0,0.0,0.0,0.0,0.0,0.0,0.0,0.0,0.0,0.0,0.0,0.0,0.0,0.0,0.0,0.0,0.0,0.0,0.0,0.0,0.0,0.0,0.0,0.0,0.0,0.0,0.0,0.0,0.0,0.0,1.0,-1.2021805481427352
0.9328336072338739,0.615255279783256,0.866025403784441,0.10976425998969036,-0.7071067811865478,1.5513635445745924,-0.9138675629117188,0.39335919691868326,0.7108098075630239,0.8367882245872091,0.8306716045392343,0.7417234222239943,-0.814288291889232,-0.5563925822808193,-1.1310319768866144,3.3220421128266167,-0.5442767977838165,1.0,0.0,0.0,1.0,0.0,0.0,1.0,0.0,0.0,0.0,1.0,0.0,0.0,0.0,0.0,0.0,0.0,1.0,0.0,0.0,0.0,0.0,0.0,0.0,0.0,0.0,0.0,0.0,0.0,0.0,0.0,0.0,0.0,0.0,0.0,0.0,0.0,0.0,0.0,0.0,0.0,0.0,0.0,0.0,0.0,0.0,0.0,1.0,-1.2726478880284142
0.9328336072338739,0.615255279783256,0.866025403784441,0.10976425998969036,-0.7071067811865478,1.5513635445745924,-0.9138675629117188,0.39335919691868326,0.8435453211098412,0.855380886809144,0.777060746946788,0.8553236253664486,-0.8097966361768278,-0.7048541591035241,-1.0137932888620733,-0.8388053839370748,-0.5682135974437843,1.0,0.0,0.0,1.0,0.0,0.0,1.0,0.0,0.0,0.0,1.0,1.0,0.0,0.0,0.0,0.0,0.0,0.0,0.0,0.0,0.0,0.0,0.0,0.0,0.0,0.0,0.0,0.0,0.0,0.0,0.0,0.0,0.0,0.0,0.0,0.0,0.0,0.0,0.0,0.0,0.0,0.0,0.0,0.0,0.0,0.0,0.0,1.0,-0.8764502658523843
0.9328336072338739,0.615255279783256,0.866025403784441,0.10976425998969036,-0.7071067811865478,1.5513635445745924,-0.9138675629117188,0.39335919691868326,0.7715268872154915,0.7399169016729241,1.0156093049318522,0.9168460763019344,-0.8072299757697396,-0.7239420761235862,-1.0453196587510256,-0.9705373263945415,-0.5795006841904673,1.0,0.0,0.0,1.0,0.0,0.0,1.0,0.0,0.0,0.0,1.0,1.0,0.0,0.0,0.0,0.0,0.0,0.0,0.0,0.0,0.0,0.0,0.0,0.0,0.0,0.0,0.0,0.0,0.0,0.0,0.0,0.0,0.0,0.0,0.0,0.0,0.0,0.0,0.0,0.0,0.0,0.0,0.0,0.0,0.0,0.0,0.0,1.0,-0.7787815258766064
0.9328336072338739,0.615255279783256,0.866025403784441,0.10976425998969036,-0.7071067811865478,1.5513635445745924,-0.9138675629117188,0.39335919691868326,0.8665912199560329,0.7794707181195885,0.7773241909644416,0.9556273811369105,-0.8059466455661957,-0.6422882088710986,-0.9615777387334963,-0.7381245422017253,-0.5651249781328207,1.0,0.0,0.0,1.0,0.0,0.0,1.0,0.0,0.0,0.0,1.0,1.0,0.0,0.0,0.0,0.0,0.0,0.0,0.0,0.0,0.0,0.0,0.0,0.0,0.0,0.0,0.0,0.0,0.0,0.0,0.0,0.0,0.0,0.0,0.0,0.0,0.0,0.0,0.0,0.0,0.0,0.0,0.0,0.0,0.0,0.0,0.0,1.0,-0.8978696521263598
0.9328336072338739,0.615255279783256,0.866025403784441,0.10976425998969036,-0.7071067811865478,1.5513635445745924,-0.9138675629117188,0.39335919691868326,0.7622198896045289,1.0230701206069768,0.9166860763030379,0.862446722172873,-0.81364662678746,-0.7207607566202426,-0.9950745067405078,-0.9244311465344283,-0.513572288163061,1.0,0.0,0.0,1.0,0.0,0.0,1.0,0.0,0.0,0.0,1.0,1.0,0.0,0.0,0.0,0.0,0.0,0.0,0.0,0.0,0.0,0.0,0.0,0.0,0.0,0.0,0.0,0.0,0.0,0.0,0.0,0.0,0.0,0.0,0.0,0.0,0.0,0.0,0.0,0.0,0.0,0.0,0.0,0.0,0.0,0.0,0.0,1.0,-0.8885024846247778
0.9328336072338739,0.615255279783256,0.866025403784441,0.10976425998969036,-0.7071067811865478,1.5513635445745924,-0.9138675629117188,0.39335919691868326,0.7292022076037353,0.7999581739437586,0.9768830343368172,1.0123483371880662,-0.7995299945484753,-0.7833267068526683,-0.9881781133272999,-1.0100569091317813,-0.6009166254422221,1.0,0.0,0.0,1.0,0.0,0.0,1.0,0.0,0.0,0.0,1.0,1.0,0.0,0.0,0.0,0.0,0.0,0.0,0.0,0.0,0.0,0.0,0.0,0.0,0.0,0.0,0.0,0.0,0.0,0.0,0.0,0.0,0.0,0.0,0.0,0.0,0.0,0.0,0.0,0.0,0.0,0.0,0.0,0.0,0.0,0.0,0.0,1.0,-0.8350760667248756
0.9328336072338739,0.615255279783256,0.866025403784441,0.10976425998969036,-0.7071067811865478,1.5513635445745924,-0.9138675629117188,0.39335919691868326,0.8435453211098412,0.855380886809144,0.777060746946788,0.8553236253664486,-0.8097966361768278,-0.7048541591035241,0.4640052996825622,-0.8388053839370748,-0.5682135974437843,1.0,0.0,0.0,1.0,0.0,0.0,1.0,0.0,0.0,0.0,1.0,0.0,0.0,0.0,0.0,0.0,0.0,0.0,0.0,1.0,0.0,0.0,0.0,0.0,0.0,0.0,0.0,0.0,0.0,0.0,0.0,0.0,0.0,0.0,0.0,0.0,0.0,0.0,0.0,0.0,0.0,0.0,0.0,0.0,0.0,0.0,0.0,1.0,-1.0885082923539946
0.9328336072338739,0.615255279783256,0.866025403784441,0.10976425998969036,-0.7071067811865478,1.5513635445745924,-0.9138675629117188,0.39335919691868326,0.8987225212319736,0.9561602215280394,0.6232094406372602,0.7774444336162107,-0.8162132871945482,-0.7419695533092006,0.4758276883909193,-0.79834485875371,-0.598236793981239,1.0,0.0,0.0,1.0,0.0,0.0,1.0,0.0,0.0,0.0,1.0,0.0,0.0,0.0,0.0,0.0,0.0,0.0,0.0,1.0,0.0,0.0,0.0,0.0,0.0,0.0,0.0,0.0,0.0,0.0,0.0,0.0,0.0,0.0,0.0,0.0,0.0,0.0,0.0,0.0,0.0,0.0,0.0,0.0,0.0,0.0,0.0,1.0,-1.0809413296817068
0.9328336072338739,0.615255279783256,0.866025403784441,0.10976425998969036,-0.7071067811865478,1.5513635445745924,-0.9138675629117188,0.39335919691868326,0.9164501357290448,0.8365513753869299,0.9609446712687922,0.8967958778838517,-0.8130049616856879,-0.7462113126469921,0.13494881396662328,-0.7607071609087195,-0.5816354651848098,1.0,0.0,0.0,1.0,0.0,0.0,1.0,0.0,0.0,0.0,1.0,0.0,0.0,0.0,0.0,0.0,0.0,0.0,0.0,1.0,0.0,0.0,0.0,0.0,0.0,0.0,0.0,0.0,0.0,0.0,0.0,0.0,0.0,0.0,0.0,0.0,0.0,0.0,0.0,0.0,0.0,0.0,0.0,0.0,0.0,0.0,0.0,1.0,-1.04264883712638
0.9328336072338739,0.615255279783256,0.866025403784441,0.10976425998969036,-0.7071067811865478,1.5513635445745924,-0.9138675629117188,0.39335919691868326,1.0270261311545232,0.9334226983012145,0.8605725005428845,0.8105800246860951,-0.8187799476016363,-0.6794036030767747,0.33001822765451516,-0.9564231897026699,-0.5347611250537155,1.0,0.0,0.0,1.0,0.0,0.0,1.0,0.0,0.0,0.0,1.0,0.0,0.0,0.0,0.0,0.0,0.0,0.0,0.0,1.0,0.0,0.0,0.0,0.0,0.0,0.0,0.0,0.0,0.0,0.0,0.0,0.0,0.0,0.0,0.0,0.0,0.0,0.0,0.0,0.0,0.0,0.0,0.0,0.0,0.0,0.0,0.0,1.0,-1.0757542988176385
0.9328336072338739,0.615255279783256,0.866025403784441,0.10976425998969036,-0.7071067811865478,1.5513635445745924,-0.9138675629117188,0.39335919691868326,0.8663696247748202,0.7898920829318828,0.6652287614529621,1.0236397647182498,-0.8130049616856879,-0.6359255698644112,0.6245927463044124,-0.771057527816092,-0.5878581246789569,1.0,0.0,0.0,1.0,0.0,0.0,1.0,0.0,0.0,0.0,1.0,0.0,0.0,0.0,0.0,0.0,0.0,0.0,0.0,1.0,0.0,0.0,0.0,0.0,0.0,0.0,0.0,0.0,0.0,0.0,0.0,0.0,0.0,0.0,0.0,0.0,0.0,0.0,0.0,0.0,0.0,0.0,0.0,0.0,0.0,0.0,0.0,1.0,-1.0595677113271198
0.9328336072338739,0.615255279783256,0.866025403784441,0.10976425998969036,-0.7071067811865478,1.5513635445745924,-0.9138675629117188,0.39335919691868326,0.8435453211098412,0.855380886809144,0.777060746946788,0.8553236253664486,-0.8097966361768278,-0.7048541591035241,1.9418038882271977,-0.8388053839370748,-0.5682135974437843,1.0,0.0,0.0,1.0,0.0,0.0,1.0,0.0,0.0,0.0,1.0,0.0,0.0,0.0,0.0,0.0,0.0,0.0,0.0,0.0,0.0,0.0,0.0,0.0,0.0,0.0,0.0,0.0,1.0,0.0,0.0,0.0,0.0,0.0,0.0,0.0,0.0,0.0,0.0,0.0,0.0,0.0,0.0,0.0,0.0,0.0,0.0,1.0,-1.0427403729651579
0.9328336072338739,0.615255279783256,0.866025403784441,0.10976425998969036,-0.7071067811865478,1.5513635445745924,-0.9138675629117188,0.39335919691868326,0.9468086755552785,0.7496277188843806,0.7266112175661804,0.793695647070867,-0.8046633153626516,-0.8119585823827613,1.698459720646848,-0.664731031403994,-0.5281750985818079,1.0,0.0,0.0,1.0,0.0,0.0,1.0,0.0,0.0,0.0,1.0,0.0,0.0,0.0,0.0,0.0,0.0,0.0,0.0,0.0,0.0,0.0,0.0,0.0,0.0,0.0,0.0,0.0,1.0,0.0,0.0,0.0,0.0,0.0,0.0,0.0,0.0,0.0,0.0,0.0,0.0,0.0,0.0,0.0,0.0,0.0,0.0,1.0,-1.096075255026282
0.9328336072338739,0.615255279783256,0.866025403784441,0.10976425998969036,-0.7071067811865478,1.5513635445745924,-0.9138675629117188,0.39335919691868326,0.7839362173634412,0.7032052756296133,0.5398294090499901,0.7384520740610441,-0.8065883106679675,-0.8374091384095107,2.0531313818975607,-0.850096693290572,-0.6088879885168413,1.0,0.0,0.0,1.0,0.0,0.0,1.0,0.0,0.0,0.0,1.0,0.0,0.0,0.0,0.0,0.0,0.0,0.0,0.0,0.0,0.0,0.0,0.0,0.0,0.0,0.0,0.0,0.0,1.0,0.0,0.0,0.0,0.0,0.0,0.0,0.0,0.0,0.0,0.0,0.0,0.0,0.0,0.0,0.0,0.0,0.0,0.0,1.0,-1.0282471984920258
0.9328336072338739,0.615255279783256,0.866025403784441,0.10976425998969036,-0.7071067811865478,1.5513635445745924,-0.9138675629117188,0.39335919691868326,0.9339561550449023,0.7484434728829837,0.5994994790484631,0.882233102190718,-0.8033799851591075,-0.7143981176135553,1.6501849667543895,-0.7785850673850901,-0.5668055504049626,1.0,0.0,0.0,1.0,0.0,0.0,1.0,0.0,0.0,0.0,1.0,0.0,0.0,0.0,0.0,0.0,0.0,0.0,0.0,0.0,0.0,0.0,0.0,0.0,0.0,0.0,0.0,0.0,1.0,0.0,0.0,0.0,0.0,0.0,0.0,0.0,0.0,0.0,0.0,0.0,0.0,0.0,0.0,0.0,0.0,0.0,0.0,1.0,-1.0282929664114149
0.9328336072338739,0.615255279783256,0.866025403784441,0.10976425998969036,-0.7071067811865478,1.5513635445745924,-0.9138675629117188,0.39335919691868326,1.064697311960799,0.7897736583317435,0.5923864905718238,0.7792383987378291,-0.81364662678746,-0.8268047400650318,1.7102821093552045,-0.9884152328709116,-0.5679864930826839,1.0,0.0,0.0,1.0,0.0,0.0,1.0,0.0,0.0,0.0,1.0,0.0,0.0,0.0,0.0,0.0,0.0,0.0,0.0,0.0,0.0,0.0,0.0,0.0,0.0,0.0,0.0,0.0,1.0,0.0,0.0,0.0,0.0,0.0,0.0,0.0,0.0,0.0,0.0,0.0,0.0,0.0,0.0,0.0,0.0,0.0,0.0,1.0,-1.011419860130064
0.9328336072338739,0.615255279783256,0.866025403784441,0.10976425998969036,-0.7071067811865478,1.5513635445745924,-0.9138675629117188,0.39335919691868326,0.8435453211098412,0.855380886809144,0.777060746946788,0.8553236253664486,-0.8097966361768278,-0.7048541591035241,-1.0137932888620733,-0.8388053839370748,0.1130994858570048,1.0,0.0,0.0,1.0,0.0,0.0,1.0,0.0,0.0,0.0,1.0,0.0,0.0,1.0,0.0,0.0,0.0,0.0,0.0,0.0,0.0,0.0,0.0,0.0,0.0,0.0,0.0,0.0,0.0,0.0,0.0,0.0,0.0,0.0,0.0,0.0,0.0,0.0,0.0,0.0,0.0,0.0,0.0,0.0,0.0,0.0,0.0,1.0,-0.5255628838713022
0.9328336072338739,0.615255279783256,0.866025403784441,0.10976425998969036,-0.7071067811865478,1.5513635445745924,-0.9138675629117188,0.39335919691868326,0.8397782030292138,0.7624175756994697,0.9598908951981787,0.8200247234146133,-0.8149299569910041,-0.6794036030767747,-1.0935944126434836,-0.967714499056167,0.14271389454447914,1.0,0.0,0.0,1.0,0.0,0.0,1.0,0.0,0.0,0.0,1.0,0.0,0.0,1.0,0.0,0.0,0.0,0.0,0.0,0.0,0.0,0.0,0.0,0.0,0.0,0.0,0.0,0.0,0.0,0.0,0.0,0.0,0.0,0.0,0.0,0.0,0.0,0.0,0.0,0.0,0.0,0.0,0.0,0.0,0.0,0.0,0.0,1.0,-0.568386400446124
0.9328336072338739,0.615255279783256,0.866025403784441,0.10976425998969036,-0.7071067811865478,1.5513635445745924,-0.9138675629117188,0.39335919691868326,0.8610513404256986,0.8639074580192033,0.7833834033704674,0.7619319116822205,-0.8065883106679675,-0.7536343914881273,-0.9497553500251392,-0.9432499954569235,0.11671044519849896,1.0,0.0,0.0,1.0,0.0,0.0,1.0,0.0,0.0,0.0,1.0,0.0,0.0,1.0,0.0,0.0,0.0,0.0,0.0,0.0,0.0,0.0,0.0,0.0,0.0,0.0,0.0,0.0,0.0,0.0,0.0,0.0,0.0,0.0,0.0,0.0,0.0,0.0,0.0,0.0,0.0,0.0,0.0,0.0,0.0,0.0,0.0,1.0,-0.48220540823694447
0.9328336072338739,0.615255279783256,0.866025403784441,0.10976425998969036,-0.7071067811865478,1.5513635445745924,-0.9138675629117188,0.39335919691868326,0.727872636516455,0.8922109374525947,0.8073568089769172,0.9491374484910579,-0.8104383012785998,-0.6507717275466818,-1.1280763797095252,-0.7654118731393437,0.11060133788490192,1.0,0.0,0.0,1.0,0.0,0.0,1.0,0.0,0.0,0.0,1.0,0.0,0.0,1.0,0.0,0.0,0.0,0.0,0.0,0.0,0.0,0.0,0.0,0.0,0.0,0.0,0.0,0.0,0.0,0.0,0.0,0.0,0.0,0.0,0.0,0.0,0.0,0.0,0.0,0.0,0.0,0.0,0.0,0.0,0.0,0.0,0.0,1.0,-0.5430309731047088
0.9328336072338739,0.615255279783256,0.866025403784441,0.10976425998969036,-0.7071067811865478,1.5513635445745924,-0.9138675629117188,0.39335919691868326,0.9341777502261152,0.9669368601407534,0.9762244242926836,0.835220663268318,-0.8065883106679675,-0.7907497856938036,-1.130046777827585,-0.7832897796157138,0.2113902533411987,1.0,0.0,0.0,1.0,0.0,0.0,1.0,0.0,0.0,0.0,1.0,0.0,0.0,1.0,0.0,0.0,0.0,0.0,0.0,0.0,0.0,0.0,0.0,0.0,0.0,0.0,0.0,0.0,0.0,0.0,0.0,0.0,0.0,0.0,0.0,0.0,0.0,0.0,0.0,0.0,0.0,0.0,0.0,0.0,0.0,0.0,0.0,1.0,-0.5436564680030229
0.9328336072338739,0.615255279783256,0.866025403784441,0.10976425998969036,-0.7071067811865478,1.5513635445745924,-0.9138675629117188,0.39335919691868326,0.8435453211098412,0.855380886809144,0.777060746946788,0.8553236253664486,-0.8097966361768278,-0.7048541591035241,0.4640052996825622,-0.8388053839370748,0.1130994858570048,1.0,0.0,0.0,1.0,0.0,0.0,1.0,0.0,0.0,0.0,1.0,0.0,0.0,0.0,0.0,0.0,0.0,0.0,0.0,0.0,0.0,1.0,0.0,0.0,0.0,0.0,0.0,0.0,0.0,0.0,0.0,0.0,0.0,0.0,0.0,0.0,0.0,0.0,0.0,0.0,0.0,0.0,0.0,0.0,0.0,0.0,0.0,1.0,-0.6369314877174718
0.9328336072338739,0.615255279783256,0.866025403784441,0.10976425998969036,-0.7071067811865478,1.5513635445745924,-0.9138675629117188,0.39335919691868326,0.7888113113501353,0.7981818049416628,0.6357230314757919,0.8001328160366726,-0.814288291889232,-0.6274420511888281,0.5940515754744903,-0.7691756429238427,0.09011652451365817,1.0,0.0,0.0,1.0,0.0,0.0,1.0,0.0,0.0,0.0,1.0,0.0,0.0,0.0,0.0,0.0,0.0,0.0,0.0,0.0,0.0,1.0,0.0,0.0,0.0,0.0,0.0,0.0,0.0,0.0,0.0,0.0,0.0,0.0,0.0,0.0,0.0,0.0,0.0,0.0,0.0,0.0,0.0,0.0,0.0,0.0,0.0,1.0,-0.6317139449071446
0.9328336072338739,0.615255279783256,0.866025403784441,0.10976425998969036,-0.7071067811865478,1.5513635445745924,-0.9138675629117188,0.39335919691868326,0.8315791813243187,0.9484626225189583,0.6305858731315523,0.8388613571916017,-0.8149299569910041,-0.7578761508259189,0.5418360253459132,-0.7785850673850901,0.15007207584412763,1.0,0.0,0.0,1.0,0.0,0.0,1.0,0.0,0.0,0.0,1.0,0.0,0.0,0.0,0.0,0.0,0.0,0.0,0.0,0.0,0.0,1.0,0.0,0.0,0.0,0.0,0.0,0.0,0.0,0.0,0.0,0.0,0.0,0.0,0.0,0.0,0.0,0.0,0.0,0.0,0.0,0.0,0.0,0.0,0.0,0.0,0.0,1.0,-0.6275948321621496
0.9328336072338739,0.615255279783256,0.866025403784441,0.10976425998969036,-0.7071067811865478,1.5513635445745924,-0.9138675629117188,0.39335919691868326,0.9319617984139817,0.9521337851232893,0.9974316677137746,0.9518283961734841,-0.8014549898537913,-0.6391068893677551,0.4245973373213719,-0.7277741752943532,0.12388694300926732,1.0,0.0,0.0,1.0,0.0,0.0,1.0,0.0,0.0,0.0,1.0,0.0,0.0,0.0,0.0,0.0,0.0,0.0,0.0,0.0,0.0,1.0,0.0,0.0,0.0,0.0,0.0,0.0,0.0,0.0,0.0,0.0,0.0,0.0,0.0,0.0,0.0,0.0,0.0,0.0,0.0,0.0,0.0,0.0,0.0,0.0,0.0,1.0,-0.6775581441616293
0.9328336072338739,0.615255279783256,0.866025403784441,0.10976425998969036,-0.7071067811865478,1.5513635445745924,-0.9138675629117188,0.39335919691868326,0.9463654851928512,0.9620814515350251,0.8400238671659271,0.9950418501324577,-0.8046633153626516,-0.6942497607590452,0.4640052996825622,-0.8105771105533321,0.1899516016533338,1.0,0.0,0.0,1.0,0.0,0.0,1.0,0.0,0.0,0.0,1.0,0.0,0.0,0.0,0.0,0.0,0.0,0.0,0.0,0.0,0.0,1.0,0.0,0.0,0.0,0.0,0.0,0.0,0.0,0.0,0.0,0.0,0.0,0.0,0.0,0.0,0.0,0.0,0.0,0.0,0.0,0.0,0.0,0.0,0.0,0.0,0.0,1.0,-0.6527824437991387
0.9328336072338739,0.615255279783256,0.866025403784441,0.10976425998969036,-0.7071067811865478,1.5513635445745924,-0.9138675629117188,0.39335919691868326,0.8435453211098412,0.855380886809144,0.777060746946788,0.8553236253664486,-0.8097966361768278,-0.7048541591035241,1.9418038882271977,-0.8388053839370748,0.1130994858570048,1.0,0.0,0.0,1.0,0.0,0.0,1.0,0.0,0.0,0.0,1.0,0.0,0.0,0.0,0.0,0.0,0.0,0.0,0.0,0.0,0.0,0.0,0.0,0.0,0.0,0.0,0.0,0.0,0.0,0.0,1.0,0.0,0.0,0.0,0.0,0.0,0.0,0.0,0.0,0.0,0.0,0.0,0.0,0.0,0.0,0.0,0.0,1.0,-0.701006574861843
0.9328336072338739,0.615255279783256,0.866025403784441,0.10976425998969036,-0.7071067811865478,1.5513635445745924,-0.9138675629117188,0.39335919691868326,0.9479166514613452,0.8541966408077467,0.7184444530189285,0.936737983679875,-0.8091549710750557,-0.7589365906603668,1.581221032622307,-0.9140807796270558,0.16628732722668638,1.0,0.0,0.0,1.0,0.0,0.0,1.0,0.0,0.0,0.0,1.0,0.0,0.0,0.0,0.0,0.0,0.0,0.0,0.0,0.0,0.0,0.0,0.0,0.0,0.0,0.0,0.0,0.0,0.0,0.0,1.0,0.0,0.0,0.0,0.0,0.0,0.0,0.0,0.0,0.0,0.0,0.0,0.0,0.0,0.0,0.0,0.0,1.0,-0.6490447303823845
0.9328336072338739,0.615255279783256,0.866025403784441,0.10976425998969036,-0.7071067811865478,1.5513635445745924,-0.9138675629117188,0.39335919691868326,0.9425983671122238,0.8197350821670908,0.8397604231482735,0.8751100053842935,-0.8014549898537913,-0.7631783499981584,1.8807215465673526,-0.8660927148746929,0.09711133883554628,1.0,0.0,0.0,1.0,0.0,0.0,1.0,0.0,0.0,0.0,1.0,0.0,0.0,0.0,0.0,0.0,0.0,0.0,0.0,0.0,0.0,0.0,0.0,0.0,0.0,0.0,0.0,0.0,0.0,0.0,1.0,0.0,0.0,0.0,0.0,0.0,0.0,0.0,0.0,0.0,0.0,0.0,0.0,0.0,0.0,0.0,0.0,1.0,-0.6132542174203142
0.9328336072338739,0.615255279783256,0.866025403784441,0.10976425998969036,-0.7071067811865478,1.5513635445745924,-0.9138675629117188,0.39335919691868326,0.7329693256843627,0.9497652931204951,0.6733955260002141,0.9899237731678421,-0.8085133059732837,-0.8002937442038346,1.8787511484492934,-0.7691756429238427,0.12790669020074197,1.0,0.0,0.0,1.0,0.0,0.0,1.0,0.0,0.0,0.0,1.0,0.0,0.0,0.0,0.0,0.0,0.0,0.0,0.0,0.0,0.0,0.0,0.0,0.0,0.0,0.0,0.0,0.0,0.0,0.0,1.0,0.0,0.0,0.0,0.0,0.0,0.0,0.0,0.0,0.0,0.0,0.0,0.0,0.0,0.0,0.0,0.0,1.0,-0.7161862681258072
0.9328336072338739,0.615255279783256,0.866025403784441,0.10976425998969036,-0.7071067811865478,1.5513635445745924,-0.9138675629117188,0.39335919691868326,0.8973929501446932,0.9412387219104359,0.6719465839031206,0.7819293464202554,-0.8053049804644236,-0.7462113126469921,1.7378676830080382,-0.8482148083983222,0.09924611982988878,1.0,0.0,0.0,1.0,0.0,0.0,1.0,0.0,0.0,0.0,1.0,0.0,0.0,0.0,0.0,0.0,0.0,0.0,0.0,0.0,0.0,0.0,0.0,0.0,0.0,0.0,0.0,0.0,0.0,0.0,1.0,0.0,0.0,0.0,0.0,0.0,0.0,0.0,0.0,0.0,0.0,0.0,0.0,0.0,0.0,0.0,0.0,1.0,-0.712829954037293
0.9328336072338739,0.615255279783256,0.866025403784441,0.10976425998969036,-0.7071067811865478,1.5513635445745924,-0.9138675629117188,0.39335919691868326,0.8435453211098412,0.855380886809144,0.777060746946788,0.8553236253664486,-0.8097966361768278,-0.7048541591035241,-1.0137932888620733,-0.8388053839370748,0.7944125691577939,1.0,0.0,0.0,1.0,0.0,0.0,1.0,0.0,0.0,0.0,1.0,0.0,0.0,0.0,0.0,1.0,0.0,0.0,0.0,0.0,0.0,0.0,0.0,0.0,0.0,0.0,0.0,0.0,0.0,0.0,0.0,0.0,0.0,0.0,0.0,0.0,0.0,0.0,0.0,0.0,0.0,0.0,0.0,0.0,0.0,0.0,0.0,1.0,-0.4797949644824655
0.9328336072338739,0.615255279783256,0.866025403784441,0.10976425998969036,-0.7071067811865478,1.5513635445745924,-0.9138675629117188,0.39335919691868326,0.6345810652256195,0.9272646190939495,0.9713507099660977,0.9766273257958505,-0.8097966361768278,-0.6571343665533691,-1.099505606997662,-1.019466333593029,0.8252760518313195,1.0,0.0,0.0,1.0,0.0,0.0,1.0,0.0,0.0,0.0,1.0,0.0,0.0,0.0,0.0,1.0,0.0,0.0,0.0,0.0,0.0,0.0,0.0,0.0,0.0,0.0,0.0,0.0,0.0,0.0,0.0,0.0,0.0,0.0,0.0,0.0,0.0,0.0,0.0,0.0,0.0,0.0,0.0,0.0,0.0,0.0,0.0,1.0,-0.54731790155413
0.9328336072338739,0.615255279783256,0.866025403784441,0.10976425998969036,-0.7071067811865478,1.5513635445745924,-0.9138675629117188,0.39335919691868326,0.7351852774964961,0.9360280395042885,0.76362510204647,0.8769039705059118,-0.8117216314821439,-0.5903266569831519,-1.0935944126434836,-0.6402665278047505,0.8316349739421268,1.0,0.0,0.0,1.0,0.0,0.0,1.0,0.0,0.0,0.0,1.0,0.0,0.0,0.0,0.0,1.0,0.0,0.0,0.0,0.0,0.0,0.0,0.0,0.0,0.0,0.0,0.0,0.0,0.0,0.0,0.0,0.0,0.0,0.0,0.0,0.0,0.0,0.0,0.0,0.0,0.0,0.0,0.0,0.0,0.0,0.0,0.0,1.0,-0.4107464300978412
0.9328336072338739,0.615255279783256,0.866025403784441,0.10976425998969036,-0.7071067811865478,1.5513635445745924,-0.9138675629117188,0.39335919691868326,0.9359505116758228,0.9701343243445257,0.7148879587806087,0.9335193991969719,-0.8046633153626516,-0.7387882338058568,-0.8216794723512709,-0.9893561753170367,0.6949862798680987,1.0,0.0,0.0,1.0,0.0,0.0,1.0,0.0,0.0,0.0,1.0,0.0,0.0,0.0,0.0,1.0,0.0,0.0,0.0,0.0,0.0,0.0,0.0,0.0,0.0,0.0,0.0,0.0,0.0,0.0,0.0,0.0,0.0,0.0,0.0,0.0,0.0,0.0,0.0,0.0,0.0,0.0,0.0,0.0,0.0,0.0,0.0,1.0,-0.3989383068955213
0.9328336072338739,0.615255279783256,0.866025403784441,0.10976425998969036,-0.7071067811865478,1.5513635445745924,-0.9138675629117188,0.39335919691868326,0.7203384003551994,0.7632465479004478,0.6366450855375781,0.733650579176714,-0.8059466455661957,-0.5860848976453603,-0.9339921650806631,-0.850096693290572,0.6801336546521416,1.0,0.0,0.0,1.0,0.0,0.0,1.0,0.0,0.0,0.0,1.0,0.0,0.0,0.0,0.0,1.0,0.0,0.0,0.0,0.0,0.0,0.0,0.0,0.0,0.0,0.0,0.0,0.0,0.0,0.0,0.0,0.0,0.0,0.0,0.0,0.0,0.0,0.0,0.0,0.0,0.0,0.0,0.0,0.0,0.0,0.0,0.0,1.0,-0.45886376934863815
0.9328336072338739,0.615255279783256,0.866025403784441,0.10976425998969036,-0.7071067811865478,1.5513635445745924,-0.9138675629117188,0.39335919691868326,0.8435453211098412,0.855380886809144,0.777060746946788,0.8553236253664486,-0.8097966361768278,-0.7048541591035241,0.4640052996825622,-0.8388053839370748,0.7944125691577939,1.0,0.0,0.0,1.0,0.0,0.0,1.0,0.0,0.0,0.0,1.0,0.0,0.0,0.0,0.0,0.0,0.0,0.0,0.0,0.0,0.0,0.0,0.0,0.0,0.0,1.0,0.0,0.0,0.0,0.0,0.0,0.0,0.0,0.0,0.0,0.0,0.0,0.0,0.0,0.0,0.0,0.0,0.0,0.0,0.0,0.0,0.0,1.0,-0.5438700516268375
0.9328336072338739,0.615255279783256,0.866025403784441,0.10976425998969036,-0.7071067811865478,1.5513635445745924,-0.9138675629117188,0.39335919691868326,0.7690893402221444,0.9205144168859861,0.7212106152042882,0.9040772657304189,-0.8040216502608795,-0.7737827483426374,0.6748378983149302,-0.7531796213397214,0.8538912013299528,1.0,0.0,0.0,1.0,0.0,0.0,1.0,0.0,0.0,0.0,1.0,0.0,0.0,0.0,0.0,0.0,0.0,0.0,0.0,0.0,0.0,0.0,0.0,0.0,0.0,1.0,0.0,0.0,0.0,0.0,0.0,0.0,0.0,0.0,0.0,0.0,0.0,0.0,0.0,0.0,0.0,0.0,0.0,0.0,0.0,0.0,0.0,1.0,-0.5145023033523338
0.9328336072338739,0.615255279783256,0.866025403784441,0.10976425998969036,-0.7071067811865478,1.5513635445745924,-0.9138675629117188,0.39335919691868326,0.9013816634065344,0.9820952089586366,0.645207016111311,0.8389668845516967,-0.8072299757697396,-0.5956288561553913,0.602918367005758,-0.9630097868255434,0.7069773901341927,1.0,0.0,0.0,1.0,0.0,0.0,1.0,0.0,0.0,0.0,1.0,0.0,0.0,0.0,0.0,0.0,0.0,0.0,0.0,0.0,0.0,0.0,0.0,0.0,0.0,1.0,0.0,0.0,0.0,0.0,0.0,0.0,0.0,0.0,0.0,0.0,0.0,0.0,0.0,0.0,0.0,0.0,0.0,0.0,0.0,0.0,0.0,1.0,-0.5649232945457024
0.9328336072338739,0.615255279783256,0.866025403784441,0.10976425998969036,-0.7071067811865478,1.5513635445745924,-0.9138675629117188,0.39335919691868326,0.8692503621305937,0.850880752003835,0.9057531495704251,0.9218586259064551,-0.8104383012785998,-0.6804640429112228,0.5112948545159907,-0.7644709306932186,0.9103266350633681,1.0,0.0,0.0,1.0,0.0,0.0,1.0,0.0,0.0,0.0,1.0,0.0,0.0,0.0,0.0,0.0,0.0,0.0,0.0,0.0,0.0,0.0,0.0,0.0,0.0,1.0,0.0,0.0,0.0,0.0,0.0,0.0,0.0,0.0,0.0,0.0,0.0,0.0,0.0,0.0,0.0,0.0,0.0,0.0,0.0,0.0,0.0,1.0,-0.5799046601589812
0.9328336072338739,0.615255279783256,0.866025403784441,0.10976425998969036,-0.7071067811865478,1.5513635445745924,-0.9138675629117188,0.39335919691868326,0.8324655620491718,1.0004510219802922,0.7245036654249543,0.8844491767527167,-0.8155716220927761,-0.7207607566202426,0.5122800535750203,-0.9630097868255434,0.7253728433833138,1.0,0.0,0.0,1.0,0.0,0.0,1.0,0.0,0.0,0.0,1.0,0.0,0.0,0.0,0.0,0.0,0.0,0.0,0.0,0.0,0.0,0.0,0.0,0.0,0.0,1.0,0.0,0.0,0.0,0.0,0.0,0.0,0.0,0.0,0.0,0.0,0.0,0.0,0.0,0.0,0.0,0.0,0.0,0.0,0.0,0.0,0.0,1.0,-0.49692742230702075
0.9328336072338739,0.615255279783256,0.866025403784441,0.10976425998969036,-0.7071067811865478,1.5513635445745924,-0.9138675629117188,0.39335919691868326,0.8435453211098412,0.855380886809144,0.777060746946788,0.8553236253664486,-0.8097966361768278,-0.7048541591035241,1.9418038882271977,-0.8388053839370748,0.7944125691577939,1.0,0.0,0.0,1.0,0.0,0.0,1.0,0.0,0.0,0.0,1.0,0.0,0.0,0.0,0.0,0.0,0.0,0.0,0.0,0.0,0.0,0.0,0.0,0.0,0.0,0.0,0.0,0.0,0.0,0.0,0.0,0.0,1.0,0.0,0.0,0.0,0.0,0.0,0.0,0.0,0.0,0.0,0.0,0.0,0.0,0.0,0.0,1.0,-0.6369314877174718
0.9328336072338739,0.615255279783256,0.866025403784441,0.10976425998969036,-0.7071067811865478,1.5513635445745924,-0.9138675629117188,0.39335919691868326,0.6866559328107654,0.9350806427031705,0.9662135516218582,0.7592937276798413,-0.7976049992431591,-0.6836453624145663,1.7230896971225913,-0.8764430817820653,0.7266219173693653,1.0,0.0,0.0,1.0,0.0,0.0,1.0,0.0,0.0,0.0,1.0,0.0,0.0,0.0,0.0,0.0,0.0,0.0,0.0,0.0,0.0,0.0,0.0,0.0,0.0,0.0,0.0,0.0,0.0,0.0,0.0,0.0,1.0,0.0,0.0,0.0,0.0,0.0,0.0,0.0,0.0,0.0,0.0,0.0,0.0,0.0,0.0,1.0,-0.6928903971568896
0.9328336072338739,0.615255279783256,0.866025403784441,0.10976425998969036,-0.7071067811865478,1.5513635445745924,-0.9138675629117188,0.39335919691868326,0.937501677944316,0.7504566910853587,0.8859948482464277,0.8112131888466663,-0.8162132871945482,-0.7122772379446596,1.9684042628210014,-1.0213482184852785,0.8887744311949531,1.0,0.0,0.0,1.0,0.0,0.0,1.0,0.0,0.0,0.0,1.0,0.0,0.0,0.0,0.0,0.0,0.0,0.0,0.0,0.0,0.0,0.0,0.0,0.0,0.0,0.0,0.0,0.0,0.0,0.0,0.0,0.0,1.0,0.0,0.0,0.0,0.0,0.0,0.0,0.0,0.0,0.0,0.0,0.0,0.0,0.0,0.0,1.0,-0.7113196126974616
0.9328336072338739,0.615255279783256,0.866025403784441,0.10976425998969036,-0.7071067811865478,1.5513635445745924,-0.9138675629117188,0.39335919691868326,0.8154027330957416,0.9574628921295761,0.8283006083803555,0.76652235184636,-0.8027383200573354,-0.6232002918510365,1.7496900717163948,-0.7955220314153361,0.7025488550927375,1.0,0.0,0.0,1.0,0.0,0.0,1.0,0.0,0.0,0.0,1.0,0.0,0.0,0.0,0.0,0.0,0.0,0.0,0.0,0.0,0.0,0.0,0.0,0.0,0.0,0.0,0.0,0.0,0.0,0.0,0.0,0.0,1.0,0.0,0.0,0.0,0.0,0.0,0.0,0.0,0.0,0.0,0.0,0.0,0.0,0.0,0.0,1.0,-0.6471529897143122
0.9328336072338739,0.615255279783256,0.866025403784441,0.10976425998969036,-0.7071067811865478,1.5513635445745924,-0.9138675629117188,0.39335919691868326,0.7101450220193838,0.9704895981449448,0.4887212696252499,0.9064516313325597,-0.8104383012785998,-0.5988101756587351,2.3014015447730594,-0.8124589954455815,0.8089018273959907,1.0,0.0,0.0,1.0,0.0,0.0,1.0,0.0,0.0,0.0,1.0,0.0,0.0,0.0,0.0,0.0,0.0,0.0,0.0,0.0,0.0,0.0,0.0,0.0,0.0,0.0,0.0,0.0,0.0,0.0,0.0,0.0,1.0,0.0,0.0,0.0,0.0,0.0,0.0,0.0,0.0,0.0,0.0,0.0,0.0,0.0,0.0,1.0,-0.6158477328523476
0.8169193720154634,1.0275195068237275,0.866025403784441,1.262288989881439,1.4142135623730947,-1.1315828207485263,1.402314018950741,1.1443176637634425,0.8435453211098412,0.855380886809144,0.777060746946788,0.8553236253664486,-0.8097966361768278,-0.7048541591035241,-1.0137932888620733,-0.8388053839370748,0.1130994858570048,1.0,0.0,0.0,0.0,1.0,1.0,0.0,0.0,0.0,1.0,0.0,0.0,1.0,0.0,0.0,0.0,0.0,0.0,0.0,0.0,0.0,0.0,0.0,0.0,0.0,0.0,0.0,0.0,0.0,0.0,0.0,0.0,0.0,0.0,0.0,0.0,0.0,0.0,0.0,0.0,0.0,0.0,0.0,0.0,0.0,0.0,1.0,0.0,-1.34480864093148
0.8169193720154634,1.0275195068237275,0.866025403784441,1.262288989881439,1.4142135623730947,-1.1315828207485263,1.402314018950741,1.1443176637634425,0.8993873067756138,0.834893430984974,0.6520565605702968,0.7822459285005409,-0.8104383012785998,-0.6878871217523579,-0.996059705799538,-0.8548014055211957,0.0767627880809627,1.0,0.0,0.0,0.0,1.0,1.0,0.0,0.0,0.0,1.0,0.0,0.0,1.0,0.0,0.0,0.0,0.0,0.0,0.0,0.0,0.0,0.0,0.0,0.0,0.0,0.0,0.0,0.0,0.0,0.0,0.0,0.0,0.0,0.0,0.0,0.0,0.0,0.0,0.0,0.0,0.0,0.0,0.0,0.0,0.0,0.0,1.0,0.0,-1.3248080601585581
0.8169193720154634,1.0275195068237275,0.866025403784441,1.262288989881439,1.4142135623730947,-1.1315828207485263,1.402314018950741,1.1443176637634425,0.8856484055403845,0.8308669945802235,0.5419369611912171,0.846828672878787,-0.8174966173980923,-0.7652992296670542,-1.1211799862963168,-0.6873136501109883,0.13519674019206038,1.0,0.0,0.0,0.0,1.0,1.0,0.0,0.0,0.0,1.0,0.0,0.0,1.0,0.0,0.0,0.0,0.0,0.0,0.0,0.0,0.0,0.0,0.0,0.0,0.0,0.0,0.0,0.0,0.0,0.0,0.0,0.0,0.0,0.0,0.0,0.0,0.0,0.0,0.0,0.0,0.0,0.0,0.0,0.0,0.0,0.0,1.0,0.0,-1.4107449567976642
0.8169193720154634,1.0275195068237275,0.866025403784441,1.262288989881439,1.4142135623730947,-1.1315828207485263,1.402314018950741,1.1443176637634425,0.86902876694938,0.7788785951188896,0.7674450403024424,0.8269895291808942,-0.8149299569910041,-0.7154585574480031,-1.1152687919421382,-0.8764430817820653,0.10174426780199165,1.0,0.0,0.0,0.0,1.0,1.0,0.0,0.0,0.0,1.0,0.0,0.0,1.0,0.0,0.0,0.0,0.0,0.0,0.0,0.0,0.0,0.0,0.0,0.0,0.0,0.0,0.0,0.0,0.0,0.0,0.0,0.0,0.0,0.0,0.0,0.0,0.0,0.0,0.0,0.0,0.0,0.0,0.0,0.0,0.0,0.0,1.0,0.0,-1.3940396662207386
0.8169193720154634,1.0275195068237275,0.866025403784441,1.262288989881439,1.4142135623730947,-1.1315828207485263,1.402314018950741,1.1443176637634425,0.7393955859395508,0.7715362699102277,0.793394276041293,0.7957534305927231,-0.8008133247520194,-0.618958532513245,-1.0807868248760968,-0.7644709306932186,0.13971611697795555,1.0,0.0,0.0,0.0,1.0,1.0,0.0,0.0,0.0,1.0,0.0,0.0,1.0,0.0,0.0,0.0,0.0,0.0,0.0,0.0,0.0,0.0,0.0,0.0,0.0,0.0,0.0,0.0,0.0,0.0,0.0,0.0,0.0,0.0,0.0,0.0,0.0,0.0,0.0,0.0,0.0,0.0,0.0,0.0,0.0,0.0,1.0,0.0,-1.2877970693461191
0.8169193720154634,1.0275195068237275,0.866025403784441,1.262288989881439,1.4142135623730947,-1.1315828207485263,1.402314018950741,1.1443176637634425,0.8435453211098412,0.855380886809144,0.777060746946788,0.8553236253664486,-0.8097966361768278,-0.7048541591035241,0.4640052996825622,-0.8388053839370748,0.1130994858570048,1.0,0.0,0.0,0.0,1.0,1.0,0.0,0.0,0.0,1.0,0.0,0.0,0.0,0.0,0.0,0.0,0.0,0.0,0.0,0.0,1.0,0.0,0.0,0.0,0.0,0.0,0.0,0.0,0.0,0.0,0.0,0.0,0.0,0.0,0.0,0.0,0.0,0.0,0.0,0.0,0.0,0.0,0.0,0.0,0.0,0.0,1.0,0.0,-1.34480864093148
0.8169193720154634,1.0275195068237275,0.866025403784441,1.262288989881439,1.4142135623730947,-1.1315828207485263,1.402314018950741,1.1443176637634425,0.9647578852335625,0.867341771423255,0.8854679602111214,0.7408264396631855,-0.8008133247520194,-0.7207607566202426,0.3694261900157055,-0.87738402422819,0.055051611159777636,1.0,0.0,0.0,0.0,1.0,1.0,0.0,0.0,0.0,1.0,0.0,0.0,0.0,0.0,0.0,0.0,0.0,0.0,0.0,0.0,1.0,0.0,0.0,0.0,0.0,0.0,0.0,0.0,0.0,0.0,0.0,0.0,0.0,0.0,0.0,0.0,0.0,0.0,0.0,0.0,0.0,0.0,0.0,0.0,0.0,0.0,1.0,0.0,-1.4007217824515088
0.8169193720154634,1.0275195068237275,0.866025403784441,1.262288989881439,1.4142135623730947,-1.1315828207485263,1.402314018950741,1.1443176637634425,0.7695325305845709,0.7849182497260152,0.6417822438818177,0.9401676228829681,-0.812363296583916,-0.7918102255282514,0.6531635190162758,-1.0486355494228963,0.060570247134513915,1.0,0.0,0.0,0.0,1.0,1.0,0.0,0.0,0.0,1.0,0.0,0.0,0.0,0.0,0.0,0.0,0.0,0.0,0.0,0.0,1.0,0.0,0.0,0.0,0.0,0.0,0.0,0.0,0.0,0.0,0.0,0.0,0.0,0.0,0.0,0.0,0.0,0.0,0.0,0.0,0.0,0.0,0.0,0.0,0.0,0.0,1.0,0.0,-1.358462736882483
0.8169193720154634,1.0275195068237275,0.866025403784441,1.262288989881439,1.4142135623730947,-1.1315828207485263,1.402314018950741,1.1443176637634425,0.9714057406699643,0.8011424199451559,0.5739454093360926,0.7726957024119279,-0.8065883106679675,-0.7886289060249079,0.7152310597351502,-0.7861126069540882,0.20496319992206122,1.0,0.0,0.0,0.0,1.0,1.0,0.0,0.0,0.0,1.0,0.0,0.0,0.0,0.0,0.0,0.0,0.0,0.0,0.0,0.0,1.0,0.0,0.0,0.0,0.0,0.0,0.0,0.0,0.0,0.0,0.0,0.0,0.0,0.0,0.0,0.0,0.0,0.0,0.0,0.0,0.0,0.0,0.0,0.0,0.0,0.0,1.0,0.0,-1.4156573801453993
0.8169193720154634,1.0275195068237275,0.866025403784441,1.262288989881439,1.4142135623730947,-1.1315828207485263,1.402314018950741,1.1443176637634425,0.8459828681031882,0.7600490836966755,0.6753713561326139,0.8502055484018329,-0.8130049616856879,-0.5829035781420165,0.29258066341138456,-0.7136600386024816,0.16910342130432968,1.0,0.0,0.0,0.0,1.0,1.0,0.0,0.0,0.0,1.0,0.0,0.0,0.0,0.0,0.0,0.0,0.0,0.0,0.0,0.0,1.0,0.0,0.0,0.0,0.0,0.0,0.0,0.0,0.0,0.0,0.0,0.0,0.0,0.0,0.0,0.0,0.0,0.0,0.0,0.0,0.0,0.0,0.0,0.0,0.0,0.0,1.0,0.0,-1.393826082596924
0.8169193720154634,1.0275195068237275,0.866025403784441,1.262288989881439,1.4142135623730947,-1.1315828207485263,1.402314018950741,1.1443176637634425,0.8435453211098412,0.855380886809144,0.777060746946788,0.8553236253664486,-0.8097966361768278,-0.7048541591035241,1.9418038882271977,-0.8388053839370748,0.1130994858570048,1.0,0.0,0.0,0.0,1.0,1.0,0.0,0.0,0.0,1.0,0.0,0.0,0.0,0.0,0.0,0.0,0.0,0.0,0.0,0.0,0.0,0.0,0.0,0.0,0.0,0.0,0.0,0.0,0.0,1.0,0.0,0.0,0.0,0.0,0.0,0.0,0.0,0.0,0.0,0.0,0.0,0.0,0.0,0.0,0.0,0.0,1.0,0.0,-1.3982045468851227
0.8169193720154634,1.0275195068237275,0.866025403784441,1.262288989881439,1.4142135623730947,-1.1315828207485263,1.402314018950741,1.1443176637634425,0.8395566078480001,0.7574437424936016,0.9796491965221761,0.9089315242947968,-0.814288291889232,-0.7918102255282514,2.282682762651494,-0.9131398371809311,0.028798347016587095,1.0,0.0,0.0,0.0,1.0,1.0,0.0,0.0,0.0,1.0,0.0,0.0,0.0,0.0,0.0,0.0,0.0,0.0,0.0,0.0,0.0,0.0,0.0,0.0,0.0,0.0,0.0,0.0,0.0,1.0,0.0,0.0,0.0,0.0,0.0,0.0,0.0,0.0,0.0,0.0,0.0,0.0,0.0,0.0,0.0,0.0,1.0,0.0,-1.4284266296548846
0.8169193720154634,1.0275195068237275,0.866025403784441,1.262288989881439,1.4142135623730947,-1.1315828207485263,1.402314018950741,1.1443176637634425,0.9355073213133955,0.827787954976591,0.7108045765069827,0.9142078922995552,-0.8078716408715116,-0.7462113126469921,2.3555874930196956,-0.7230694630637291,0.0713804147228864,1.0,0.0,0.0,0.0,1.0,1.0,0.0,0.0,0.0,1.0,0.0,0.0,0.0,0.0,0.0,0.0,0.0,0.0,0.0,0.0,0.0,0.0,0.0,0.0,0.0,0.0,0.0,0.0,0.0,1.0,0.0,0.0,0.0,0.0,0.0,0.0,0.0,0.0,0.0,0.0,0.0,0.0,0.0,0.0,0.0,0.0,1.0,0.0,-1.4311727048182148
0.8169193720154634,1.0275195068237275,0.866025403784441,1.262288989881439,1.4142135623730947,-1.1315828207485263,1.402314018950741,1.1443176637634425,0.9647578852335625,0.8149980981615019,0.9183984624177841,0.8906752909983316,-0.8014549898537913,-0.7759036280115331,2.192044449220756,-0.9150217220731804,0.11328116934588507,1.0,0.0,0.0,0.0,1.0,1.0,0.0,0.0,0.0,1.0,0.0,0.0,0.0,0.0,0.0,0.0,0.0,0.0,0.0,0.0,0.0,0.0,0.0,0.0,0.0,0.0,0.0,0.0,0.0,1.0,0.0,0.0,0.0,0.0,0.0,0.0,0.0,0.0,0.0,0.0,0.0,0.0,0.0,0.0,0.0,0.0,1.0,0.0,-1.3454493918029238
0.8169193720154634,1.0275195068237275,0.866025403784441,1.262288989881439,1.4142135623730947,-1.1315828207485263,1.402314018950741,1.1443176637634425,0.9598827912468676,0.7497461434845205,0.580663231786252,0.8417633595942186,-0.8091549710750557,-0.6221398520165887,2.0422941922482334,-0.6986049594644855,0.044672941857495596,1.0,0.0,0.0,0.0,1.0,1.0,0.0,0.0,0.0,1.0,0.0,0.0,0.0,0.0,0.0,0.0,0.0,0.0,0.0,0.0,0.0,0.0,0.0,0.0,0.0,0.0,0.0,0.0,0.0,1.0,0.0,0.0,0.0,0.0,0.0,0.0,0.0,0.0,0.0,0.0,0.0,0.0,0.0,0.0,0.0,0.0,1.0,0.0,-1.3863353997902845
0.8169193720154634,1.0275195068237275,0.866025403784441,1.262288989881439,1.4142135623730947,-1.1315828207485263,1.402314018950741,1.1443176637634425,0.8435453211098412,0.855380886809144,0.777060746946788,0.8553236253664486,-0.8097966361768278,-0.7048541591035241,-1.0137932888620733,-0.8388053839370748,1.1350691108081883,1.0,0.0,0.0,0.0,1.0,1.0,0.0,0.0,0.0,1.0,0.0,0.0,0.0,0.0,1.0,0.0,0.0,0.0,0.0,0.0,0.0,0.0,0.0,0.0,0.0,0.0,0.0,0.0,0.0,0.0,0.0,0.0,0.0,0.0,0.0,0.0,0.0,0.0,0.0,0.0,0.0,0.0,0.0,0.0,0.0,0.0,1.0,0.0,0.696440563810638
0.8169193720154634,1.0275195068237275,0.866025403784441,1.262288989881439,1.4142135623730947,-1.1315828207485263,1.402314018950741,1.1443176637634425,0.8315791813243187,0.857512529611659,0.6955248234830913,0.8130599176483316,-0.8040216502608795,-0.7112167981102115,-1.0650236399316209,-1.0062931393472823,1.0532206990676536,1.0,0.0,0.0,0.0,1.0,1.0,0.0,0.0,0.0,1.0,0.0,0.0,0.0,0.0,1.0,0.0,0.0,0.0,0.0,0.0,0.0,0.0,0.0,0.0,0.0,0.0,0.0,0.0,0.0,0.0,0.0,0.0,0.0,0.0,0.0,0.0,0.0,0.0,0.0,0.0,0.0,0.0,0.0,0.0,0.0,0.0,1.0,0.0,0.7212925440387766
0.8169193720154634,1.0275195068237275,0.866025403784441,1.262288989881439,1.4142135623730947,-1.1315828207485263,1.402314018950741,1.1443176637634425,0.8854268103591708,0.8980137428594406,0.837125982971741,0.9323058345558776,-0.8014549898537913,-0.7016728396001806,-1.0719200333448289,-0.79834485875371,1.2978802272809669,1.0,0.0,0.0,0.0,1.0,1.0,0.0,0.0,0.0,1.0,0.0,0.0,0.0,0.0,1.0,0.0,0.0,0.0,0.0,0.0,0.0,0.0,0.0,0.0,0.0,0.0,0.0,0.0,0.0,0.0,0.0,0.0,0.0,0.0,0.0,0.0,0.0,0.0,0.0,0.0,0.0,0.0,0.0,0.0,0.0,0.0,1.0,0.0,0.6415953404096824
0.8169193720154634,1.0275195068237275,0.866025403784441,1.262288989881439,1.4142135623730947,-1.1315828207485263,1.402314018950741,1.1443176637634425,0.8575058175262842,0.9995036251791741,0.6045049153838754,0.7067411023524446,-0.8014549898537913,-0.7578761508259189,-1.0482752559281148,-0.6289752184512534,1.1327299358888558,1.0,0.0,0.0,0.0,1.0,1.0,0.0,0.0,0.0,1.0,0.0,0.0,0.0,0.0,1.0,0.0,0.0,0.0,0.0,0.0,0.0,0.0,0.0,0.0,0.0,0.0,0.0,0.0,0.0,0.0,0.0,0.0,0.0,0.0,0.0,0.0,0.0,0.0,0.0,0.0,0.0,0.0,0.0,0.0,0.0,0.0,1.0,0.0,0.7580746952542717
0.8169193720154634,1.0275195068237275,0.866025403784441,1.262288989881439,1.4142135623730947,-1.1315828207485263,1.402314018950741,1.1443176637634425,0.8719095043051545,0.7019026050280766,0.8757205315579495,0.9535695976150546,-0.8020966549555634,-0.6910684412557017,-1.0630532418135612,-0.7277741752943532,1.1076121935511665,1.0,0.0,0.0,0.0,1.0,1.0,0.0,0.0,0.0,1.0,0.0,0.0,0.0,0.0,1.0,0.0,0.0,0.0,0.0,0.0,0.0,0.0,0.0,0.0,0.0,0.0,0.0,0.0,0.0,0.0,0.0,0.0,0.0,0.0,0.0,0.0,0.0,0.0,0.0,0.0,0.0,0.0,0.0,0.0,0.0,0.0,1.0,0.0,0.7936668805656566
0.8169193720154634,1.0275195068237275,0.866025403784441,1.262288989881439,1.4142135623730947,-1.1315828207485263,1.402314018950741,1.1443176637634425,0.8435453211098412,0.855380886809144,0.777060746946788,0.8553236253664486,-0.8097966361768278,-0.7048541591035241,0.4640052996825622,-0.8388053839370748,1.1350691108081883,1.0,0.0,0.0,0.0,1.0,1.0,0.0,0.0,0.0,1.0,0.0,0.0,0.0,0.0,0.0,0.0,0.0,0.0,0.0,0.0,0.0,0.0,0.0,1.0,0.0,0.0,0.0,0.0,0.0,0.0,0.0,0.0,0.0,0.0,0.0,0.0,0.0,0.0,0.0,0.0,0.0,0.0,0.0,0.0,0.0,0.0,1.0,0.0,0.20367263172416233
0.8169193720154634,1.0275195068237275,0.866025403784441,1.262288989881439,1.4142135623730947,-1.1315828207485263,1.402314018950741,1.1443176637634425,0.8922962609767855,0.8183139869654141,0.5271840962026321,0.8253010914193717,-0.8097966361768278,-0.7992333043693868,0.3595741994254081,-1.026052930715902,1.1137667217369835,1.0,0.0,0.0,0.0,1.0,1.0,0.0,0.0,0.0,1.0,0.0,0.0,0.0,0.0,0.0,0.0,0.0,0.0,0.0,0.0,0.0,0.0,0.0,1.0,0.0,0.0,0.0,0.0,0.0,0.0,0.0,0.0,0.0,0.0,0.0,0.0,0.0,0.0,0.0,0.0,0.0,0.0,0.0,0.0,0.0,0.0,1.0,0.0,0.25050846923207265
0.8169193720154634,1.0275195068237275,0.866025403784441,1.262288989881439,1.4142135623730947,-1.1315828207485263,1.402314018950741,1.1443176637634425,0.9184444923599653,0.7465486792807481,0.768103650346576,0.7076380849132533,-0.8020966549555634,-0.6359255698644112,0.46104970250547284,-0.7014277868028599,1.3512270417034187,1.0,0.0,0.0,0.0,1.0,1.0,0.0,0.0,0.0,1.0,0.0,0.0,0.0,0.0,0.0,0.0,0.0,0.0,0.0,0.0,0.0,0.0,0.0,1.0,0.0,0.0,0.0,0.0,0.0,0.0,0.0,0.0,0.0,0.0,0.0,0.0,0.0,0.0,0.0,0.0,0.0,0.0,0.0,0.0,0.0,0.0,1.0,0.0,0.23912751327738135
0.8169193720154634,1.0275195068237275,0.866025403784441,1.262288989881439,1.4142135623730947,-1.1315828207485263,1.402314018950741,1.1443176637634425,0.7797259089203865,0.8305117207798043,0.7367538122458333,0.9146827654199835,-0.8181382824998642,-0.6475904080433381,0.5369100300507641,-0.660967261619495,1.009503109555853,1.0,0.0,0.0,0.0,1.0,1.0,0.0,0.0,0.0,1.0,0.0,0.0,0.0,0.0,0.0,0.0,0.0,0.0,0.0,0.0,0.0,0.0,0.0,1.0,0.0,0.0,0.0,0.0,0.0,0.0,0.0,0.0,0.0,0.0,0.0,0.0,0.0,0.0,0.0,0.0,0.0,0.0,0.0,0.0,0.0,0.0,1.0,0.0,0.20158256340540545
0.8169193720154634,1.0275195068237275,0.866025403784441,1.262288989881439,1.4142135623730947,-1.1315828207485263,1.402314018950741,1.1443176637634425,0.70925864129453,0.9327121507003763,0.6317713712109922,0.9528309060943886,-0.8117216314821439,-0.7801453873493247,0.46104970250547284,-0.9837105206402879,1.204790149665969,1.0,0.0,0.0,0.0,1.0,1.0,0.0,0.0,0.0,1.0,0.0,0.0,0.0,0.0,0.0,0.0,0.0,0.0,0.0,0.0,0.0,0.0,0.0,1.0,0.0,0.0,0.0,0.0,0.0,0.0,0.0,0.0,0.0,0.0,0.0,0.0,0.0,0.0,0.0,0.0,0.0,0.0,0.0,0.0,0.0,0.0,1.0,0.0,0.0970028676019141
0.8169193720154634,1.0275195068237275,0.866025403784441,1.262288989881439,1.4142135623730947,-1.1315828207485263,1.402314018950741,1.1443176637634425,0.8435453211098412,0.855380886809144,0.777060746946788,0.8553236253664486,-0.8097966361768278,-0.7048541591035241,1.9418038882271977,-0.8388053839370748,1.1350691108081883,1.0,0.0,0.0,0.0,1.0,1.0,0.0,0.0,0.0,1.0,0.0,0.0,0.0,0.0,0.0,0.0,0.0,0.0,0.0,0.0,0.0,0.0,0.0,0.0,0.0,0.0,0.0,0.0,0.0,0.0,0.0,1.0,0.0,0.0,0.0,0.0,0.0,0.0,0.0,0.0,0.0,0.0,0.0,0.0,0.0,0.0,1.0,0.0,-0.07703727386070261
0.8169193720154634,1.0275195068237275,0.866025403784441,1.262288989881439,1.4142135623730947,-1.1315828207485263,1.402314018950741,1.1443176637634425,0.7316397545970823,0.9014480562634922,0.6109592938163813,0.7791856350577813,-0.8104383012785998,-0.6645574453945045,1.617673397806408,-0.912198894734806,1.250506257555452,1.0,0.0,0.0,0.0,1.0,1.0,0.0,0.0,0.0,1.0,0.0,0.0,0.0,0.0,0.0,0.0,0.0,0.0,0.0,0.0,0.0,0.0,0.0,0.0,0.0,0.0,0.0,0.0,0.0,0.0,0.0,1.0,0.0,0.0,0.0,0.0,0.0,0.0,0.0,0.0,0.0,0.0,0.0,0.0,0.0,0.0,1.0,0.0,-0.16205881211203133
0.8169193720154634,1.0275195068237275,0.866025403784441,1.262288989881439,1.4142135623730947,-1.1315828207485263,1.402314018950741,1.1443176637634425,0.6873207183544057,0.9118694210757871,0.8994304931467466,0.8797532092284809,-0.8046633153626516,-0.8002937442038346,1.5910730232126045,-0.9423090530107984,1.27451118852375,1.0,0.0,0.0,0.0,1.0,1.0,0.0,0.0,0.0,1.0,0.0,0.0,0.0,0.0,0.0,0.0,0.0,0.0,0.0,0.0,0.0,0.0,0.0,0.0,0.0,0.0,0.0,0.0,0.0,0.0,0.0,1.0,0.0,0.0,0.0,0.0,0.0,0.0,0.0,0.0,0.0,0.0,0.0,0.0,0.0,0.0,1.0,0.0,-0.03987372331696751
0.8169193720154634,1.0275195068237275,0.866025403784441,1.262288989881439,1.4142135623730947,-1.1315828207485263,1.402314018950741,1.1443176637634425,0.9499110080922658,0.8633153350185049,0.6539006686938694,0.6856883940134575,-0.8072299757697396,-0.5860848976453603,2.1092877282622564,-0.9827695781941632,1.3110749906608923,1.0,0.0,0.0,0.0,1.0,1.0,0.0,0.0,0.0,1.0,0.0,0.0,0.0,0.0,0.0,0.0,0.0,0.0,0.0,0.0,0.0,0.0,0.0,0.0,0.0,0.0,0.0,0.0,0.0,0.0,0.0,1.0,0.0,0.0,0.0,0.0,0.0,0.0,0.0,0.0,0.0,0.0,0.0,0.0,0.0,0.0,1.0,0.0,-0.07162140339968999
0.8169193720154634,1.0275195068237275,0.866025403784441,1.262288989881439,1.4142135623730947,-1.1315828207485263,1.402314018950741,1.1443176637634425,0.7316397545970823,0.8353671293855326,0.7744263067702546,0.8064644576423833,-0.8014549898537913,-0.6433486487055466,1.6472293695773002,-0.6957821321261111,1.2267738518204745,1.0,0.0,0.0,0.0,1.0,1.0,0.0,0.0,0.0,1.0,0.0,0.0,0.0,0.0,0.0,0.0,0.0,0.0,0.0,0.0,0.0,0.0,0.0,0.0,0.0,0.0,0.0,0.0,0.0,0.0,0.0,1.0,0.0,0.0,0.0,0.0,0.0,0.0,0.0,0.0,0.0,0.0,0.0,0.0,0.0,0.0,1.0,0.0,-0.14149376033331468
0.8169193720154634,1.0275195068237275,0.866025403784441,1.262288989881439,1.4142135623730947,-1.1315828207485263,1.402314018950741,1.1443176637634425,0.8435453211098412,0.855380886809144,0.777060746946788,0.8553236253664486,-0.8097966361768278,-0.7048541591035241,-1.0137932888620733,-0.8388053839370748,2.157038735759372,1.0,0.0,0.0,0.0,1.0,1.0,0.0,0.0,0.0,1.0,0.0,0.0,0.0,0.0,0.0,0.0,1.0,0.0,0.0,0.0,0.0,0.0,0.0,0.0,0.0,0.0,0.0,0.0,0.0,0.0,0.0,0.0,0.0,0.0,0.0,0.0,0.0,0.0,0.0,0.0,0.0,0.0,0.0,0.0,0.0,0.0,1.0,0.0,2.1396556218719565
0.8169193720154634,1.0275195068237275,0.866025403784441,1.262288989881439,1.4142135623730947,-1.1315828207485263,1.402314018950741,1.1443176637634425,0.8275904680624777,0.7666808613044994,0.8485857977396591,0.7615625659218871,-0.8040216502608795,-0.7398486736403047,-1.096550009820573,-0.6863727076648637,2.265140411643097,1.0,0.0,0.0,0.0,1.0,1.0,0.0,0.0,0.0,1.0,0.0,0.0,0.0,0.0,0.0,0.0,1.0,0.0,0.0,0.0,0.0,0.0,0.0,0.0,0.0,0.0,0.0,0.0,0.0,0.0,0.0,0.0,0.0,0.0,0.0,0.0,0.0,0.0,0.0,0.0,0.0,0.0,0.0,0.0,0.0,0.0,1.0,0.0,2.1577034380842877
0.8169193720154634,1.0275195068237275,0.866025403784441,1.262288989881439,1.4142135623730947,-1.1315828207485263,1.402314018950741,1.1443176637634425,0.7504753450002194,0.9231197580890595,0.5607732084534274,0.9651248435454765,-0.8130049616856879,-0.6136563333410056,-0.9842373170911808,-0.7390654846478504,1.8610309115012893,1.0,0.0,0.0,0.0,1.0,1.0,0.0,0.0,0.0,1.0,0.0,0.0,0.0,0.0,0.0,0.0,1.0,0.0,0.0,0.0,0.0,0.0,0.0,0.0,0.0,0.0,0.0,0.0,0.0,0.0,0.0,0.0,0.0,0.0,0.0,0.0,0.0,0.0,0.0,0.0,0.0,0.0,0.0,0.0,0.0,0.0,1.0,0.0,2.285380677206012
0.8169193720154634,1.0275195068237275,0.866025403784441,1.262288989881439,1.4142135623730947,-1.1315828207485263,1.402314018950741,1.1443176637634425,0.7925784294307627,0.9367385871051268,0.9108903079146647,0.7520123398332741,-0.8078716408715116,-0.6422882088710986,-1.1182243891192276,-1.026052930715902,1.8624389585401107,1.0,0.0,0.0,0.0,1.0,1.0,0.0,0.0,0.0,1.0,0.0,0.0,0.0,0.0,0.0,0.0,1.0,0.0,0.0,0.0,0.0,0.0,0.0,0.0,0.0,0.0,0.0,0.0,0.0,0.0,0.0,0.0,0.0,0.0,0.0,0.0,0.0,0.0,0.0,0.0,0.0,0.0,0.0,0.0,0.0,0.0,1.0,0.0,2.09739657630293
0.8169193720154634,1.0275195068237275,0.866025403784441,1.262288989881439,1.4142135623730947,-1.1315828207485263,1.402314018950741,1.1443176637634425,0.8169538993642349,0.846262192598386,0.7083018583392766,0.8799115002686236,-0.8174966173980923,-0.7090959184413157,-1.0669940380496803,-0.8689155422130672,2.1236771051137433,1.0,0.0,0.0,0.0,1.0,1.0,0.0,0.0,0.0,1.0,0.0,0.0,0.0,0.0,0.0,0.0,1.0,0.0,0.0,0.0,0.0,0.0,0.0,0.0,0.0,0.0,0.0,0.0,0.0,0.0,0.0,0.0,0.0,0.0,0.0,0.0,0.0,0.0,0.0,0.0,0.0,0.0,0.0,0.0,0.0,0.0,1.0,0.0,2.021803229445702
0.8169193720154634,1.0275195068237275,0.866025403784441,1.262288989881439,1.4142135623730947,-1.1315828207485263,1.402314018950741,1.1443176637634425,0.8435453211098412,0.855380886809144,0.777060746946788,0.8553236253664486,-0.8097966361768278,-0.7048541591035241,0.4640052996825622,-0.8388053839370748,2.157038735759372,1.0,0.0,0.0,0.0,1.0,1.0,0.0,0.0,0.0,1.0,0.0,0.0,0.0,0.0,0.0,0.0,0.0,0.0,0.0,0.0,0.0,0.0,0.0,0.0,0.0,0.0,1.0,0.0,0.0,0.0,0.0,0.0,0.0,0.0,0.0,0.0,0.0,0.0,0.0,0.0,0.0,0.0,0.0,0.0,0.0,0.0,1.0,0.0,1.5416214751911568
0.8169193720154634,1.0275195068237275,0.866025403784441,1.262288989881439,1.4142135623730947,-1.1315828207485263,1.402314018950741,1.1443176637634425,1.0347819624969918,0.8392751411901432,0.670497641806028,0.9309867425546876,-0.81364662678746,-0.6751618437389834,0.6610451114885139,-0.7569433911242205,2.167462825933874,1.0,0.0,0.0,0.0,1.0,1.0,0.0,0.0,0.0,1.0,0.0,0.0,0.0,0.0,0.0,0.0,0.0,0.0,0.0,0.0,0.0,0.0,0.0,0.0,0.0,0.0,1.0,0.0,0.0,0.0,0.0,0.0,0.0,0.0,0.0,0.0,0.0,0.0,0.0,0.0,0.0,0.0,0.0,0.0,0.0,0.0,1.0,0.0,1.4631447494124312
0.8169193720154634,1.0275195068237275,0.866025403784441,1.262288989881439,1.4142135623730947,-1.1315828207485263,1.402314018950741,1.1443176637634425,0.8457612729219753,0.86521012862074,0.5364046368204977,0.8026127089989098,-0.8020966549555634,-0.7907497856938036,0.3704113890747351,-0.5998060026213856,1.8412501216494561,1.0,0.0,0.0,0.0,1.0,1.0,0.0,0.0,0.0,1.0,0.0,0.0,0.0,0.0,0.0,0.0,0.0,0.0,0.0,0.0,0.0,0.0,0.0,0.0,0.0,0.0,1.0,0.0,0.0,0.0,0.0,0.0,0.0,0.0,0.0,0.0,0.0,0.0,0.0,0.0,0.0,0.0,0.0,0.0,0.0,0.0,1.0,0.0,1.6118294635336319
0.8169193720154634,1.0275195068237275,0.866025403784441,1.262288989881439,1.4142135623730947,-1.1315828207485263,1.402314018950741,1.1443176637634425,0.918001301997538,0.7413379968746007,0.8728226473637625,0.7330701786961907,-0.8020966549555634,-0.7812058271837725,0.6492227227801567,-0.9846514630864126,2.0896795822570335,1.0,0.0,0.0,0.0,1.0,1.0,0.0,0.0,0.0,1.0,0.0,0.0,0.0,0.0,0.0,0.0,0.0,0.0,0.0,0.0,0.0,0.0,0.0,0.0,0.0,0.0,1.0,0.0,0.0,0.0,0.0,0.0,0.0,0.0,0.0,0.0,0.0,0.0,0.0,0.0,0.0,0.0,0.0,0.0,0.0,0.0,1.0,0.0,1.5912644117549144
0.8169193720154634,1.0275195068237275,0.866025403784441,1.262288989881439,1.4142135623730947,-1.1315828207485263,1.402314018950741,1.1443176637634425,0.8479772247341087,0.8708945094274464,0.6981592636596248,0.932200307195782,-0.8213466080087245,-0.5765409391353292,0.34479621353996165,-0.6731995134191168,2.0788694146686613,1.0,0.0,0.0,0.0,1.0,1.0,0.0,0.0,0.0,1.0,0.0,0.0,0.0,0.0,0.0,0.0,0.0,0.0,0.0,0.0,0.0,0.0,0.0,0.0,0.0,0.0,1.0,0.0,0.0,0.0,0.0,0.0,0.0,0.0,0.0,0.0,0.0,0.0,0.0,0.0,0.0,0.0,0.0,0.0,0.0,0.0,1.0,0.0,1.5123910306748198
0.8169193720154634,1.0275195068237275,0.866025403784441,1.262288989881439,1.4142135623730947,-1.1315828207485263,1.402314018950741,1.1443176637634425,0.8435453211098412,0.855380886809144,0.777060746946788,0.8553236253664486,-0.8097966361768278,-0.7048541591035241,1.9418038882271977,-0.8388053839370748,2.157038735759372,1.0,0.0,0.0,0.0,1.0,1.0,0.0,0.0,0.0,1.0,0.0,0.0,0.0,0.0,0.0,0.0,0.0,0.0,0.0,0.0,0.0,0.0,0.0,0.0,0.0,0.0,0.0,0.0,0.0,0.0,0.0,0.0,0.0,1.0,0.0,0.0,0.0,0.0,0.0,0.0,0.0,0.0,0.0,0.0,0.0,0.0,1.0,0.0,1.3478706164450807
0.8169193720154634,1.0275195068237275,0.866025403784441,1.262288989881439,1.4142135623730947,-1.1315828207485263,1.402314018950741,1.1443176637634425,0.670036294219761,0.8810790250394616,0.9388153737859151,0.7403515665427572,-0.8008133247520194,-0.6804640429112228,1.9812118505883882,-1.0251119882697775,2.0612461162472813,1.0,0.0,0.0,0.0,1.0,1.0,0.0,0.0,0.0,1.0,0.0,0.0,0.0,0.0,0.0,0.0,0.0,0.0,0.0,0.0,0.0,0.0,0.0,0.0,0.0,0.0,0.0,0.0,0.0,0.0,0.0,0.0,0.0,1.0,0.0,0.0,0.0,0.0,0.0,0.0,0.0,0.0,0.0,0.0,0.0,0.0,1.0,0.0,1.4073383997043094
0.8169193720154634,1.0275195068237275,0.866025403784441,1.262288989881439,1.4142135623730947,-1.1315828207485263,1.402314018950741,1.1443176637634425,0.7651006269603033,0.8245904907728187,0.8034051487121184,0.8559040258469718,-0.8117216314821439,-0.7281838354613778,1.847224778560341,-0.9300768012111766,2.281423794333986,1.0,0.0,0.0,0.0,1.0,1.0,0.0,0.0,0.0,1.0,0.0,0.0,0.0,0.0,0.0,0.0,0.0,0.0,0.0,0.0,0.0,0.0,0.0,0.0,0.0,0.0,0.0,0.0,0.0,0.0,0.0,0.0,0.0,1.0,0.0,0.0,0.0,0.0,0.0,0.0,0.0,0.0,0.0,0.0,0.0,0.0,1.0,0.0,1.287045051577317
0.8169193720154634,1.0275195068237275,0.866025403784441,1.262288989881439,1.4142135623730947,-1.1315828207485263,1.402314018950741,1.1443176637634425,0.7320829449595089,0.928330440495207,0.6980275416507975,0.8336377528668905,-0.8110799663803719,-0.824683860396136,2.2265264162867973,-0.6412074702508751,2.261665714918263,1.0,0.0,0.0,0.0,1.0,1.0,0.0,0.0,0.0,1.0,0.0,0.0,0.0,0.0,0.0,0.0,0.0,0.0,0.0,0.0,0.0,0.0,0.0,0.0,0.0,0.0,0.0,0.0,0.0,0.0,0.0,0.0,0.0,1.0,0.0,0.0,0.0,0.0,0.0,0.0,0.0,0.0,0.0,0.0,0.0,0.0,1.0,0.0,1.4061484338002002
0.8169193720154634,1.0275195068237275,0.866025403784441,1.262288989881439,1.4142135623730947,-1.1315828207485263,1.402314018950741,1.1443176637634425,0.7495889642753664,0.9549759755266425,0.8895513424847474,0.7788162892974478,-0.8181382824998642,-0.6921288810901495,1.8718547550360853,-0.9724192112867908,2.1728906201641704,1.0,0.0,0.0,0.0,1.0,1.0,0.0,0.0,0.0,1.0,0.0,0.0,0.0,0.0,0.0,0.0,0.0,0.0,0.0,0.0,0.0,0.0,0.0,0.0,0.0,0.0,0.0,0.0,0.0,0.0,0.0,0.0,0.0,1.0,0.0,0.0,0.0,0.0,0.0,0.0,0.0,0.0,0.0,0.0,0.0,0.0,1.0,0.0,1.277784675887642
0.8169193720154634,1.0275195068237275,0.866025403784441,1.262288989881439,1.4142135623730947,-1.1315828207485263,1.402314018950741,1.1443176637634425,0.8435453211098412,0.855380886809144,0.777060746946788,0.8553236253664486,-0.8097966361768278,-0.7048541591035241,-1.0137932888620733,1.0430795083124464,1.1350691108081883,1.0,0.0,0.0,0.0,1.0,1.0,0.0,0.0,0.0,1.0,0.0,0.0,0.0,0.0,0.0,0.0,0.0,0.0,1.0,0.0,0.0,0.0,0.0,0.0,0.0,0.0,0.0,0.0,0.0,0.0,0.0,0.0,0.0,0.0,0.0,0.0,0.0,0.0,0.0,0.0,0.0,0.0,0.0,0.0,0.0,0.0,1.0,0.0,1.0320719726621073
0.8169193720154634,1.0275195068237275,0.866025403784441,1.262288989881439,1.4142135623730947,-1.1315828207485263,1.402314018950741,1.1443176637634425,0.8384486319419334,0.9809109629572397,0.9907138452636152,0.8308412778243685,-0.8072299757697396,-0.7154585574480031,-0.996059705799538,1.307484335673504,1.1032517898180416,1.0,0.0,0.0,0.0,1.0,1.0,0.0,0.0,0.0,1.0,0.0,0.0,0.0,0.0,0.0,0.0,0.0,0.0,1.0,0.0,0.0,0.0,0.0,0.0,0.0,0.0,0.0,0.0,0.0,0.0,0.0,0.0,0.0,0.0,0.0,0.0,0.0,0.0,0.0,0.0,0.0,0.0,0.0,0.0,0.0,0.0,1.0,0.0,0.9794846332843339
0.8169193720154634,1.0275195068237275,0.866025403784441,1.262288989881439,1.4142135623730947,-1.1315828207485263,1.402314018950741,1.1443176637634425,0.8670344103184603,0.8925662112530138,0.9201108485325302,0.9216475711862652,-0.8072299757697396,-0.628502491023276,-0.937932961316782,1.1719886234315382,1.1854408581002267,1.0,0.0,0.0,0.0,1.0,1.0,0.0,0.0,0.0,1.0,0.0,0.0,0.0,0.0,0.0,0.0,0.0,0.0,1.0,0.0,0.0,0.0,0.0,0.0,0.0,0.0,0.0,0.0,0.0,0.0,0.0,0.0,0.0,0.0,0.0,0.0,0.0,0.0,0.0,0.0,0.0,0.0,0.0,0.0,0.0,0.0,1.0,0.0,1.1252249445915197
0.8169193720154634,1.0275195068237275,0.866025403784441,1.262288989881439,1.4142135623730947,-1.1315828207485263,1.402314018950741,1.1443176637634425,0.9860310226300475,0.8266037089751941,0.7879936736793998,0.7764946873753542,-0.8117216314821439,-0.786508026356012,-1.014778487921103,1.033670083851199,1.2136472197488792,1.0,0.0,0.0,0.0,1.0,1.0,0.0,0.0,0.0,1.0,0.0,0.0,0.0,0.0,0.0,0.0,0.0,0.0,1.0,0.0,0.0,0.0,0.0,0.0,0.0,0.0,0.0,0.0,0.0,0.0,0.0,0.0,0.0,0.0,0.0,0.0,0.0,0.0,0.0,0.0,0.0,0.0,0.0,0.0,0.0,0.0,1.0,0.0,1.0652232022727548
0.8169193720154634,1.0275195068237275,0.866025403784441,1.262288989881439,1.4142135623730947,-1.1315828207485263,1.402314018950741,1.1443176637634425,0.5938075518823573,0.8215114511691861,0.7616492719140702,0.8998561713266113,-0.8168549522963202,-0.7440904329780963,-1.1635435458345964,0.9198160478701026,1.1556447659238724,1.0,0.0,0.0,0.0,1.0,1.0,0.0,0.0,0.0,1.0,0.0,0.0,0.0,0.0,0.0,0.0,0.0,0.0,1.0,0.0,0.0,0.0,0.0,0.0,0.0,0.0,0.0,0.0,0.0,0.0,0.0,0.0,0.0,0.0,0.0,0.0,0.0,0.0,0.0,0.0,0.0,0.0,0.0,0.0,0.0,0.0,1.0,0.0,0.9075527199782125
0.8169193720154634,1.0275195068237275,0.866025403784441,1.262288989881439,1.4142135623730947,-1.1315828207485263,1.402314018950741,1.1443176637634425,0.8435453211098412,0.855380886809144,0.777060746946788,0.8553236253664486,-0.8097966361768278,-0.7048541591035241,0.4640052996825622,1.0430795083124464,1.1350691108081883,1.0,0.0,0.0,0.0,1.0,1.0,0.0,0.0,0.0,1.0,0.0,0.0,0.0,0.0,0.0,0.0,0.0,0.0,0.0,0.0,0.0,0.0,0.0,0.0,0.0,0.0,0.0,1.0,0.0,0.0,0.0,0.0,0.0,0.0,0.0,0.0,0.0,0.0,0.0,0.0,0.0,0.0,0.0,0.0,0.0,0.0,1.0,0.0,1.0671607108602157
0.8169193720154634,1.0275195068237275,0.866025403784441,1.262288989881439,1.4142135623730947,-1.1315828207485263,1.402314018950741,1.1443176637634425,1.007747350388959,0.7704704485089703,0.8277737203450481,0.9658107713860946,-0.8020966549555634,-0.6147167731754534,0.6147407557141151,1.0157921773748284,1.288455396295306,1.0,0.0,0.0,0.0,1.0,1.0,0.0,0.0,0.0,1.0,0.0,0.0,0.0,0.0,0.0,0.0,0.0,0.0,0.0,0.0,0.0,0.0,0.0,0.0,0.0,0.0,0.0,1.0,0.0,0.0,0.0,0.0,0.0,0.0,0.0,0.0,0.0,0.0,0.0,0.0,0.0,0.0,0.0,0.0,0.0,0.0,1.0,0.0,1.0504554202832899
0.8169193720154634,1.0275195068237275,0.866025403784441,1.262288989881439,1.4142135623730947,-1.1315828207485263,1.402314018950741,1.1443176637634425,0.7549072486244878,0.8570388312110999,0.670497641806028,0.7492158647907521,-0.8162132871945482,-0.737727793971409,0.3713965881337652,1.088244745726435,0.9379425253731599,1.0,0.0,0.0,0.0,1.0,1.0,0.0,0.0,0.0,1.0,0.0,0.0,0.0,0.0,0.0,0.0,0.0,0.0,0.0,0.0,0.0,0.0,0.0,0.0,0.0,0.0,0.0,1.0,0.0,0.0,0.0,0.0,0.0,0.0,0.0,0.0,0.0,0.0,0.0,0.0,0.0,0.0,0.0,0.0,0.0,0.0,1.0,0.0,0.9131364061436504
0.8169193720154634,1.0275195068237275,0.866025403784441,1.262288989881439,1.4142135623730947,-1.1315828207485263,1.402314018950741,1.1443176637634425,0.9483598418237718,0.8661575254218581,0.9581785090834325,0.9300369963138311,-0.8033799851591075,-0.6338046901955154,0.44528651756099674,1.0459023356508208,0.9399637541869525,1.0,0.0,0.0,0.0,1.0,1.0,0.0,0.0,0.0,1.0,0.0,0.0,0.0,0.0,0.0,0.0,0.0,0.0,0.0,0.0,0.0,0.0,0.0,0.0,0.0,0.0,0.0,1.0,0.0,0.0,0.0,0.0,0.0,0.0,0.0,0.0,0.0,0.0,0.0,0.0,0.0,0.0,0.0,0.0,0.0,0.0,1.0,0.0,1.1306560710256615
0.8169193720154634,1.0275195068237275,0.866025403784441,1.262288989881439,1.4142135623730947,-1.1315828207485263,1.402314018950741,1.1443176637634425,0.7223327569861199,0.9571076183291574,0.7903646698382796,0.7324370145356197,-0.8046633153626516,-0.5882057773142562,0.6620303105475435,0.7551511197982697,1.2300668650564286,1.0,0.0,0.0,0.0,1.0,1.0,0.0,0.0,0.0,1.0,0.0,0.0,0.0,0.0,0.0,0.0,0.0,0.0,0.0,0.0,0.0,0.0,0.0,0.0,0.0,0.0,0.0,1.0,0.0,0.0,0.0,0.0,0.0,0.0,0.0,0.0,0.0,0.0,0.0,0.0,0.0,0.0,0.0,0.0,0.0,0.0,1.0,0.0,1.0236354195214319
0.8169193720154634,1.0275195068237275,0.866025403784441,1.262288989881439,1.4142135623730947,-1.1315828207485263,1.402314018950741,1.1443176637634425,0.8435453211098412,0.855380886809144,0.777060746946788,0.8553236253664486,-0.8097966361768278,-0.7048541591035241,1.9418038882271977,1.0430795083124464,1.1350691108081883,1.0,0.0,0.0,0.0,1.0,1.0,0.0,0.0,0.0,1.0,0.0,0.0,0.0,0.0,0.0,0.0,0.0,0.0,0.0,0.0,0.0,0.0,0.0,0.0,0.0,0.0,0.0,0.0,0.0,0.0,0.0,0.0,0.0,0.0,1.0,0.0,0.0,0.0,0.0,0.0,0.0,0.0,0.0,0.0,0.0,0.0,1.0,0.0,0.6262630874144222
0.8169193720154634,1.0275195068237275,0.866025403784441,1.262288989881439,1.4142135623730947,-1.1315828207485263,1.402314018950741,1.1443176637634425,1.0753338806590411,0.8023266659465528,0.6670728695765347,0.7311179225344298,-0.8065883106679675,-0.7706014288392935,1.9220999070466032,1.1192958464485525,1.1437899182744384,1.0,0.0,0.0,0.0,1.0,1.0,0.0,0.0,0.0,1.0,0.0,0.0,0.0,0.0,0.0,0.0,0.0,0.0,0.0,0.0,0.0,0.0,0.0,0.0,0.0,0.0,0.0,0.0,0.0,0.0,0.0,0.0,0.0,0.0,1.0,0.0,0.0,0.0,0.0,0.0,0.0,0.0,0.0,0.0,0.0,0.0,1.0,0.0,0.684312065172596
0.8169193720154634,1.0275195068237275,0.866025403784441,1.262288989881439,1.4142135623730947,-1.1315828207485263,1.402314018950741,1.1443176637634425,1.0190487046308419,0.8654469778210198,0.5865907221834515,0.8582783914491133,-0.8168549522963202,-0.697431080262389,1.9181591108104836,1.4298068536697226,1.0126825706112568,1.0,0.0,0.0,0.0,1.0,1.0,0.0,0.0,0.0,1.0,0.0,0.0,0.0,0.0,0.0,0.0,0.0,0.0,0.0,0.0,0.0,0.0,0.0,0.0,0.0,0.0,0.0,0.0,0.0,0.0,0.0,0.0,0.0,0.0,1.0,0.0,0.0,0.0,0.0,0.0,0.0,0.0,0.0,0.0,0.0,0.0,1.0,0.0,0.6488571836193778
0.8169193720154634,1.0275195068237275,0.866025403784441,1.262288989881439,1.4142135623730947,-1.1315828207485263,1.402314018950741,1.1443176637634425,1.0039802323083316,0.9556865231274808,0.78562267752052,0.8130071539682837,-0.8155716220927761,-0.7281838354613778,1.8048612190220614,1.2820788896281352,1.1564850520599432,1.0,0.0,0.0,0.0,1.0,1.0,0.0,0.0,0.0,1.0,0.0,0.0,0.0,0.0,0.0,0.0,0.0,0.0,0.0,0.0,0.0,0.0,0.0,0.0,0.0,0.0,0.0,0.0,0.0,0.0,0.0,0.0,0.0,0.0,1.0,0.0,0.0,0.0,0.0,0.0,0.0,0.0,0.0,0.0,0.0,0.0,1.0,0.0,0.6292532581478257
0.8169193720154634,1.0275195068237275,0.866025403784441,1.262288989881439,1.4142135623730947,-1.1315828207485263,1.402314018950741,1.1443176637634425,0.7642142462354495,0.7936816701363537,1.0099452585523063,0.9747278333141374,-0.7988883294467032,-0.7197003167857947,2.173325667099191,0.839835939949498,1.0607151429839623,1.0,0.0,0.0,0.0,1.0,1.0,0.0,0.0,0.0,1.0,0.0,0.0,0.0,0.0,0.0,0.0,0.0,0.0,0.0,0.0,0.0,0.0,0.0,0.0,0.0,0.0,0.0,0.0,0.0,0.0,0.0,0.0,0.0,0.0,1.0,0.0,0.0,0.0,0.0,0.0,0.0,0.0,0.0,0.0,0.0,0.0,1.0,0.0,0.5355205592394879
0.8169193720154634,1.0275195068237275,0.866025403784441,1.262288989881439,1.4142135623730947,-1.1315828207485263,1.402314018950741,1.1443176637634425,0.8435453211098412,0.855380886809144,0.777060746946788,0.8553236253664486,-0.8097966361768278,-0.7048541591035241,0.4640052996825622,-0.8388053839370748,1.1350691108081883,1.0,0.0,0.0,0.0,1.0,1.0,0.0,0.0,0.0,1.0,0.0,0.0,0.0,0.0,0.0,0.0,0.0,0.0,0.0,0.0,0.0,0.0,0.0,0.0,1.0,0.0,0.0,0.0,0.0,0.0,0.0,0.0,0.0,0.0,0.0,0.0,0.0,0.0,0.0,0.0,0.0,0.0,0.0,0.0,1.0,0.0,0.0,0.0,2.0343894072776316
0.8169193720154634,1.0275195068237275,0.866025403784441,1.262288989881439,1.4142135623730947,-1.1315828207485263,1.402314018950741,1.1443176637634425,0.9516837695419726,0.9716738441463417,0.898771883102613,0.928559613272499,-0.8117216314821439,-0.7578761508259189,0.18519396597714105,-0.7814078947234645,1.3107116236831318,1.0,0.0,0.0,0.0,1.0,1.0,0.0,0.0,0.0,1.0,0.0,0.0,0.0,0.0,0.0,0.0,0.0,0.0,0.0,0.0,0.0,0.0,0.0,0.0,1.0,0.0,0.0,0.0,0.0,0.0,0.0,0.0,0.0,0.0,0.0,0.0,0.0,0.0,0.0,0.0,0.0,0.0,0.0,0.0,1.0,0.0,0.0,0.0,2.030255038559507
0.8169193720154634,1.0275195068237275,0.866025403784441,1.262288989881439,1.4142135623730947,-1.1315828207485263,1.402314018950741,1.1443176637634425,0.8936258320640659,0.9341332459020528,0.9352588795475953,0.9298259415936412,-0.814288291889232,-0.5521508229430278,0.3556334031892891,-0.932899628549551,1.2964494698060351,1.0,0.0,0.0,0.0,1.0,1.0,0.0,0.0,0.0,1.0,0.0,0.0,0.0,0.0,0.0,0.0,0.0,0.0,0.0,0.0,0.0,0.0,0.0,0.0,1.0,0.0,0.0,0.0,0.0,0.0,0.0,0.0,0.0,0.0,0.0,0.0,0.0,0.0,0.0,0.0,0.0,0.0,0.0,0.0,1.0,0.0,0.0,0.0,2.0981898869056703
0.8169193720154634,1.0275195068237275,0.866025403784441,1.262288989881439,1.4142135623730947,-1.1315828207485263,1.402314018950741,1.1443176637634425,0.9574452442535206,0.7562594964922046,0.8231634500361158,0.7416706585439472,-0.8149299569910041,-0.550029943274132,0.48863527615830604,-0.8604470601979445,1.0465211204151958,1.0,0.0,0.0,0.0,1.0,1.0,0.0,0.0,0.0,1.0,0.0,0.0,0.0,0.0,0.0,0.0,0.0,0.0,0.0,0.0,0.0,0.0,0.0,0.0,1.0,0.0,0.0,0.0,0.0,0.0,0.0,0.0,0.0,0.0,0.0,0.0,0.0,0.0,0.0,0.0,0.0,0.0,0.0,0.0,1.0,0.0,0.0,0.0,1.890296741068444
0.8169193720154634,1.0275195068237275,0.866025403784441,1.262288989881439,1.4142135623730947,-1.1315828207485263,1.402314018950741,1.1443176637634425,0.9237627767090859,0.7793522935194487,0.7982679903678789,0.7562334342370809,-0.8194216127034083,-0.5574530221152671,0.5024280629847229,-0.8322187868142014,1.1333431176638264,1.0,0.0,0.0,0.0,1.0,1.0,0.0,0.0,0.0,1.0,0.0,0.0,0.0,0.0,0.0,0.0,0.0,0.0,0.0,0.0,0.0,0.0,0.0,0.0,1.0,0.0,0.0,0.0,0.0,0.0,0.0,0.0,0.0,0.0,0.0,0.0,0.0,0.0,0.0,0.0,0.0,0.0,0.0,0.0,1.0,0.0,0.0,0.0,1.9189474586058564
0.8169193720154634,1.0275195068237275,0.866025403784441,1.262288989881439,1.4142135623730947,-1.1315828207485263,1.402314018950741,1.1443176637634425,0.8435453211098412,0.855380886809144,0.777060746946788,0.8553236253664486,-0.8097966361768278,-0.7048541591035241,0.4640052996825622,-0.8388053839370748,1.1350691108081883,1.0,0.0,0.0,0.0,1.0,1.0,0.0,0.0,0.0,1.0,0.0,0.0,0.0,0.0,0.0,0.0,0.0,0.0,0.0,0.0,0.0,0.0,1.0,0.0,0.0,0.0,0.0,0.0,0.0,0.0,0.0,0.0,0.0,0.0,0.0,0.0,0.0,0.0,0.0,0.0,0.0,0.0,0.0,0.0,0.0,1.0,0.0,0.0,-0.6064195414582473
0.8169193720154634,1.0275195068237275,0.866025403784441,1.262288989881439,1.4142135623730947,-1.1315828207485263,1.402314018950741,1.1443176637634425,0.6735818171191755,0.9819767843584971,0.8848093501669878,0.9066626860527502,-0.8194216127034083,-0.6401673292022028,0.24824670575504557,-0.9460728227952975,1.050926945020541,1.0,0.0,0.0,0.0,1.0,1.0,0.0,0.0,0.0,1.0,0.0,0.0,0.0,0.0,0.0,0.0,0.0,0.0,0.0,0.0,0.0,0.0,1.0,0.0,0.0,0.0,0.0,0.0,0.0,0.0,0.0,0.0,0.0,0.0,0.0,0.0,0.0,0.0,0.0,0.0,0.0,0.0,0.0,0.0,0.0,1.0,0.0,0.0,-0.5819489605583494
0.8169193720154634,1.0275195068237275,0.866025403784441,1.262288989881439,1.4142135623730947,-1.1315828207485263,1.402314018950741,1.1443176637634425,1.0061961841204656,0.8566835574106808,0.9222184006737565,0.9885519174866051,-0.8059466455661957,-0.5616947814530587,0.4915908733353955,-1.0693362832376414,1.1383621240441422,1.0,0.0,0.0,0.0,1.0,1.0,0.0,0.0,0.0,1.0,0.0,0.0,0.0,0.0,0.0,0.0,0.0,0.0,0.0,0.0,0.0,0.0,1.0,0.0,0.0,0.0,0.0,0.0,0.0,0.0,0.0,0.0,0.0,0.0,0.0,0.0,0.0,0.0,0.0,0.0,0.0,0.0,0.0,0.0,0.0,1.0,0.0,0.0,-0.5691491991026049
0.8169193720154634,1.0275195068237275,0.866025403784441,1.262288989881439,1.4142135623730947,-1.1315828207485263,1.402314018950741,1.1443176637634425,1.0414298179333936,0.8777631362355498,0.7084335803481029,0.9352606006385423,-0.812363296583916,-0.5627552212875067,0.6117851585370256,-0.8519785781828213,1.1256669902586374,1.0,0.0,0.0,0.0,1.0,1.0,0.0,0.0,0.0,1.0,0.0,0.0,0.0,0.0,0.0,0.0,0.0,0.0,0.0,0.0,0.0,0.0,1.0,0.0,0.0,0.0,0.0,0.0,0.0,0.0,0.0,0.0,0.0,0.0,0.0,0.0,0.0,0.0,0.0,0.0,0.0,0.0,0.0,0.0,0.0,1.0,0.0,0.0,-0.5753888921126161
0.8169193720154634,1.0275195068237275,0.866025403784441,1.262288989881439,1.4142135623730947,-1.1315828207485263,1.402314018950741,1.1443176637634425,0.6824456243677107,1.0016352679816891,0.8645241608076841,0.7259998455698141,-0.8149299569910041,-0.6507717275466818,0.5241024422833773,-1.0053521969011576,1.0616689813005833,1.0,0.0,0.0,0.0,1.0,1.0,0.0,0.0,0.0,1.0,0.0,0.0,0.0,0.0,0.0,0.0,0.0,0.0,0.0,0.0,0.0,0.0,1.0,0.0,0.0,0.0,0.0,0.0,0.0,0.0,0.0,0.0,0.0,0.0,0.0,0.0,0.0,0.0,0.0,0.0,0.0,0.0,0.0,0.0,0.0,1.0,0.0,0.0,-0.5788062300936491
-1.153622626697513,-1.1409903274091526,-1.1547005383792492,-1.042760469902058,-0.7071067811865478,0.01825133581852455,-0.5829844797885103,-1.108557736770835,-1.172970827931956,-1.1696797755799415,-1.2119415863356355,-1.2077362644941878,0.4093670571900408,-0.17463424187957802,-0.5211937593471948,-0.3683341608746945,-0.9088701390941788,0.0,1.0,1.0,0.0,0.0,0.0,0.0,1.0,1.0,0.0,0.0,0.0,0.0,0.0,0.0,0.0,0.0,0.0,0.0,0.0,0.0,0.0,0.0,0.0,0.0,0.0,0.0,0.0,0.0,0.0,0.0,0.0,0.0,0.0,0.0,1.0,0.0,0.0,0.0,0.0,0.0,0.0,0.0,0.0,0.0,0.0,0.0,1.0,0.22045420216673614
-1.153622626697513,-1.1409903274091526,-1.1547005383792492,-1.042760469902058,-0.7071067811865478,0.01825133581852455,-0.5829844797885103,-1.108557736770835,-1.139066765206308,-1.1515608117585654,-1.3713252170158823,-1.2715803173517675,0.38626711352624743,-0.21281007591970216,-0.6492696370210631,-0.6195657939900056,-0.9088701390941788,0.0,1.0,1.0,0.0,0.0,0.0,0.0,1.0,1.0,0.0,0.0,0.0,0.0,0.0,0.0,0.0,0.0,0.0,0.0,0.0,0.0,0.0,0.0,0.0,0.0,0.0,0.0,0.0,0.0,0.0,0.0,0.0,0.0,0.0,0.0,1.0,0.0,0.0,0.0,0.0,0.0,0.0,0.0,0.0,0.0,0.0,0.0,1.0,0.2428499707210072
-1.153622626697513,-1.1409903274091526,-1.1547005383792492,-1.042760469902058,-0.7071067811865478,0.01825133581852455,-0.5829844797885103,-1.108557736770835,-1.1049411072994468,-1.1333234233370497,-1.1950811692058243,-1.2009825134480967,0.3760004718978949,-0.22977711327086847,-0.6689736182016583,-0.40126714648906125,-0.9088701390941788,0.0,1.0,1.0,0.0,0.0,0.0,0.0,1.0,1.0,0.0,0.0,0.0,0.0,0.0,0.0,0.0,0.0,0.0,0.0,0.0,0.0,0.0,0.0,0.0,0.0,0.0,0.0,0.0,0.0,0.0,0.0,0.0,0.0,0.0,0.0,1.0,0.0,0.0,0.0,0.0,0.0,0.0,0.0,0.0,0.0,0.0,0.0,1.0,0.2035810958853851
-1.153622626697513,-1.1409903274091526,-1.1547005383792492,-1.042760469902058,-0.7071067811865478,0.01825133581852455,-0.5829844797885103,-1.108557736770835,-1.1933575846035873,-1.1805748387927952,-1.09378694441813,-1.1604072434915027,0.38177545781384314,-0.22023315476083755,-0.47094860733667704,-0.5922784630523875,-0.9088701390941788,0.0,1.0,1.0,0.0,0.0,0.0,0.0,1.0,1.0,0.0,0.0,0.0,0.0,0.0,0.0,0.0,0.0,0.0,0.0,0.0,0.0,0.0,0.0,0.0,0.0,0.0,0.0,0.0,0.0,0.0,0.0,0.0,0.0,0.0,0.0,1.0,0.0,0.0,0.0,0.0,0.0,0.0,0.0,0.0,0.0,0.0,0.0,1.0,0.29613908486274265
-1.153622626697513,-1.1409903274091526,-1.1547005383792492,-1.042760469902058,-0.7071067811865478,0.01825133581852455,-0.5829844797885103,-1.108557736770835,-1.02982034086811,-1.0931774838896873,-1.0781120253677587,-1.1541283655658399,0.5017668318452141,-0.02193090571908139,-0.45912621862832,-0.49912516088603603,-0.9088701390941788,0.0,1.0,1.0,0.0,0.0,0.0,0.0,1.0,1.0,0.0,0.0,0.0,0.0,0.0,0.0,0.0,0.0,0.0,0.0,0.0,0.0,0.0,0.0,0.0,0.0,0.0,0.0,0.0,0.0,0.0,0.0,0.0,0.0,0.0,0.0,1.0,0.0,0.0,0.0,0.0,0.0,0.0,0.0,0.0,0.0,0.0,0.0,1.0,0.2786557396562068
-1.153622626697513,-1.1409903274091526,-1.1547005383792492,-1.042760469902058,-0.7071067811865478,0.01825133581852455,-0.5829844797885103,-1.108557736770835,-1.1290949820517058,-1.1462317047522783,-1.2118098643268083,-1.20768350081414,0.3541838584376455,-0.26583206764209705,-0.5408977405277899,-0.19708263567998813,-0.9088701390941788,0.0,1.0,1.0,0.0,0.0,0.0,0.0,1.0,1.0,0.0,0.0,0.0,0.0,0.0,0.0,0.0,0.0,0.0,0.0,0.0,0.0,0.0,0.0,0.0,0.0,0.0,0.0,0.0,0.0,0.0,0.0,0.0,0.0,0.0,0.0,1.0,0.0,0.0,0.0,0.0,0.0,0.0,0.0,0.0,0.0,0.0,0.0,1.0,0.2109649868801171
-1.153622626697513,-1.1409903274091526,-1.1547005383792492,-1.042760469902058,-0.7071067811865478,0.01825133581852455,-0.5829844797885103,-1.108557736770835,-1.0579629288822094,-1.1082174081074307,-1.091679392276903,-1.159563024610741,0.3541838584376455,-0.26583206764209705,-0.6965591918544916,-0.44455049901080007,-0.9088701390941788,0.0,1.0,1.0,0.0,0.0,0.0,0.0,1.0,1.0,0.0,0.0,0.0,0.0,0.0,0.0,0.0,0.0,0.0,0.0,0.0,0.0,0.0,0.0,0.0,0.0,0.0,0.0,0.0,0.0,0.0,0.0,0.0,0.0,0.0,0.0,1.0,0.0,0.0,0.0,0.0,0.0,0.0,0.0,0.0,0.0,0.0,0.0,1.0,0.14011624766619776
-1.153622626697513,-1.1409903274091526,-1.1547005383792492,-1.042760469902058,-0.7071067811865478,0.01825133581852455,-0.5829844797885103,-1.108557736770835,-1.1689821146701151,-1.1675481327774269,-1.1728201497141197,-1.1920654515200544,0.4472252981945907,-0.11206829164715267,-0.45518542239220094,-0.6186248515438808,-0.9088701390941788,0.0,1.0,1.0,0.0,0.0,0.0,0.0,1.0,1.0,0.0,0.0,0.0,0.0,0.0,0.0,0.0,0.0,0.0,0.0,0.0,0.0,0.0,0.0,0.0,0.0,0.0,0.0,0.0,0.0,0.0,0.0,0.0,0.0,0.0,0.0,1.0,0.0,0.0,0.0,0.0,0.0,0.0,0.0,0.0,0.0,0.0,0.0,1.0,0.27676399898813453
-1.153622626697513,-1.1409903274091526,-1.1547005383792492,-1.042760469902058,-0.7071067811865478,0.01825133581852455,-0.5829844797885103,-1.108557736770835,-1.2538530690748413,-1.2129047546309366,-1.2160249686092615,-1.209371938575663,0.31440062212777936,-0.3315793373778662,-0.34779872495795744,-0.1904960385571147,-0.9088701390941788,0.0,1.0,1.0,0.0,0.0,0.0,0.0,1.0,1.0,0.0,0.0,0.0,0.0,0.0,0.0,0.0,0.0,0.0,0.0,0.0,0.0,0.0,0.0,0.0,0.0,0.0,0.0,0.0,0.0,0.0,0.0,0.0,0.0,0.0,0.0,1.0,0.0,0.0,0.0,0.0,0.0,0.0,0.0,0.0,0.0,0.0,0.0,1.0,0.2156790825771677
-1.153622626697513,-1.1409903274091526,-1.1547005383792492,-1.042760469902058,-0.7071067811865478,0.01825133581852455,-0.5829844797885103,-1.108557736770835,-1.0801224470035478,-1.1200598681214018,-1.1776938640407066,-1.1940177076818153,0.48508353919914093,-0.04950234141472685,-0.4404074365067549,-0.30717290187658514,-0.9088701390941788,0.0,1.0,1.0,0.0,0.0,0.0,0.0,1.0,1.0,0.0,0.0,0.0,0.0,0.0,0.0,0.0,0.0,0.0,0.0,0.0,0.0,0.0,0.0,0.0,0.0,0.0,0.0,0.0,0.0,0.0,0.0,0.0,0.0,0.0,0.0,1.0,0.0,0.0,0.0,0.0,0.0,0.0,0.0,0.0,0.0,0.0,0.0,1.0,0.12580614487062167
-1.153622626697513,-1.1409903274091526,-1.1547005383792492,-1.042760469902058,-0.7071067811865478,0.01825133581852455,-0.5829844797885103,-1.108557736770835,-1.2394493822959713,-1.2052071556218553,-1.4622134031062712,-1.3079872565846022,0.9868656487848732,0.779761609123525,-0.5211937593471948,0.5726082852500661,-0.9088701390941788,0.0,1.0,1.0,0.0,0.0,0.0,0.0,1.0,1.0,0.0,0.0,0.0,0.0,0.0,0.0,0.0,0.0,0.0,0.0,0.0,0.0,0.0,0.0,0.0,0.0,0.0,0.0,0.0,0.0,0.0,0.0,0.0,0.0,0.0,0.0,0.0,1.0,0.0,0.0,0.0,0.0,0.0,0.0,0.0,0.0,0.0,0.0,1.0,-0.023641367907059757
-1.153622626697513,-1.1409903274091526,-1.1547005383792492,-1.042760469902058,-0.7071067811865478,0.01825133581852455,-0.5829844797885103,-1.108557736770835,-1.164328615864634,-1.1650612161744929,-1.5289964615813834,-1.3347384423687287,1.072207107320554,0.9208001071050946,-0.44730382991996287,0.69587174569241,-0.9088701390941788,0.0,1.0,1.0,0.0,0.0,0.0,0.0,1.0,1.0,0.0,0.0,0.0,0.0,0.0,0.0,0.0,0.0,0.0,0.0,0.0,0.0,0.0,0.0,0.0,0.0,0.0,0.0,0.0,0.0,0.0,0.0,0.0,0.0,0.0,0.0,0.0,1.0,0.0,0.0,0.0,0.0,0.0,0.0,0.0,0.0,0.0,0.0,1.0,0.013567950556064832
-1.153622626697513,-1.1409903274091526,-1.1547005383792492,-1.042760469902058,-0.7071067811865478,0.01825133581852455,-0.5829844797885103,-1.108557736770835,-1.1685389243076882,-1.1673112835771473,-1.5665372340969788,-1.349776091182291,0.9567073890015874,0.7299209369044739,-0.5359717452326414,0.8417178248417473,-0.9088701390941788,0.0,1.0,1.0,0.0,0.0,0.0,0.0,1.0,1.0,0.0,0.0,0.0,0.0,0.0,0.0,0.0,0.0,0.0,0.0,0.0,0.0,0.0,0.0,0.0,0.0,0.0,0.0,0.0,0.0,0.0,0.0,0.0,0.0,0.0,0.0,0.0,1.0,0.0,0.0,0.0,0.0,0.0,0.0,0.0,0.0,0.0,0.0,1.0,-0.08805208646028234
-1.153622626697513,-1.1409903274091526,-1.1547005383792492,-1.042760469902058,-0.7071067811865478,0.01825133581852455,-0.5829844797885103,-1.108557736770835,-1.1468225965487764,-1.1557056727634554,-1.5635076278939655,-1.3485625265411962,1.0638654609975176,0.9070143892572722,-0.3960734788504159,0.8153714363502544,-0.9088701390941788,0.0,1.0,1.0,0.0,0.0,0.0,0.0,1.0,1.0,0.0,0.0,0.0,0.0,0.0,0.0,0.0,0.0,0.0,0.0,0.0,0.0,0.0,0.0,0.0,0.0,0.0,0.0,0.0,0.0,0.0,0.0,0.0,0.0,0.0,0.0,0.0,1.0,0.0,0.0,0.0,0.0,0.0,0.0,0.0,0.0,0.0,0.0,1.0,-0.12034898157567174
-1.153622626697513,-1.1409903274091526,-1.1547005383792492,-1.042760469902058,-0.7071067811865478,0.01825133581852455,-0.5829844797885103,-1.108557736770835,-1.2691431365785648,-1.221076052040577,-1.4655064533269375,-1.3093063485857919,1.0073989320415784,0.8136956838258576,-0.46011141768735003,0.7429188679986478,-0.9088701390941788,0.0,1.0,1.0,0.0,0.0,0.0,0.0,1.0,1.0,0.0,0.0,0.0,0.0,0.0,0.0,0.0,0.0,0.0,0.0,0.0,0.0,0.0,0.0,0.0,0.0,0.0,0.0,0.0,0.0,0.0,0.0,0.0,0.0,0.0,0.0,0.0,1.0,0.0,0.0,0.0,0.0,0.0,0.0,0.0,0.0,0.0,0.0,1.0,-0.008324370884928772
-1.153622626697513,-1.1409903274091526,-1.1547005383792492,-1.042760469902058,-0.7071067811865478,0.01825133581852455,-0.5829844797885103,-1.108557736770835,-1.265376018497937,-1.2190628338382017,-1.3431367071269793,-1.260288889821584,1.0510321589620768,0.8858055925683143,-0.374399099551761,0.5566122636659449,-0.9088701390941788,0.0,1.0,1.0,0.0,0.0,0.0,0.0,1.0,1.0,0.0,0.0,0.0,0.0,0.0,0.0,0.0,0.0,0.0,0.0,0.0,0.0,0.0,0.0,0.0,0.0,0.0,0.0,0.0,0.0,0.0,0.0,0.0,0.0,0.0,0.0,0.0,1.0,0.0,0.0,0.0,0.0,0.0,0.0,0.0,0.0,0.0,0.0,1.0,-0.021124132340673424
-1.153622626697513,-1.1409903274091526,-1.1547005383792492,-1.042760469902058,-0.7071067811865478,0.01825133581852455,-0.5829844797885103,-1.108557736770835,-1.2702511124846316,-1.2216681750412755,-1.3204805216087954,-1.251213536853399,1.0215155642805631,0.837025360183711,-0.4049402703816836,0.4173527816394806,-0.9088701390941788,0.0,1.0,1.0,0.0,0.0,0.0,0.0,1.0,1.0,0.0,0.0,0.0,0.0,0.0,0.0,0.0,0.0,0.0,0.0,0.0,0.0,0.0,0.0,0.0,0.0,0.0,0.0,0.0,0.0,0.0,0.0,0.0,0.0,0.0,0.0,0.0,1.0,0.0,0.0,0.0,0.0,0.0,0.0,0.0,0.0,0.0,0.0,1.0,-0.040209354725818845
-1.153622626697513,-1.1409903274091526,-1.1547005383792492,-1.042760469902058,-0.7071067811865478,0.01825133581852455,-0.5829844797885103,-1.108557736770835,-1.3039335800290661,-1.2396687142625118,-1.4494363682500861,-1.3028691796199863,1.1184069946481405,0.9971517751853429,-0.4808005979269749,0.6243601197869277,-0.9088701390941788,0.0,1.0,1.0,0.0,0.0,0.0,0.0,1.0,1.0,0.0,0.0,0.0,0.0,0.0,0.0,0.0,0.0,0.0,0.0,0.0,0.0,0.0,0.0,0.0,0.0,0.0,0.0,0.0,0.0,0.0,0.0,0.0,0.0,0.0,0.0,0.0,1.0,0.0,0.0,0.0,0.0,0.0,0.0,0.0,0.0,0.0,0.0,1.0,0.002797233526558325
-1.153622626697513,-1.1409903274091526,-1.1547005383792492,-1.042760469902058,-0.7071067811865478,0.01825133581852455,-0.5829844797885103,-1.108557736770835,-1.2587281630615357,-1.2155100958340104,-1.4117638737256644,-1.2877787671263765,0.9393824312537427,0.7012890613743811,-0.585231698184129,0.49168723488333643,-0.9088701390941788,0.0,1.0,1.0,0.0,0.0,0.0,0.0,1.0,1.0,0.0,0.0,0.0,0.0,0.0,0.0,0.0,0.0,0.0,0.0,0.0,0.0,0.0,0.0,0.0,0.0,0.0,0.0,0.0,0.0,0.0,0.0,0.0,0.0,0.0,0.0,0.0,1.0,0.0,0.0,0.0,0.0,0.0,0.0,0.0,0.0,0.0,0.0,1.0,-0.08933358820316982
-1.153622626697513,-1.1409903274091526,-1.1547005383792492,-1.042760469902058,-0.7071067811865478,0.01825133581852455,-0.5829844797885103,-1.108557736770835,-1.303268794485426,-1.2393134404620927,-1.5391390562610352,-1.3388012457323928,1.1466402591261102,1.0438111279010502,-0.6128172718369622,0.5152107960364558,-0.9088701390941788,0.0,1.0,1.0,0.0,0.0,0.0,0.0,1.0,1.0,0.0,0.0,0.0,0.0,0.0,0.0,0.0,0.0,0.0,0.0,0.0,0.0,0.0,0.0,0.0,0.0,0.0,0.0,0.0,0.0,0.0,0.0,0.0,0.0,0.0,0.0,0.0,1.0,0.0,0.0,0.0,0.0,0.0,0.0,0.0,0.0,0.0,0.0,1.0,0.008441943584514925
-1.153622626697513,-1.1409903274091526,-1.1547005383792492,-1.042760469902058,-0.7071067811865478,0.01825133581852455,-0.5829844797885103,-1.108557736770835,-1.128651791689279,-1.1459948555519992,0.6058221354721426,-0.4795974798374924,1.2435316894936876,1.2039375429026817,-0.5211937593471948,1.5135507313748269,-0.9088701390941788,0.0,1.0,1.0,0.0,0.0,0.0,0.0,1.0,1.0,0.0,0.0,0.0,0.0,0.0,0.0,0.0,0.0,0.0,0.0,0.0,0.0,0.0,0.0,0.0,0.0,0.0,0.0,0.0,0.0,0.0,0.0,0.0,0.0,0.0,0.0,0.0,0.0,1.0,0.0,0.0,0.0,0.0,0.0,0.0,0.0,0.0,0.0,1.0,0.7849252079623892
-1.153622626697513,-1.1409903274091526,-1.1547005383792492,-1.042760469902058,-0.7071067811865478,0.01825133581852455,-0.5829844797885103,-1.108557736770835,-1.1774027315562234,-1.1720482675827357,0.5684130849653731,-0.4945823649710073,1.17808184911294,1.0957726797889968,-0.5379421433507006,1.4617988968379652,-0.9088701390941788,0.0,1.0,1.0,0.0,0.0,0.0,0.0,1.0,1.0,0.0,0.0,0.0,0.0,0.0,0.0,0.0,0.0,0.0,0.0,0.0,0.0,0.0,0.0,0.0,0.0,0.0,0.0,0.0,0.0,0.0,0.0,0.0,0.0,0.0,0.0,0.0,0.0,1.0,0.0,0.0,0.0,0.0,0.0,0.0,0.0,0.0,0.0,1.0,0.8392364723038087
-1.153622626697513,-1.1409903274091526,-1.1547005383792492,-1.042760469902058,-0.7071067811865478,0.01825133581852455,-0.5829844797885103,-1.108557736770835,-1.1565727845221654,-1.160916355169603,0.5514209458267354,-0.5013888796971459,1.2756149445822895,1.2569595346250766,-0.6394176464307658,1.5267239256205736,-0.9088701390941788,0.0,1.0,1.0,0.0,0.0,0.0,0.0,1.0,1.0,0.0,0.0,0.0,0.0,0.0,0.0,0.0,0.0,0.0,0.0,0.0,0.0,0.0,0.0,0.0,0.0,0.0,0.0,0.0,0.0,0.0,0.0,0.0,0.0,0.0,0.0,0.0,0.0,1.0,0.0,0.0,0.0,0.0,0.0,0.0,0.0,0.0,0.0,1.0,0.8250484172932693
-1.153622626697513,-1.1409903274091526,-1.1547005383792492,-1.042760469902058,-0.7071067811865478,0.01825133581852455,-0.5829844797885103,-1.108557736770835,-1.1386235748438815,-1.151323962558286,0.3564723727632931,-0.5794791261675739,1.1318819617853533,1.0194210117087485,-0.7172483720941163,1.1795161630005364,-0.9088701390941788,0.0,1.0,1.0,0.0,0.0,0.0,0.0,1.0,1.0,0.0,0.0,0.0,0.0,0.0,0.0,0.0,0.0,0.0,0.0,0.0,0.0,0.0,0.0,0.0,0.0,0.0,0.0,0.0,0.0,0.0,0.0,0.0,0.0,0.0,0.0,0.0,0.0,1.0,0.0,0.0,0.0,0.0,0.0,0.0,0.0,0.0,0.0,1.0,0.877117053584636
-1.153622626697513,-1.1409903274091526,-1.1547005383792492,-1.042760469902058,-0.7071067811865478,0.01825133581852455,-0.5829844797885103,-1.108557736770835,-1.1913632279726667,-1.1795090173915377,0.552079555870869,-0.5011250612969078,1.3359314641488607,1.3566408790631783,-0.44237783462481417,1.6772747170005355,-0.9088701390941788,0.0,1.0,1.0,0.0,0.0,0.0,0.0,1.0,1.0,0.0,0.0,0.0,0.0,0.0,0.0,0.0,0.0,0.0,0.0,0.0,0.0,0.0,0.0,0.0,0.0,0.0,0.0,0.0,0.0,0.0,0.0,0.0,0.0,0.0,0.0,0.0,0.0,1.0,0.0,0.0,0.0,0.0,0.0,0.0,0.0,0.0,0.0,1.0,0.7209569126299252
-1.153622626697513,-1.1409903274091526,-1.1547005383792492,-1.042760469902058,-0.7071067811865478,0.01825133581852455,-0.5829844797885103,-1.108557736770835,-1.143055478468149,-1.1536924545610803,0.39533036536715427,-0.5639138405535361,1.1947651417590128,1.123344115484642,-0.5862168972431586,1.6274047673559233,-0.9088701390941788,0.0,1.0,1.0,0.0,0.0,0.0,0.0,1.0,1.0,0.0,0.0,0.0,0.0,0.0,0.0,0.0,0.0,0.0,0.0,0.0,0.0,0.0,0.0,0.0,0.0,0.0,0.0,0.0,0.0,0.0,0.0,0.0,0.0,0.0,0.0,0.0,0.0,1.0,0.0,0.0,0.0,0.0,0.0,0.0,0.0,0.0,0.0,1.0,0.6752805290798658
-1.153622626697513,-1.1409903274091526,-1.1547005383792492,-1.042760469902058,-0.7071067811865478,0.01825133581852455,-0.5829844797885103,-1.108557736770835,-1.1796186833683577,-1.173232513584133,0.7590148317375368,-0.41823331994214935,1.1524152450420584,1.0533550864110812,-0.641388044548825,1.7252627817528976,-0.9088701390941788,0.0,1.0,1.0,0.0,0.0,0.0,0.0,1.0,1.0,0.0,0.0,0.0,0.0,0.0,0.0,0.0,0.0,0.0,0.0,0.0,0.0,0.0,0.0,0.0,0.0,0.0,0.0,0.0,0.0,0.0,0.0,0.0,0.0,0.0,0.0,0.0,0.0,1.0,0.0,0.0,0.0,0.0,0.0,0.0,0.0,0.0,0.0,1.0,0.8419062676014911
-1.153622626697513,-1.1409903274091526,-1.1547005383792492,-1.042760469902058,-0.7071067811865478,0.01825133581852455,-0.5829844797885103,-1.108557736770835,-1.1911416327914535,-1.1793905927913981,0.5861955561569716,-0.48745926816458285,1.2493066754096358,1.2134815014127127,-0.4492742280380226,1.8137113716886253,-0.9088701390941788,0.0,1.0,1.0,0.0,0.0,0.0,0.0,1.0,1.0,0.0,0.0,0.0,0.0,0.0,0.0,0.0,0.0,0.0,0.0,0.0,0.0,0.0,0.0,0.0,0.0,0.0,0.0,0.0,0.0,0.0,0.0,0.0,0.0,0.0,0.0,0.0,0.0,1.0,0.0,0.0,0.0,0.0,0.0,0.0,0.0,0.0,0.0,1.0,0.8353614551288869
-1.153622626697513,-1.1409903274091526,-1.1547005383792492,-1.042760469902058,-0.7071067811865478,0.01825133581852455,-0.5829844797885103,-1.108557736770835,-1.142390692924509,-1.1533371807606612,0.6354595874581382,-0.4677256518267857,1.2704816237681131,1.2484760159494936,-0.6197136652501706,1.804301947227378,-0.9088701390941788,0.0,1.0,1.0,0.0,0.0,0.0,0.0,1.0,1.0,0.0,0.0,0.0,0.0,0.0,0.0,0.0,0.0,0.0,0.0,0.0,0.0,0.0,0.0,0.0,0.0,0.0,0.0,0.0,0.0,0.0,0.0,0.0,0.0,0.0,0.0,0.0,0.0,1.0,0.0,0.0,0.0,0.0,0.0,0.0,0.0,0.0,0.0,1.0,0.7430323057484742
-1.153622626697513,-1.1409903274091526,-1.1547005383792492,-1.042760469902058,-0.7071067811865478,0.01825133581852455,-0.5829844797885103,-1.108557736770835,-0.995473087780035,-1.0748216708680318,0.6731320819825605,-0.45263523933317584,1.1947651417590128,1.123344115484642,-0.5310457499374922,1.2820788896281352,-0.9088701390941788,0.0,1.0,1.0,0.0,0.0,0.0,0.0,1.0,1.0,0.0,0.0,0.0,0.0,0.0,0.0,0.0,0.0,0.0,0.0,0.0,0.0,0.0,0.0,0.0,0.0,0.0,0.0,0.0,0.0,0.0,0.0,0.0,0.0,0.0,0.0,0.0,0.0,1.0,0.0,0.0,0.0,0.0,0.0,0.0,0.0,0.0,0.0,1.0,0.7678537740303526
