plant.name,plant.cultivar,model.name,model.weight,model.dimensions.length,model.dimensions.width,model.dimensions.height,model.tank_volume,model.rotors.power,model.rotors.number,model.nozzles.type,model.nozzles.number,model.particle_diameter.min,model.particle_diameter.max,model.swath_width.min,model.swath_width.max,model.water_pump.type,model.water_pump.flow_rate,model.water_pump.number,experiment.weather.temperature.min,experiment.weather.temperature.max,experiment.weather.humidity.min,experiment.weather.humidity.max,experiment.weather.velocity.min,experiment.weather.velocity.max,experiment.params.height,experiment.params.flight_speed,experiment.params.spray_volume,experiment.params.atomization_diameter,experiment.results.coverage.value,experiment.results.coverage.max,experiment.results.coverage.CV,experiment.results.droplet_size.value,experiment.results.droplet_size.max,experiment.results.droplet_size.CV,plant.phenotypes.height,model.positioning_mode,experiment.params.flow_rate
tea,Camellia sinensis,AGRAS T30,36.5,2.9,2.7,0.8,30,3600.0,6,SX11001VS,16,130.0,250.0,4,9,plunger pump,4.0,1.0,23.0,31.0,48.0,72.0,0.2,1.6,2.0,7.0,30.0,off,3.1,3.6,39.7,223.9,226.3,10.4,,,
tea,Camellia sinensis,AGRAS T30,36.5,2.9,2.7,0.8,30,3600.0,6,SX11001VS,16,130.0,250.0,4,9,plunger pump,4.0,1.0,23.378,31.948,46.525,71.065,0.209,1.601,2.051,6.509,28.238,off,3.168,3.601,39.406,219.892,226.725,10.464,,,
tea,Camellia sinensis,AGRAS T30,36.5,2.9,2.7,0.8,30,3600.0,6,SX11001VS,16,130.0,250.0,4,9,plunger pump,4.0,1.0,23.688,30.2,48.699,74.528,0.204,1.622,1.899,7.332,28.546,off,3.146,3.562,40.191,221.19,223.029,10.38,,,
tea,Camellia sinensis,AGRAS T30,36.5,2.9,2.7,0.8,30,3600.0,6,SX11001VS,16,130.0,250.0,4,9,plunger pump,4.0,1.0,22.559,30.806,46.981,72.819,0.206,1.578,2.144,7.295,29.768,off,3.05,3.654,39.033,226.786,226.786,10.351,,,
tea,Camellia sinensis,AGRAS T30,36.5,2.9,2.7,0.8,30,3600.0,6,SX11001VS,16,130.0,250.0,4,9,plunger pump,4.0,1.0,23.487,32.154,48.174,74.13,0.206,1.511,2.031,6.388,28.604,off,3.111,3.588,39.575,223.892,223.892,10.178,,,
tea,Camellia sinensis,AGRAS T30,36.5,2.9,2.7,0.8,30,3600.0,6,SX11001VS,16,130.0,250.0,4,9,plunger pump,4.0,1.0,23.13,30.648,46.537,70.937,0.207,1.568,1.871,7.248,30.678,off,3.17,3.698,39.011,223.437,223.67,10.59,,,
tea,Camellia sinensis,AGRAS T30,36.5,2.9,2.7,0.8,30,3600.0,6,SX11001VS,16,130.0,250.0,4,9,plunger pump,4.0,1.0,22.897,30.954,47.74,71.704,0.211,1.678,1.88,6.659,29.123,off,3.101,3.673,39.049,222.945,225.181,10.416,,,
tea,Camellia sinensis,AGRAS T30,36.5,2.9,2.7,0.8,30,3600.0,6,SX11001VS,16,130.0,250.0,4,9,plunger pump,4.0,1.0,22.297,31.419,47.747,70.357,0.202,1.557,2.113,7.102,30.897,off,3.15,3.58,39.187,224.073,226.225,10.269,,,
tea,Camellia sinensis,AGRAS T30,36.5,2.9,2.7,0.8,30,3600.0,6,SX11001VS,16,130.0,250.0,4,9,plunger pump,4.0,1.0,22.66,31.834,49.234,73.262,0.189,1.66,1.98,6.882,31.333,off,3.112,3.61,40.332,226.896,226.896,10.303,,,
tea,Camellia sinensis,AGRAS T30,36.5,2.9,2.7,0.8,30,3600.0,6,SX11001VS,16,130.0,250.0,4,9,plunger pump,4.0,1.0,23.735,31.087,46.161,71.034,0.199,1.46,1.929,7.49,30.434,off,3.171,3.609,40.388,224.907,224.907,10.368,,,
tea,Camellia sinensis,AGRAS T30,36.5,2.9,2.7,0.8,30,3600.0,6,SX11001VS,16,130.0,250.0,4,9,plunger pump,4.0,1.0,23.0,31.0,48.0,72.0,0.2,1.6,2.0,3.0,30.0,off,4.3,4.5,65.0,251.1,252.9,12.0,,,
tea,Camellia sinensis,AGRAS T30,36.5,2.9,2.7,0.8,30,3600.0,6,SX11001VS,16,130.0,250.0,4,9,plunger pump,4.0,1.0,22.987,30.025,47.651,72.345,0.207,1.662,1.929,3.217,29.872,off,4.287,4.564,65.587,249.631,250.696,12.15,,,
tea,Camellia sinensis,AGRAS T30,36.5,2.9,2.7,0.8,30,3600.0,6,SX11001VS,16,130.0,250.0,4,9,plunger pump,4.0,1.0,22.407,30.219,48.122,72.18,0.21,1.704,1.876,3.023,30.654,off,4.335,4.556,63.314,249.59,252.128,11.841,,,
tea,Camellia sinensis,AGRAS T30,36.5,2.9,2.7,0.8,30,3600.0,6,SX11001VS,16,130.0,250.0,4,9,plunger pump,4.0,1.0,22.089,31.839,46.43,70.05,0.202,1.653,2.036,2.803,30.43,off,4.289,4.487,66.058,251.614,251.614,11.964,,,
tea,Camellia sinensis,AGRAS T30,36.5,2.9,2.7,0.8,30,3600.0,6,SX11001VS,16,130.0,250.0,4,9,plunger pump,4.0,1.0,23.578,31.489,48.606,72.253,0.208,1.667,2.012,2.938,31.178,off,4.295,4.516,64.793,249.33,252.231,11.859,,,
tea,Camellia sinensis,AGRAS T30,36.5,2.9,2.7,0.8,30,3600.0,6,SX11001VS,16,130.0,250.0,4,9,plunger pump,4.0,1.0,23.028,31.542,47.657,71.374,0.19,1.554,1.883,3.062,32.7,off,4.249,4.543,63.314,248.862,248.862,11.963,,,
tea,Camellia sinensis,AGRAS T30,36.5,2.9,2.7,0.8,30,3600.0,6,SX11001VS,16,130.0,250.0,4,9,plunger pump,4.0,1.0,22.881,31.575,49.419,71.1,0.191,1.725,2.131,2.895,28.453,off,4.3,4.52,65.626,255.053,255.053,12.119,,,
tea,Camellia sinensis,AGRAS T30,36.5,2.9,2.7,0.8,30,3600.0,6,SX11001VS,16,130.0,250.0,4,9,plunger pump,4.0,1.0,23.161,30.4,47.202,72.112,0.209,1.67,2.067,2.782,29.821,off,4.264,4.555,63.98,252.17,255.677,11.938,,,
tea,Camellia sinensis,AGRAS T30,36.5,2.9,2.7,0.8,30,3600.0,6,SX11001VS,16,130.0,250.0,4,9,plunger pump,4.0,1.0,22.99,31.859,47.509,71.045,0.205,1.592,1.976,3.191,32.35,off,4.381,4.499,65.636,245.941,249.934,11.967,,,
tea,Camellia sinensis,AGRAS T30,36.5,2.9,2.7,0.8,30,3600.0,6,SX11001VS,16,130.0,250.0,4,9,plunger pump,4.0,1.0,22.267,31.302,49.438,69.677,0.206,1.653,1.995,2.794,32.223,off,4.252,4.54,65.171,254.458,257.427,12.197,,,
tea,Camellia sinensis,AGRAS T30,36.5,2.9,2.7,0.8,30,3600.0,6,SX11001VS,16,130.0,250.0,4,9,plunger pump,4.0,1.0,23.0,31.0,48.0,72.0,0.2,1.6,3.5,3.0,30.0,off,3.5,4.2,48.4,237.2,248.1,9.6,,,
tea,Camellia sinensis,AGRAS T30,36.5,2.9,2.7,0.8,30,3600.0,6,SX11001VS,16,130.0,250.0,4,9,plunger pump,4.0,1.0,23.787,31.054,48.593,69.956,0.198,1.541,3.533,3.04,29.056,off,3.5,4.133,47.789,235.554,247.915,9.479,,,
tea,Camellia sinensis,AGRAS T30,36.5,2.9,2.7,0.8,30,3600.0,6,SX11001VS,16,130.0,250.0,4,9,plunger pump,4.0,1.0,23.512,31.319,46.42,74.31,0.189,1.679,3.83,3.132,29.296,off,3.541,4.187,48.276,241.653,247.629,9.538,,,
tea,Camellia sinensis,AGRAS T30,36.5,2.9,2.7,0.8,30,3600.0,6,SX11001VS,16,130.0,250.0,4,9,plunger pump,4.0,1.0,22.908,30.34,47.96,70.737,0.192,1.591,3.603,3.049,30.875,off,3.476,4.215,47.854,239.102,249.344,9.456,,,
tea,Camellia sinensis,AGRAS T30,36.5,2.9,2.7,0.8,30,3600.0,6,SX11001VS,16,130.0,250.0,4,9,plunger pump,4.0,1.0,23.046,31.655,47.417,70.399,0.192,1.67,3.449,2.975,30.108,off,3.47,4.147,48.076,236.154,247.975,9.496,,,
tea,Camellia sinensis,AGRAS T30,36.5,2.9,2.7,0.8,30,3600.0,6,SX11001VS,16,130.0,250.0,4,9,plunger pump,4.0,1.0,22.549,30.4,47.794,70.264,0.199,1.579,3.345,3.086,27.145,off,3.509,4.158,49.293,235.874,251.01,9.568,,,
tea,Camellia sinensis,AGRAS T30,36.5,2.9,2.7,0.8,30,3600.0,6,SX11001VS,16,130.0,250.0,4,9,plunger pump,4.0,1.0,22.381,31.023,48.618,71.245,0.212,1.636,3.473,2.944,28.814,off,3.448,4.213,48.893,236.107,247.865,9.698,,,
tea,Camellia sinensis,AGRAS T30,36.5,2.9,2.7,0.8,30,3600.0,6,SX11001VS,16,130.0,250.0,4,9,plunger pump,4.0,1.0,23.135,30.422,46.968,70.052,0.199,1.551,3.23,2.951,31.185,off,3.423,4.242,47.363,240.815,248.416,9.55,,,
tea,Camellia sinensis,AGRAS T30,36.5,2.9,2.7,0.8,30,3600.0,6,SX11001VS,16,130.0,250.0,4,9,plunger pump,4.0,1.0,22.815,31.408,46.921,72.959,0.198,1.672,3.601,2.959,31.723,off,3.475,4.123,48.597,236.24,251.479,9.585,,,
tea,Camellia sinensis,AGRAS T30,36.5,2.9,2.7,0.8,30,3600.0,6,SX11001VS,16,130.0,250.0,4,9,plunger pump,4.0,1.0,23.346,31.984,46.424,70.95,0.213,1.703,3.443,3.025,32.063,off,3.45,4.201,48.57,240.215,252.126,9.406,,,
tea,Camellia sinensis,AGRAS T30,36.5,2.9,2.7,0.8,30,3600.0,6,SX11001VS,16,130.0,250.0,4,9,plunger pump,4.0,1.0,23.0,31.0,48.0,72.0,0.2,1.6,5.0,3.0,30.0,off,4.1,4.4,50.5,240.2,248.1,8.9,,,
tea,Camellia sinensis,AGRAS T30,36.5,2.9,2.7,0.8,30,3600.0,6,SX11001VS,16,130.0,250.0,4,9,plunger pump,4.0,1.0,23.515,30.248,48.295,71.22,0.192,1.563,4.846,3.022,29.164,off,4.129,4.328,50.555,239.041,247.113,8.93,,,
tea,Camellia sinensis,AGRAS T30,36.5,2.9,2.7,0.8,30,3600.0,6,SX11001VS,16,130.0,250.0,4,9,plunger pump,4.0,1.0,22.613,30.543,47.326,71.701,0.2,1.527,5.217,2.852,30.616,off,4.061,4.486,50.67,238.173,248.478,8.932,,,
tea,Camellia sinensis,AGRAS T30,36.5,2.9,2.7,0.8,30,3600.0,6,SX11001VS,16,130.0,250.0,4,9,plunger pump,4.0,1.0,22.899,31.236,47.42,70.365,0.204,1.711,4.786,3.231,28.449,off,4.141,4.433,50.084,240.581,247.515,9.008,,,
tea,Camellia sinensis,AGRAS T30,36.5,2.9,2.7,0.8,30,3600.0,6,SX11001VS,16,130.0,250.0,4,9,plunger pump,4.0,1.0,22.859,29.676,48.205,70.029,0.201,1.534,4.784,3.151,31.237,off,4.076,4.428,49.476,237.307,251.388,8.968,,,
tea,Camellia sinensis,AGRAS T30,36.5,2.9,2.7,0.8,30,3600.0,6,SX11001VS,16,130.0,250.0,4,9,plunger pump,4.0,1.0,22.997,30.866,49.405,71.655,0.191,1.564,4.914,2.997,30.418,off,4.189,4.297,50.078,237.294,244.573,8.939,,,
tea,Camellia sinensis,AGRAS T30,36.5,2.9,2.7,0.8,30,3600.0,6,SX11001VS,16,130.0,250.0,4,9,plunger pump,4.0,1.0,23.034,31.083,47.437,70.79,0.186,1.553,5.117,2.81,29.28,off,4.081,4.487,50.369,241.145,246.514,9.039,,,
tea,Camellia sinensis,AGRAS T30,36.5,2.9,2.7,0.8,30,3600.0,6,SX11001VS,16,130.0,250.0,4,9,plunger pump,4.0,1.0,22.649,30.939,48.566,73.521,0.206,1.601,5.276,2.96,29.278,off,4.183,4.385,50.738,242.443,252.973,8.902,,,
tea,Camellia sinensis,AGRAS T30,36.5,2.9,2.7,0.8,30,3600.0,6,SX11001VS,16,130.0,250.0,4,9,plunger pump,4.0,1.0,23.11,31.808,46.789,70.711,0.194,1.625,4.879,3.033,30.145,off,4.062,4.421,50.596,240.953,251.57,8.855,,,
tea,Camellia sinensis,AGRAS T30,36.5,2.9,2.7,0.8,30,3600.0,6,SX11001VS,16,130.0,250.0,4,9,plunger pump,4.0,1.0,23.247,29.762,47.242,68.816,0.192,1.578,4.711,3.144,31.053,off,4.117,4.404,51.346,242.634,249.923,8.998,,,
tea,Camellia sinensis,AGRAS T30,36.5,2.9,2.7,0.8,30,3600.0,6,SX11001VS,16,130.0,250.0,4,9,plunger pump,4.0,1.0,23.0,31.0,48.0,72.0,0.2,1.6,2.0,3.0,60.0,off,8.2,8.9,58.1,274.1,280.1,14.9,,,
tea,Camellia sinensis,AGRAS T30,36.5,2.9,2.7,0.8,30,3600.0,6,SX11001VS,16,130.0,250.0,4,9,plunger pump,4.0,1.0,22.07,31.257,49.693,70.368,0.192,1.573,1.937,3.212,59.168,off,8.332,8.974,58.25,275.296,282.07,14.666,,,
tea,Camellia sinensis,AGRAS T30,36.5,2.9,2.7,0.8,30,3600.0,6,SX11001VS,16,130.0,250.0,4,9,plunger pump,4.0,1.0,22.955,31.163,47.73,72.48,0.199,1.718,1.973,2.874,64.156,off,8.197,9.117,57.733,273.956,284.467,15.091,,,
tea,Camellia sinensis,AGRAS T30,36.5,2.9,2.7,0.8,30,3600.0,6,SX11001VS,16,130.0,250.0,4,9,plunger pump,4.0,1.0,22.708,31.226,47.96,72.679,0.201,1.509,1.947,2.907,61.168,off,8.204,9.012,58.454,276.82,279.295,15.17,,,
tea,Camellia sinensis,AGRAS T30,36.5,2.9,2.7,0.8,30,3600.0,6,SX11001VS,16,130.0,250.0,4,9,plunger pump,4.0,1.0,22.269,30.384,49.599,70.228,0.207,1.561,1.92,3.045,56.85,off,8.193,8.782,57.331,269.305,272.859,15.321,,,
tea,Camellia sinensis,AGRAS T30,36.5,2.9,2.7,0.8,30,3600.0,6,SX11001VS,16,130.0,250.0,4,9,plunger pump,4.0,1.0,22.413,31.319,47.098,74.034,0.196,1.61,2.024,3.103,62.079,off,8.103,8.82,57.851,269.551,287.258,15.143,,,
tea,Camellia sinensis,AGRAS T30,36.5,2.9,2.7,0.8,30,3600.0,6,SX11001VS,16,130.0,250.0,4,9,plunger pump,4.0,1.0,22.76,30.667,47.702,71.913,0.212,1.499,2.003,2.865,55.592,off,8.184,8.931,58.052,271.41,284.49,15.017,,,
tea,Camellia sinensis,AGRAS T30,36.5,2.9,2.7,0.8,30,3600.0,6,SX11001VS,16,130.0,250.0,4,9,plunger pump,4.0,1.0,23.802,31.177,49.198,73.414,0.213,1.51,1.98,2.919,55.773,off,8.414,8.758,57.363,270.911,280.035,14.668,,,
tea,Camellia sinensis,AGRAS T30,36.5,2.9,2.7,0.8,30,3600.0,6,SX11001VS,16,130.0,250.0,4,9,plunger pump,4.0,1.0,23.271,31.897,48.179,69.611,0.187,1.658,1.918,2.869,59.848,off,8.313,8.965,57.612,271.599,281.08,14.741,,,
tea,Camellia sinensis,AGRAS T30,36.5,2.9,2.7,0.8,30,3600.0,6,SX11001VS,16,130.0,250.0,4,9,plunger pump,4.0,1.0,22.55,30.885,48.009,70.172,0.197,1.625,1.979,3.108,58.563,off,8.26,8.914,59.27,276.716,276.716,14.946,,,
tea,Camellia sinensis,AGRAS T30,36.5,2.9,2.7,0.8,30,3600.0,6,SX11001VS,16,130.0,250.0,4,9,plunger pump,4.0,1.0,23.0,31.0,48.0,72.0,0.2,1.6,3.5,3.0,60.0,off,7.2,8.7,61.0,266.8,273.5,12.6,,,
tea,Camellia sinensis,AGRAS T30,36.5,2.9,2.7,0.8,30,3600.0,6,SX11001VS,16,130.0,250.0,4,9,plunger pump,4.0,1.0,22.658,31.096,48.708,71.409,0.183,1.694,3.362,2.967,59.807,off,7.21,8.706,61.315,266.867,268.455,12.818,,,
tea,Camellia sinensis,AGRAS T30,36.5,2.9,2.7,0.8,30,3600.0,6,SX11001VS,16,130.0,250.0,4,9,plunger pump,4.0,1.0,23.064,30.667,46.728,73.949,0.208,1.629,3.343,2.892,58.777,off,7.149,8.572,60.299,268.831,274.872,12.414,,,
tea,Camellia sinensis,AGRAS T30,36.5,2.9,2.7,0.8,30,3600.0,6,SX11001VS,16,130.0,250.0,4,9,plunger pump,4.0,1.0,23.192,31.165,46.836,72.046,0.2,1.626,3.277,3.157,59.824,off,7.21,8.799,60.904,269.908,274.23,12.69,,,
tea,Camellia sinensis,AGRAS T30,36.5,2.9,2.7,0.8,30,3600.0,6,SX11001VS,16,130.0,250.0,4,9,plunger pump,4.0,1.0,22.777,30.81,49.693,71.424,0.214,1.521,3.721,2.933,59.49,off,7.091,8.868,61.156,266.858,276.906,12.464,,,
tea,Camellia sinensis,AGRAS T30,36.5,2.9,2.7,0.8,30,3600.0,6,SX11001VS,16,130.0,250.0,4,9,plunger pump,4.0,1.0,23.294,30.501,48.166,72.693,0.188,1.643,3.4,2.875,58.86,off,7.311,8.633,60.82,268.002,268.879,12.612,,,
tea,Camellia sinensis,AGRAS T30,36.5,2.9,2.7,0.8,30,3600.0,6,SX11001VS,16,130.0,250.0,4,9,plunger pump,4.0,1.0,23.299,30.952,48.5,73.981,0.211,1.503,3.434,2.962,62.013,off,7.26,8.811,61.645,264.193,275.554,12.522,,,
tea,Camellia sinensis,AGRAS T30,36.5,2.9,2.7,0.8,30,3600.0,6,SX11001VS,16,130.0,250.0,4,9,plunger pump,4.0,1.0,22.463,30.394,48.736,73.239,0.2,1.7,3.341,2.906,57.357,off,7.21,8.715,60.219,269.703,276.847,12.542,,,
tea,Camellia sinensis,AGRAS T30,36.5,2.9,2.7,0.8,30,3600.0,6,SX11001VS,16,130.0,250.0,4,9,plunger pump,4.0,1.0,23.475,30.285,46.817,71.782,0.199,1.54,3.528,2.996,57.553,off,7.414,8.568,59.391,271.651,274.076,12.617,,,
tea,Camellia sinensis,AGRAS T30,36.5,2.9,2.7,0.8,30,3600.0,6,SX11001VS,16,130.0,250.0,4,9,plunger pump,4.0,1.0,22.611,30.827,47.849,71.667,0.205,1.642,3.556,3.126,65.415,off,7.19,8.679,60.21,264.472,273.039,12.657,,,
tea,Camellia sinensis,AGRAS T30,36.5,2.9,2.7,0.8,30,3600.0,6,SX11001VS,16,130.0,250.0,4,9,plunger pump,4.0,1.0,23.0,31.0,48.0,72.0,0.2,1.6,5.0,3.0,60.0,off,7.1,8.1,48.1,262.6,269.2,9.9,,,
tea,Camellia sinensis,AGRAS T30,36.5,2.9,2.7,0.8,30,3600.0,6,SX11001VS,16,130.0,250.0,4,9,plunger pump,4.0,1.0,22.937,30.412,46.447,71.22,0.197,1.509,4.694,3.184,54.432,off,7.062,8.137,48.31,258.286,273.17,10.008,,,
tea,Camellia sinensis,AGRAS T30,36.5,2.9,2.7,0.8,30,3600.0,6,SX11001VS,16,130.0,250.0,4,9,plunger pump,4.0,1.0,23.343,31.43,48.025,72.748,0.186,1.68,4.705,3.004,65.563,off,7.206,7.965,47.966,263.573,264.527,10.018,,,
tea,Camellia sinensis,AGRAS T30,36.5,2.9,2.7,0.8,30,3600.0,6,SX11001VS,16,130.0,250.0,4,9,plunger pump,4.0,1.0,23.584,31.329,46.5,70.43,0.189,1.558,5.144,2.973,58.197,off,7.181,8.112,47.082,256.835,270.532,9.988,,,
tea,Camellia sinensis,AGRAS T30,36.5,2.9,2.7,0.8,30,3600.0,6,SX11001VS,16,130.0,250.0,4,9,plunger pump,4.0,1.0,23.409,30.777,47.168,70.927,0.2,1.703,4.793,2.781,61.968,off,7.167,8.245,47.421,261.472,270.869,9.805,,,
tea,Camellia sinensis,AGRAS T30,36.5,2.9,2.7,0.8,30,3600.0,6,SX11001VS,16,130.0,250.0,4,9,plunger pump,4.0,1.0,23.593,31.085,48.969,68.75,0.19,1.593,4.773,3.225,57.769,off,7.152,8.234,47.606,263.889,273.675,10.056,,,
tea,Camellia sinensis,AGRAS T30,36.5,2.9,2.7,0.8,30,3600.0,6,SX11001VS,16,130.0,250.0,4,9,plunger pump,4.0,1.0,23.105,31.652,48.511,73.314,0.208,1.573,4.814,2.848,63.774,off,7.093,8.017,49.187,260.509,264.408,9.838,,,
tea,Camellia sinensis,AGRAS T30,36.5,2.9,2.7,0.8,30,3600.0,6,SX11001VS,16,130.0,250.0,4,9,plunger pump,4.0,1.0,22.486,30.799,48.626,70.171,0.204,1.515,4.896,3.247,58.546,off,7.153,8.084,47.921,268.766,268.766,10.008,,,
tea,Camellia sinensis,AGRAS T30,36.5,2.9,2.7,0.8,30,3600.0,6,SX11001VS,16,130.0,250.0,4,9,plunger pump,4.0,1.0,23.165,31.361,48.636,72.428,0.191,1.687,5.245,2.882,57.333,off,7.267,8.001,48.822,266.508,266.508,9.672,,,
tea,Camellia sinensis,AGRAS T30,36.5,2.9,2.7,0.8,30,3600.0,6,SX11001VS,16,130.0,250.0,4,9,plunger pump,4.0,1.0,23.202,31.248,47.423,70.943,0.19,1.556,4.991,2.869,59.326,off,7.263,8.309,47.524,260.185,271.438,9.86,,,
tea,Camellia sinensis,AGRAS T30,36.5,2.9,2.7,0.8,30,3600.0,6,SX11001VS,16,130.0,250.0,4,9,plunger pump,4.0,1.0,23.0,31.0,48.0,72.0,0.2,1.6,2.0,3.0,90.0,off,12.9,15.2,39.1,277.1,293.4,14.9,,,
tea,Camellia sinensis,AGRAS T30,36.5,2.9,2.7,0.8,30,3600.0,6,SX11001VS,16,130.0,250.0,4,9,plunger pump,4.0,1.0,22.43,31.069,47.492,70.418,0.2,1.612,1.961,2.926,88.79,off,12.706,15.322,39.771,283.032,298.369,14.826,,,
tea,Camellia sinensis,AGRAS T30,36.5,2.9,2.7,0.8,30,3600.0,6,SX11001VS,16,130.0,250.0,4,9,plunger pump,4.0,1.0,23.321,31.017,47.234,73.036,0.199,1.455,1.891,2.888,94.924,off,12.893,15.159,39.192,279.265,294.57,14.956,,,
tea,Camellia sinensis,AGRAS T30,36.5,2.9,2.7,0.8,30,3600.0,6,SX11001VS,16,130.0,250.0,4,9,plunger pump,4.0,1.0,23.713,30.754,48.953,69.097,0.207,1.564,2.055,3.088,91.683,off,12.809,15.366,39.261,281.513,294.458,14.718,,,
tea,Camellia sinensis,AGRAS T30,36.5,2.9,2.7,0.8,30,3600.0,6,SX11001VS,16,130.0,250.0,4,9,plunger pump,4.0,1.0,22.585,30.222,47.029,73.196,0.199,1.603,2.123,2.822,83.397,off,12.875,15.053,38.708,275.417,290.955,14.642,,,
tea,Camellia sinensis,AGRAS T30,36.5,2.9,2.7,0.8,30,3600.0,6,SX11001VS,16,130.0,250.0,4,9,plunger pump,4.0,1.0,22.687,32.024,49.253,70.994,0.208,1.564,1.903,3.13,89.928,off,12.874,15.007,38.508,276.634,293.977,14.988,,,
tea,Camellia sinensis,AGRAS T30,36.5,2.9,2.7,0.8,30,3600.0,6,SX11001VS,16,130.0,250.0,4,9,plunger pump,4.0,1.0,22.748,32.35,47.094,72.688,0.216,1.508,1.87,3.088,85.758,off,12.995,15.4,39.418,274.807,296.482,15.1,,,
tea,Camellia sinensis,AGRAS T30,36.5,2.9,2.7,0.8,30,3600.0,6,SX11001VS,16,130.0,250.0,4,9,plunger pump,4.0,1.0,22.737,32.083,47.215,74.74,0.205,1.55,2.017,3.033,92.332,off,12.81,15.015,38.158,277.654,297.724,14.811,,,
tea,Camellia sinensis,AGRAS T30,36.5,2.9,2.7,0.8,30,3600.0,6,SX11001VS,16,130.0,250.0,4,9,plunger pump,4.0,1.0,23.245,31.829,49.174,70.249,0.197,1.505,2.052,3.086,93.024,off,13.197,15.01,39.779,270.744,288.579,14.692,,,
tea,Camellia sinensis,AGRAS T30,36.5,2.9,2.7,0.8,30,3600.0,6,SX11001VS,16,130.0,250.0,4,9,plunger pump,4.0,1.0,23.753,32.101,48.303,72.604,0.215,1.615,2.103,2.889,90.399,off,12.896,15.219,39.645,276.217,292.967,14.803,,,
tea,Camellia sinensis,AGRAS T30,36.5,2.9,2.7,0.8,30,3600.0,6,SX11001VS,16,130.0,250.0,4,9,plunger pump,4.0,1.0,23.0,31.0,48.0,72.0,0.2,1.6,3.5,3.0,90.0,off,12.2,14.3,34.5,272.9,292.8,10.6,,,
tea,Camellia sinensis,AGRAS T30,36.5,2.9,2.7,0.8,30,3600.0,6,SX11001VS,16,130.0,250.0,4,9,plunger pump,4.0,1.0,22.554,31.012,46.832,73.301,0.196,1.565,3.303,3.19,89.478,off,11.911,14.21,34.818,269.636,293.674,10.435,,,
tea,Camellia sinensis,AGRAS T30,36.5,2.9,2.7,0.8,30,3600.0,6,SX11001VS,16,130.0,250.0,4,9,plunger pump,4.0,1.0,22.308,31.639,48.695,70.576,0.207,1.694,3.694,3.092,89.795,off,11.98,14.513,34.361,275.232,290.408,10.484,,,
tea,Camellia sinensis,AGRAS T30,36.5,2.9,2.7,0.8,30,3600.0,6,SX11001VS,16,130.0,250.0,4,9,plunger pump,4.0,1.0,22.997,30.763,47.379,69.94,0.194,1.687,3.785,2.971,88.463,off,12.361,14.271,34.099,267.959,292.557,10.821,,,
tea,Camellia sinensis,AGRAS T30,36.5,2.9,2.7,0.8,30,3600.0,6,SX11001VS,16,130.0,250.0,4,9,plunger pump,4.0,1.0,22.351,30.305,49.59,72.229,0.201,1.673,3.41,2.881,84.739,off,12.197,14.073,34.992,271.507,289.782,10.591,,,
tea,Camellia sinensis,AGRAS T30,36.5,2.9,2.7,0.8,30,3600.0,6,SX11001VS,16,130.0,250.0,4,9,plunger pump,4.0,1.0,23.063,31.682,49.321,69.277,0.211,1.65,3.71,3.156,88.569,off,12.341,14.469,34.856,277.244,290.294,10.738,,,
tea,Camellia sinensis,AGRAS T30,36.5,2.9,2.7,0.8,30,3600.0,6,SX11001VS,16,130.0,250.0,4,9,plunger pump,4.0,1.0,22.815,30.766,46.978,70.736,0.204,1.743,3.347,2.997,96.6,off,12.233,14.524,34.482,271.26,295.439,10.744,,,
tea,Camellia sinensis,AGRAS T30,36.5,2.9,2.7,0.8,30,3600.0,6,SX11001VS,16,130.0,250.0,4,9,plunger pump,4.0,1.0,22.222,32.246,46.071,71.803,0.198,1.543,3.349,3.209,85.469,off,12.266,14.327,34.769,273.551,293.353,10.494,,,
tea,Camellia sinensis,AGRAS T30,36.5,2.9,2.7,0.8,30,3600.0,6,SX11001VS,16,130.0,250.0,4,9,plunger pump,4.0,1.0,22.808,30.173,47.156,73.446,0.2,1.662,3.584,3.005,93.267,off,12.129,14.53,33.546,276.703,292.238,10.629,,,
tea,Camellia sinensis,AGRAS T30,36.5,2.9,2.7,0.8,30,3600.0,6,SX11001VS,16,130.0,250.0,4,9,plunger pump,4.0,1.0,22.428,31.014,48.775,70.734,0.214,1.704,3.333,3.209,85.473,off,11.978,14.147,34.712,276.436,287.527,10.683,,,
tea,Camellia sinensis,AGRAS T30,36.5,2.9,2.7,0.8,30,3600.0,6,SX11001VS,16,130.0,250.0,4,9,plunger pump,4.0,1.0,23.0,31.0,48.0,72.0,0.2,1.6,5.0,3.0,90.0,off,11.0,12.2,33.6,266.8,274.7,13.6,,,
tea,Camellia sinensis,AGRAS T30,36.5,2.9,2.7,0.8,30,3600.0,6,SX11001VS,16,130.0,250.0,4,9,plunger pump,4.0,1.0,22.848,32.109,48.747,70.051,0.188,1.514,5.096,3.287,87.585,off,11.008,12.14,33.917,271.685,276.97,13.611,,,
tea,Camellia sinensis,AGRAS T30,36.5,2.9,2.7,0.8,30,3600.0,6,SX11001VS,16,130.0,250.0,4,9,plunger pump,4.0,1.0,22.424,31.296,50.235,73.724,0.208,1.497,5.006,3.006,92.117,off,11.201,12.06,33.354,271.983,271.983,13.785,,,
tea,Camellia sinensis,AGRAS T30,36.5,2.9,2.7,0.8,30,3600.0,6,SX11001VS,16,130.0,250.0,4,9,plunger pump,4.0,1.0,22.426,30.429,47.625,73.915,0.192,1.609,4.714,2.897,89.226,off,10.903,12.32,33.866,266.68,272.884,13.702,,,
tea,Camellia sinensis,AGRAS T30,36.5,2.9,2.7,0.8,30,3600.0,6,SX11001VS,16,130.0,250.0,4,9,plunger pump,4.0,1.0,22.693,30.902,49.7,70.106,0.192,1.624,4.997,2.761,97.293,off,11.02,12.173,33.732,263.895,273.704,13.679,,,
tea,Camellia sinensis,AGRAS T30,36.5,2.9,2.7,0.8,30,3600.0,6,SX11001VS,16,130.0,250.0,4,9,plunger pump,4.0,1.0,22.87,31.732,46.862,69.314,0.199,1.539,4.688,3.139,86.032,off,10.876,12.164,34.047,270.015,275.117,14.002,,,
tea,Camellia sinensis,AGRAS T30,36.5,2.9,2.7,0.8,30,3600.0,6,SX11001VS,16,130.0,250.0,4,9,plunger pump,4.0,1.0,22.358,32.02,47.853,74.944,0.205,1.629,4.718,2.832,86.774,off,10.884,12.128,33.57,263.416,276.078,13.827,,,
tea,Camellia sinensis,AGRAS T30,36.5,2.9,2.7,0.8,30,3600.0,6,SX11001VS,16,130.0,250.0,4,9,plunger pump,4.0,1.0,22.647,31.467,47.266,72.722,0.191,1.65,4.692,3.197,84.656,off,10.835,12.298,33.898,270.995,271.145,13.576,,,
tea,Camellia sinensis,AGRAS T30,36.5,2.9,2.7,0.8,30,3600.0,6,SX11001VS,16,130.0,250.0,4,9,plunger pump,4.0,1.0,23.466,31.74,47.744,71.059,0.189,1.524,4.872,3.082,89.866,off,10.811,11.954,33.4,264.165,271.209,13.352,,,
tea,Camellia sinensis,AGRAS T30,36.5,2.9,2.7,0.8,30,3600.0,6,SX11001VS,16,130.0,250.0,4,9,plunger pump,4.0,1.0,23.668,30.36,48.899,74.526,0.207,1.545,5.195,2.908,88.08,off,11.192,12.192,33.314,263.678,274.235,13.545,,,
tea,Camellia sinensis,AGRAS T40,50.0,2.8,3.2,0.8,40,3600.0,8,LX8060SZ,2,50.0,300.0,11,11,magnetic drive impeller pump,6.0,2.0,23.0,31.0,48.0,72.0,0.2,1.6,2.0,3.0,60.0,medium,5.2,6.6,67.6,220.4,228.5,13.9,,,
tea,Camellia sinensis,AGRAS T40,50.0,2.8,3.2,0.8,40,3600.0,8,LX8060SZ,2,50.0,300.0,11,11,magnetic drive impeller pump,6.0,2.0,22.83,31.76,45.968,71.019,0.211,1.647,1.999,2.812,62.717,medium,5.23,6.482,67.925,215.178,223.006,13.501,,,
tea,Camellia sinensis,AGRAS T40,50.0,2.8,3.2,0.8,40,3600.0,8,LX8060SZ,2,50.0,300.0,11,11,magnetic drive impeller pump,6.0,2.0,23.452,30.311,46.821,69.859,0.196,1.597,2.016,3.08,60.285,medium,5.172,6.495,68.821,223.281,227.108,13.604,,,
tea,Camellia sinensis,AGRAS T40,50.0,2.8,3.2,0.8,40,3600.0,8,LX8060SZ,2,50.0,300.0,11,11,magnetic drive impeller pump,6.0,2.0,22.951,29.951,49.337,71.832,0.21,1.591,2.098,2.819,58.357,medium,5.128,6.683,68.285,220.452,229.107,13.999,,,
tea,Camellia sinensis,AGRAS T40,50.0,2.8,3.2,0.8,40,3600.0,8,LX8060SZ,2,50.0,300.0,11,11,magnetic drive impeller pump,6.0,2.0,23.357,30.628,47.15,73.672,0.217,1.607,2.022,3.182,60.782,medium,5.155,6.674,68.384,225.199,225.199,13.95,,,
tea,Camellia sinensis,AGRAS T40,50.0,2.8,3.2,0.8,40,3600.0,8,LX8060SZ,2,50.0,300.0,11,11,magnetic drive impeller pump,6.0,2.0,23.288,30.996,46.232,71.777,0.212,1.596,1.839,3.159,62.25,medium,5.157,6.667,67.762,217.851,226.179,14.21,,,
tea,Camellia sinensis,AGRAS T40,50.0,2.8,3.2,0.8,40,3600.0,8,LX8060SZ,2,50.0,300.0,11,11,magnetic drive impeller pump,6.0,2.0,23.612,30.422,48.467,71.491,0.193,1.53,2.026,3.18,63.175,medium,5.3,6.647,67.91,221.171,228.365,14.067,,,
tea,Camellia sinensis,AGRAS T40,50.0,2.8,3.2,0.8,40,3600.0,8,LX8060SZ,2,50.0,300.0,11,11,magnetic drive impeller pump,6.0,2.0,22.689,30.775,49.272,69.736,0.202,1.554,1.994,2.92,64.625,medium,5.138,6.637,68.337,218.952,225.984,13.737,,,
tea,Camellia sinensis,AGRAS T40,50.0,2.8,3.2,0.8,40,3600.0,8,LX8060SZ,2,50.0,300.0,11,11,magnetic drive impeller pump,6.0,2.0,23.728,31.358,49.415,72.402,0.197,1.586,1.882,2.735,60.578,medium,5.303,6.529,68.066,218.672,228.297,14.092,,,
tea,Camellia sinensis,AGRAS T40,50.0,2.8,3.2,0.8,40,3600.0,8,LX8060SZ,2,50.0,300.0,11,11,magnetic drive impeller pump,6.0,2.0,23.496,30.916,47.127,73.023,0.203,1.715,2.072,3.208,64.724,medium,5.232,6.513,66.307,222.858,227.671,13.941,,,
tea,Camellia sinensis,AGRAS T40,50.0,2.8,3.2,0.8,40,3600.0,8,LX8060SZ,2,50.0,300.0,11,11,magnetic drive impeller pump,6.0,2.0,23.0,31.0,48.0,72.0,0.2,1.6,3.5,3.0,60.0,medium,5.7,6.1,63.2,220.4,223.8,14.6,,,
tea,Camellia sinensis,AGRAS T40,50.0,2.8,3.2,0.8,40,3600.0,8,LX8060SZ,2,50.0,300.0,11,11,magnetic drive impeller pump,6.0,2.0,23.34,30.965,48.753,70.281,0.205,1.523,3.549,3.174,61.198,medium,5.628,6.143,64.148,218.185,227.472,14.741,,,
tea,Camellia sinensis,AGRAS T40,50.0,2.8,3.2,0.8,40,3600.0,8,LX8060SZ,2,50.0,300.0,11,11,magnetic drive impeller pump,6.0,2.0,22.845,31.416,48.319,71.011,0.198,1.519,3.416,2.79,56.728,medium,5.648,6.058,62.362,222.892,224.14,14.321,,,
tea,Camellia sinensis,AGRAS T40,50.0,2.8,3.2,0.8,40,3600.0,8,LX8060SZ,2,50.0,300.0,11,11,magnetic drive impeller pump,6.0,2.0,23.016,30.491,47.882,70.248,0.211,1.669,3.302,2.866,62.697,medium,5.833,6.167,63.602,220.838,220.838,14.819,,,
tea,Camellia sinensis,AGRAS T40,50.0,2.8,3.2,0.8,40,3600.0,8,LX8060SZ,2,50.0,300.0,11,11,magnetic drive impeller pump,6.0,2.0,22.395,30.887,49.63,72.122,0.199,1.613,3.514,3.019,61.317,medium,5.59,6.152,62.518,218.742,225.261,14.867,,,
tea,Camellia sinensis,AGRAS T40,50.0,2.8,3.2,0.8,40,3600.0,8,LX8060SZ,2,50.0,300.0,11,11,magnetic drive impeller pump,6.0,2.0,22.408,31.635,49.161,71.757,0.206,1.641,3.604,3.052,57.09,medium,5.834,6.056,64.17,222.304,226.562,14.508,,,
tea,Camellia sinensis,AGRAS T40,50.0,2.8,3.2,0.8,40,3600.0,8,LX8060SZ,2,50.0,300.0,11,11,magnetic drive impeller pump,6.0,2.0,22.796,31.008,46.928,70.984,0.216,1.688,3.538,3.108,58.625,medium,5.792,6.138,61.428,223.268,224.325,14.302,,,
tea,Camellia sinensis,AGRAS T40,50.0,2.8,3.2,0.8,40,3600.0,8,LX8060SZ,2,50.0,300.0,11,11,magnetic drive impeller pump,6.0,2.0,22.62,31.623,47.016,72.317,0.217,1.51,3.335,2.919,64.924,medium,5.769,6.156,63.482,223.224,223.224,14.438,,,
tea,Camellia sinensis,AGRAS T40,50.0,2.8,3.2,0.8,40,3600.0,8,LX8060SZ,2,50.0,300.0,11,11,magnetic drive impeller pump,6.0,2.0,22.705,31.496,47.593,70.139,0.203,1.583,3.464,2.926,57.133,medium,5.657,6.041,62.982,219.853,220.264,14.236,,,
tea,Camellia sinensis,AGRAS T40,50.0,2.8,3.2,0.8,40,3600.0,8,LX8060SZ,2,50.0,300.0,11,11,magnetic drive impeller pump,6.0,2.0,23.577,30.828,48.391,71.831,0.208,1.482,3.401,3.174,60.559,medium,5.767,6.057,62.72,223.556,223.556,14.661,,,
tea,Camellia sinensis,AGRAS T40,50.0,2.8,3.2,0.8,40,3600.0,8,LX8060SZ,2,50.0,300.0,11,11,magnetic drive impeller pump,6.0,2.0,23.0,31.0,48.0,72.0,0.2,1.6,5.0,3.0,60.0,medium,6.2,6.9,43.5,216.9,223.8,11.6,,,
tea,Camellia sinensis,AGRAS T40,50.0,2.8,3.2,0.8,40,3600.0,8,LX8060SZ,2,50.0,300.0,11,11,magnetic drive impeller pump,6.0,2.0,22.796,30.625,48.958,73.091,0.185,1.603,5.032,3.026,63.298,medium,6.238,6.823,43.251,219.666,219.666,11.742,,,
tea,Camellia sinensis,AGRAS T40,50.0,2.8,3.2,0.8,40,3600.0,8,LX8060SZ,2,50.0,300.0,11,11,magnetic drive impeller pump,6.0,2.0,23.1,30.488,49.05,71.509,0.211,1.59,5.08,2.939,62.756,medium,6.317,6.862,43.165,213.248,222.793,11.524,,,
tea,Camellia sinensis,AGRAS T40,50.0,2.8,3.2,0.8,40,3600.0,8,LX8060SZ,2,50.0,300.0,11,11,magnetic drive impeller pump,6.0,2.0,23.451,32.004,47.889,69.913,0.205,1.675,4.974,3.145,56.115,medium,6.156,7.061,43.11,214.57,224.71,11.91,,,
tea,Camellia sinensis,AGRAS T40,50.0,2.8,3.2,0.8,40,3600.0,8,LX8060SZ,2,50.0,300.0,11,11,magnetic drive impeller pump,6.0,2.0,23.381,30.485,48.813,70.862,0.199,1.681,4.727,3.056,56.13,medium,6.283,6.76,43.504,218.458,225.649,11.506,,,
tea,Camellia sinensis,AGRAS T40,50.0,2.8,3.2,0.8,40,3600.0,8,LX8060SZ,2,50.0,300.0,11,11,magnetic drive impeller pump,6.0,2.0,23.194,29.924,48.528,73.933,0.197,1.661,5.252,2.962,57.086,medium,6.282,6.927,43.718,219.925,222.097,11.614,,,
tea,Camellia sinensis,AGRAS T40,50.0,2.8,3.2,0.8,40,3600.0,8,LX8060SZ,2,50.0,300.0,11,11,magnetic drive impeller pump,6.0,2.0,23.112,30.881,48.608,69.646,0.193,1.516,5.282,3.05,62.814,medium,6.211,6.804,42.993,221.178,229.006,11.802,,,
tea,Camellia sinensis,AGRAS T40,50.0,2.8,3.2,0.8,40,3600.0,8,LX8060SZ,2,50.0,300.0,11,11,magnetic drive impeller pump,6.0,2.0,22.716,31.2,48.715,71.898,0.213,1.645,5.278,3.116,57.136,medium,6.318,6.881,43.659,216.315,226.598,11.73,,,
tea,Camellia sinensis,AGRAS T40,50.0,2.8,3.2,0.8,40,3600.0,8,LX8060SZ,2,50.0,300.0,11,11,magnetic drive impeller pump,6.0,2.0,22.663,31.842,47.236,73.303,0.202,1.509,5.042,3.123,61.831,medium,6.31,6.998,43.784,214.514,226.999,11.656,,,
tea,Camellia sinensis,AGRAS T40,50.0,2.8,3.2,0.8,40,3600.0,8,LX8060SZ,2,50.0,300.0,11,11,magnetic drive impeller pump,6.0,2.0,22.565,30.605,49.019,72.966,0.213,1.532,4.68,3.09,65.01,medium,6.157,6.964,43.188,220.717,222.941,11.526,,,
tea,Camellia sinensis,AGRAS T40,50.0,2.8,3.2,0.8,40,3600.0,8,LX8060SZ,2,50.0,300.0,11,11,magnetic drive impeller pump,6.0,2.0,23.0,31.0,48.0,72.0,0.2,1.6,2.0,3.0,105.0,medium,10.9,11.3,40.6,354.2,363.5,13.7,,,
tea,Camellia sinensis,AGRAS T40,50.0,2.8,3.2,0.8,40,3600.0,8,LX8060SZ,2,50.0,300.0,11,11,magnetic drive impeller pump,6.0,2.0,22.855,31.495,48.892,73.614,0.214,1.503,1.921,3.145,99.967,medium,10.997,11.454,40.061,347.657,370.179,13.524,,,
tea,Camellia sinensis,AGRAS T40,50.0,2.8,3.2,0.8,40,3600.0,8,LX8060SZ,2,50.0,300.0,11,11,magnetic drive impeller pump,6.0,2.0,23.051,29.753,47.299,73.11,0.202,1.633,2.13,2.867,108.827,medium,10.836,11.107,40.248,345.905,365.219,13.899,,,
tea,Camellia sinensis,AGRAS T40,50.0,2.8,3.2,0.8,40,3600.0,8,LX8060SZ,2,50.0,300.0,11,11,magnetic drive impeller pump,6.0,2.0,23.413,31.943,47.205,69.975,0.193,1.57,1.967,2.882,104.974,medium,10.843,11.338,40.393,356.134,364.615,13.539,,,
tea,Camellia sinensis,AGRAS T40,50.0,2.8,3.2,0.8,40,3600.0,8,LX8060SZ,2,50.0,300.0,11,11,magnetic drive impeller pump,6.0,2.0,22.177,31.261,48.84,69.653,0.193,1.508,2.106,2.863,107.581,medium,11.009,11.422,41.065,354.933,366.587,13.707,,,
tea,Camellia sinensis,AGRAS T40,50.0,2.8,3.2,0.8,40,3600.0,8,LX8060SZ,2,50.0,300.0,11,11,magnetic drive impeller pump,6.0,2.0,22.731,30.49,49.392,71.173,0.203,1.604,1.823,3.176,102.146,medium,10.779,11.177,40.2,350.633,368.926,13.634,,,
tea,Camellia sinensis,AGRAS T40,50.0,2.8,3.2,0.8,40,3600.0,8,LX8060SZ,2,50.0,300.0,11,11,magnetic drive impeller pump,6.0,2.0,23.529,30.028,46.694,70.354,0.187,1.587,1.98,2.838,109.079,medium,10.811,11.558,41.41,354.525,361.739,13.874,,,
tea,Camellia sinensis,AGRAS T40,50.0,2.8,3.2,0.8,40,3600.0,8,LX8060SZ,2,50.0,300.0,11,11,magnetic drive impeller pump,6.0,2.0,22.744,31.084,47.508,69.906,0.199,1.574,2.125,3.061,107.418,medium,10.977,11.307,40.963,348.126,357.417,13.354,,,
tea,Camellia sinensis,AGRAS T40,50.0,2.8,3.2,0.8,40,3600.0,8,LX8060SZ,2,50.0,300.0,11,11,magnetic drive impeller pump,6.0,2.0,23.269,31.219,48.832,69.36,0.202,1.655,1.991,2.929,105.651,medium,11.155,11.357,40.171,354.298,370.2,13.47,,,
tea,Camellia sinensis,AGRAS T40,50.0,2.8,3.2,0.8,40,3600.0,8,LX8060SZ,2,50.0,300.0,11,11,magnetic drive impeller pump,6.0,2.0,22.017,31.098,47.018,73.822,0.2,1.481,2.115,2.863,103.194,medium,10.757,11.442,40.749,350.532,368.436,13.571,,,
tea,Camellia sinensis,AGRAS T40,50.0,2.8,3.2,0.8,40,3600.0,8,LX8060SZ,2,50.0,300.0,11,11,magnetic drive impeller pump,6.0,2.0,23.0,31.0,48.0,72.0,0.2,1.6,3.5,3.0,105.0,medium,10.7,11.1,43.7,321.9,332.3,13.0,,,
tea,Camellia sinensis,AGRAS T40,50.0,2.8,3.2,0.8,40,3600.0,8,LX8060SZ,2,50.0,300.0,11,11,magnetic drive impeller pump,6.0,2.0,22.76,29.755,47.326,74.385,0.197,1.587,3.659,2.727,98.436,medium,10.829,11.041,44.048,321.696,331.554,12.986,,,
tea,Camellia sinensis,AGRAS T40,50.0,2.8,3.2,0.8,40,3600.0,8,LX8060SZ,2,50.0,300.0,11,11,magnetic drive impeller pump,6.0,2.0,22.429,32.421,47.143,72.294,0.196,1.528,3.647,2.987,112.495,medium,10.478,10.873,43.133,319.035,328.948,12.78,,,
tea,Camellia sinensis,AGRAS T40,50.0,2.8,3.2,0.8,40,3600.0,8,LX8060SZ,2,50.0,300.0,11,11,magnetic drive impeller pump,6.0,2.0,22.919,31.509,47.611,70.235,0.185,1.591,3.544,3.11,101.253,medium,10.57,11.051,43.648,327.016,330.945,13.164,,,
tea,Camellia sinensis,AGRAS T40,50.0,2.8,3.2,0.8,40,3600.0,8,LX8060SZ,2,50.0,300.0,11,11,magnetic drive impeller pump,6.0,2.0,22.767,30.53,47.012,73.768,0.207,1.641,3.288,3.165,102.023,medium,10.511,11.336,43.156,320.94,332.483,12.91,,,
tea,Camellia sinensis,AGRAS T40,50.0,2.8,3.2,0.8,40,3600.0,8,LX8060SZ,2,50.0,300.0,11,11,magnetic drive impeller pump,6.0,2.0,23.191,31.261,49.024,73.459,0.197,1.7,3.649,3.054,101.442,medium,10.791,10.915,43.04,320.721,329.663,12.893,,,
tea,Camellia sinensis,AGRAS T40,50.0,2.8,3.2,0.8,40,3600.0,8,LX8060SZ,2,50.0,300.0,11,11,magnetic drive impeller pump,6.0,2.0,22.442,31.399,47.292,71.242,0.195,1.462,3.591,3.035,96.113,medium,10.731,11.403,42.918,323.888,334.564,12.848,,,
tea,Camellia sinensis,AGRAS T40,50.0,2.8,3.2,0.8,40,3600.0,8,LX8060SZ,2,50.0,300.0,11,11,magnetic drive impeller pump,6.0,2.0,23.795,30.263,47.329,70.241,0.192,1.72,3.398,2.92,107.832,medium,10.981,10.987,44.515,319.714,328.354,13.087,,,
tea,Camellia sinensis,AGRAS T40,50.0,2.8,3.2,0.8,40,3600.0,8,LX8060SZ,2,50.0,300.0,11,11,magnetic drive impeller pump,6.0,2.0,23.68,31.65,47.264,70.949,0.211,1.668,3.399,3.067,108.479,medium,10.642,11.068,43.822,325.34,327.151,12.893,,,
tea,Camellia sinensis,AGRAS T40,50.0,2.8,3.2,0.8,40,3600.0,8,LX8060SZ,2,50.0,300.0,11,11,magnetic drive impeller pump,6.0,2.0,24.068,31.55,47.089,73.377,0.209,1.609,3.661,3.175,100.464,medium,10.726,11.124,44.22,318.986,331.273,12.96,,,
tea,Camellia sinensis,AGRAS T40,50.0,2.8,3.2,0.8,40,3600.0,8,LX8060SZ,2,50.0,300.0,11,11,magnetic drive impeller pump,6.0,2.0,23.0,31.0,48.0,72.0,0.2,1.6,5.0,3.0,105.0,medium,10.5,11.9,32.8,303.5,312.7,11.6,,,
tea,Camellia sinensis,AGRAS T40,50.0,2.8,3.2,0.8,40,3600.0,8,LX8060SZ,2,50.0,300.0,11,11,magnetic drive impeller pump,6.0,2.0,22.523,30.377,48.467,70.653,0.191,1.548,4.822,3.181,109.737,medium,10.446,11.915,32.679,302.094,306.159,11.595,,,
tea,Camellia sinensis,AGRAS T40,50.0,2.8,3.2,0.8,40,3600.0,8,LX8060SZ,2,50.0,300.0,11,11,magnetic drive impeller pump,6.0,2.0,22.635,31.487,47.746,72.065,0.187,1.618,4.836,3.025,107.108,medium,10.336,11.614,32.769,295.109,306.315,11.768,,,
tea,Camellia sinensis,AGRAS T40,50.0,2.8,3.2,0.8,40,3600.0,8,LX8060SZ,2,50.0,300.0,11,11,magnetic drive impeller pump,6.0,2.0,22.54,31.732,47.688,70.936,0.196,1.642,5.266,3.014,108.181,medium,10.366,11.778,33.012,305.604,318.263,11.678,,,
tea,Camellia sinensis,AGRAS T40,50.0,2.8,3.2,0.8,40,3600.0,8,LX8060SZ,2,50.0,300.0,11,11,magnetic drive impeller pump,6.0,2.0,22.622,31.375,47.304,73.727,0.192,1.656,5.0,2.837,112.582,medium,10.67,11.765,33.26,304.843,311.602,11.758,,,
tea,Camellia sinensis,AGRAS T40,50.0,2.8,3.2,0.8,40,3600.0,8,LX8060SZ,2,50.0,300.0,11,11,magnetic drive impeller pump,6.0,2.0,23.083,29.709,48.918,73.368,0.196,1.631,4.77,2.89,105.741,medium,10.402,11.729,32.631,304.38,307.057,11.801,,,
tea,Camellia sinensis,AGRAS T40,50.0,2.8,3.2,0.8,40,3600.0,8,LX8060SZ,2,50.0,300.0,11,11,magnetic drive impeller pump,6.0,2.0,22.608,30.306,48.887,72.898,0.208,1.514,5.255,3.23,106.034,medium,10.658,12.093,33.328,300.09,318.174,11.525,,,
tea,Camellia sinensis,AGRAS T40,50.0,2.8,3.2,0.8,40,3600.0,8,LX8060SZ,2,50.0,300.0,11,11,magnetic drive impeller pump,6.0,2.0,23.181,31.345,47.902,72.851,0.185,1.652,5.046,2.973,98.632,medium,10.529,11.738,32.447,308.785,309.135,11.517,,,
tea,Camellia sinensis,AGRAS T40,50.0,2.8,3.2,0.8,40,3600.0,8,LX8060SZ,2,50.0,300.0,11,11,magnetic drive impeller pump,6.0,2.0,23.866,30.643,48.499,73.816,0.216,1.673,4.869,3.025,97.317,medium,10.515,11.661,32.695,296.842,308.848,11.579,,,
tea,Camellia sinensis,AGRAS T40,50.0,2.8,3.2,0.8,40,3600.0,8,LX8060SZ,2,50.0,300.0,11,11,magnetic drive impeller pump,6.0,2.0,23.644,30.812,48.644,69.733,0.201,1.54,4.887,3.013,104.878,medium,10.5,11.991,32.605,304.054,319.13,11.648,,,
tea,Camellia sinensis,AGRAS T40,50.0,2.8,3.2,0.8,40,3600.0,8,LX8060SZ,2,50.0,300.0,11,11,magnetic drive impeller pump,6.0,2.0,23.0,31.0,48.0,72.0,0.2,1.6,2.0,3.0,150.0,medium,12.8,14.0,55.4,448.8,451.2,13.9,,,
tea,Camellia sinensis,AGRAS T40,50.0,2.8,3.2,0.8,40,3600.0,8,LX8060SZ,2,50.0,300.0,11,11,magnetic drive impeller pump,6.0,2.0,23.425,31.44,47.644,69.826,0.199,1.591,2.018,2.982,153.277,medium,12.935,13.754,55.076,450.929,453.118,13.829,,,
tea,Camellia sinensis,AGRAS T40,50.0,2.8,3.2,0.8,40,3600.0,8,LX8060SZ,2,50.0,300.0,11,11,magnetic drive impeller pump,6.0,2.0,22.709,29.909,49.524,69.348,0.198,1.535,1.894,3.017,151.632,medium,12.738,13.721,55.88,452.818,458.66,14.023,,,
tea,Camellia sinensis,AGRAS T40,50.0,2.8,3.2,0.8,40,3600.0,8,LX8060SZ,2,50.0,300.0,11,11,magnetic drive impeller pump,6.0,2.0,22.892,30.78,48.742,72.093,0.195,1.617,1.929,3.209,146.052,medium,12.799,14.149,54.926,446.122,452.828,14.087,,,
tea,Camellia sinensis,AGRAS T40,50.0,2.8,3.2,0.8,40,3600.0,8,LX8060SZ,2,50.0,300.0,11,11,magnetic drive impeller pump,6.0,2.0,23.739,32.389,47.973,73.156,0.193,1.536,2.028,2.92,147.802,medium,12.473,14.072,55.619,443.959,443.959,14.09,,,
tea,Camellia sinensis,AGRAS T40,50.0,2.8,3.2,0.8,40,3600.0,8,LX8060SZ,2,50.0,300.0,11,11,magnetic drive impeller pump,6.0,2.0,22.492,31.198,49.786,70.748,0.2,1.618,1.928,2.863,144.849,medium,13.074,14.134,55.066,447.251,457.794,13.873,,,
tea,Camellia sinensis,AGRAS T40,50.0,2.8,3.2,0.8,40,3600.0,8,LX8060SZ,2,50.0,300.0,11,11,magnetic drive impeller pump,6.0,2.0,22.5,31.071,45.907,73.596,0.199,1.618,1.936,2.943,154.928,medium,12.851,14.163,56.226,455.317,455.317,14.1,,,
tea,Camellia sinensis,AGRAS T40,50.0,2.8,3.2,0.8,40,3600.0,8,LX8060SZ,2,50.0,300.0,11,11,magnetic drive impeller pump,6.0,2.0,22.356,30.91,46.578,72.097,0.188,1.702,2.002,3.124,145.881,medium,12.685,13.826,54.892,457.655,457.655,14.085,,,
tea,Camellia sinensis,AGRAS T40,50.0,2.8,3.2,0.8,40,3600.0,8,LX8060SZ,2,50.0,300.0,11,11,magnetic drive impeller pump,6.0,2.0,23.086,31.221,47.283,69.41,0.202,1.655,1.93,2.884,155.158,medium,12.709,13.893,54.935,447.039,447.039,13.658,,,
tea,Camellia sinensis,AGRAS T40,50.0,2.8,3.2,0.8,40,3600.0,8,LX8060SZ,2,50.0,300.0,11,11,magnetic drive impeller pump,6.0,2.0,23.321,31.008,49.221,70.205,0.2,1.543,2.098,3.015,140.68,medium,12.614,13.668,55.182,446.95,457.693,13.948,,,
tea,Camellia sinensis,AGRAS T40,50.0,2.8,3.2,0.8,40,3600.0,8,LX8060SZ,2,50.0,300.0,11,11,magnetic drive impeller pump,6.0,2.0,23.0,31.0,48.0,72.0,0.2,1.6,3.5,3.0,150.0,medium,12.7,13.7,52.8,409.6,424.6,18.3,,,
tea,Camellia sinensis,AGRAS T40,50.0,2.8,3.2,0.8,40,3600.0,8,LX8060SZ,2,50.0,300.0,11,11,magnetic drive impeller pump,6.0,2.0,23.407,31.154,46.396,72.426,0.191,1.588,3.645,3.044,151.746,medium,12.907,13.755,53.082,412.662,432.737,17.931,,,
tea,Camellia sinensis,AGRAS T40,50.0,2.8,3.2,0.8,40,3600.0,8,LX8060SZ,2,50.0,300.0,11,11,magnetic drive impeller pump,6.0,2.0,23.241,31.66,47.441,71.964,0.207,1.553,3.73,2.837,144.688,medium,13.046,13.662,52.804,415.945,423.543,17.986,,,
tea,Camellia sinensis,AGRAS T40,50.0,2.8,3.2,0.8,40,3600.0,8,LX8060SZ,2,50.0,300.0,11,11,magnetic drive impeller pump,6.0,2.0,23.141,30.135,46.822,70.842,0.21,1.645,3.568,2.93,143.989,medium,12.745,13.567,52.15,409.748,431.038,18.421,,,
tea,Camellia sinensis,AGRAS T40,50.0,2.8,3.2,0.8,40,3600.0,8,LX8060SZ,2,50.0,300.0,11,11,magnetic drive impeller pump,6.0,2.0,24.089,31.36,47.169,73.452,0.194,1.559,3.491,3.107,148.617,medium,12.849,13.48,52.849,407.375,429.032,18.189,,,
tea,Camellia sinensis,AGRAS T40,50.0,2.8,3.2,0.8,40,3600.0,8,LX8060SZ,2,50.0,300.0,11,11,magnetic drive impeller pump,6.0,2.0,22.843,32.097,49.296,70.273,0.189,1.608,3.365,3.008,155.986,medium,12.87,13.599,53.466,405.306,428.584,18.295,,,
tea,Camellia sinensis,AGRAS T40,50.0,2.8,3.2,0.8,40,3600.0,8,LX8060SZ,2,50.0,300.0,11,11,magnetic drive impeller pump,6.0,2.0,23.791,30.186,45.971,68.957,0.212,1.689,3.445,2.954,146.534,medium,12.438,13.556,51.705,406.717,428.755,18.676,,,
tea,Camellia sinensis,AGRAS T40,50.0,2.8,3.2,0.8,40,3600.0,8,LX8060SZ,2,50.0,300.0,11,11,magnetic drive impeller pump,6.0,2.0,22.775,30.353,49.856,71.492,0.211,1.656,3.494,3.244,144.282,medium,12.679,13.521,51.923,405.287,422.79,18.316,,,
tea,Camellia sinensis,AGRAS T40,50.0,2.8,3.2,0.8,40,3600.0,8,LX8060SZ,2,50.0,300.0,11,11,magnetic drive impeller pump,6.0,2.0,22.407,31.496,46.957,70.533,0.213,1.592,3.563,2.868,142.913,medium,12.921,13.739,52.888,417.007,418.164,18.45,,,
tea,Camellia sinensis,AGRAS T40,50.0,2.8,3.2,0.8,40,3600.0,8,LX8060SZ,2,50.0,300.0,11,11,magnetic drive impeller pump,6.0,2.0,23.469,31.784,49.851,73.547,0.203,1.572,3.725,2.844,157.486,medium,12.714,13.737,54.017,408.68,417.896,18.529,,,
tea,Camellia sinensis,AGRAS T40,50.0,2.8,3.2,0.8,40,3600.0,8,LX8060SZ,2,50.0,300.0,11,11,magnetic drive impeller pump,6.0,2.0,23.0,31.0,48.0,72.0,0.2,1.6,5.0,3.0,150.0,medium,12.3,13.4,38.7,396.9,403.8,15.6,,,
tea,Camellia sinensis,AGRAS T40,50.0,2.8,3.2,0.8,40,3600.0,8,LX8060SZ,2,50.0,300.0,11,11,magnetic drive impeller pump,6.0,2.0,23.144,31.922,48.221,70.898,0.206,1.532,4.726,2.812,144.396,medium,12.237,13.531,38.816,403.764,403.764,15.381,,,
tea,Camellia sinensis,AGRAS T40,50.0,2.8,3.2,0.8,40,3600.0,8,LX8060SZ,2,50.0,300.0,11,11,magnetic drive impeller pump,6.0,2.0,22.482,30.614,47.003,72.915,0.195,1.692,5.192,2.953,152.396,medium,12.318,13.271,38.792,394.211,401.541,15.577,,,
tea,Camellia sinensis,AGRAS T40,50.0,2.8,3.2,0.8,40,3600.0,8,LX8060SZ,2,50.0,300.0,11,11,magnetic drive impeller pump,6.0,2.0,23.583,31.296,47.705,73.001,0.192,1.555,5.426,2.946,147.162,medium,12.504,13.101,38.176,402.861,402.861,15.64,,,
tea,Camellia sinensis,AGRAS T40,50.0,2.8,3.2,0.8,40,3600.0,8,LX8060SZ,2,50.0,300.0,11,11,magnetic drive impeller pump,6.0,2.0,22.613,30.705,45.973,70.74,0.195,1.639,4.927,3.099,149.266,medium,12.244,13.577,38.705,397.442,407.071,15.336,,,
tea,Camellia sinensis,AGRAS T40,50.0,2.8,3.2,0.8,40,3600.0,8,LX8060SZ,2,50.0,300.0,11,11,magnetic drive impeller pump,6.0,2.0,23.844,31.193,49.216,70.81,0.191,1.595,5.018,2.956,145.683,medium,12.315,13.263,38.581,397.123,404.408,15.745,,,
tea,Camellia sinensis,AGRAS T40,50.0,2.8,3.2,0.8,40,3600.0,8,LX8060SZ,2,50.0,300.0,11,11,magnetic drive impeller pump,6.0,2.0,23.177,31.111,49.415,73.233,0.199,1.659,5.278,3.136,144.179,medium,12.158,13.454,38.253,392.04,407.745,15.443,,,
tea,Camellia sinensis,AGRAS T40,50.0,2.8,3.2,0.8,40,3600.0,8,LX8060SZ,2,50.0,300.0,11,11,magnetic drive impeller pump,6.0,2.0,22.851,30.665,48.379,69.913,0.206,1.583,5.115,3.165,140.812,medium,12.404,13.299,38.827,400.987,400.987,15.319,,,
tea,Camellia sinensis,AGRAS T40,50.0,2.8,3.2,0.8,40,3600.0,8,LX8060SZ,2,50.0,300.0,11,11,magnetic drive impeller pump,6.0,2.0,23.168,30.95,48.549,72.035,0.191,1.683,4.878,3.216,154.588,medium,12.417,13.754,38.902,395.411,401.751,15.629,,,
tea,Camellia sinensis,AGRAS T40,50.0,2.8,3.2,0.8,40,3600.0,8,LX8060SZ,2,50.0,300.0,11,11,magnetic drive impeller pump,6.0,2.0,23.737,30.743,46.903,68.892,0.186,1.653,5.172,2.792,147.663,medium,12.146,13.284,38.497,400.794,410.748,15.496,,,
tea,Camellia sinensis,AGRAS T40,50.0,2.8,3.2,0.8,40,3600.0,8,LX8060SZ,2,50.0,300.0,11,11,magnetic drive impeller pump,6.0,2.0,23.0,31.0,48.0,72.0,0.2,1.6,2.0,5.0,105.0,medium,9.4,10.8,27.8,376.2,383.1,11.6,,,
tea,Camellia sinensis,AGRAS T40,50.0,2.8,3.2,0.8,40,3600.0,8,LX8060SZ,2,50.0,300.0,11,11,magnetic drive impeller pump,6.0,2.0,22.644,31.188,48.034,69.993,0.207,1.555,2.014,4.868,101.415,medium,9.432,10.659,27.233,380.499,386.75,11.419,,,
tea,Camellia sinensis,AGRAS T40,50.0,2.8,3.2,0.8,40,3600.0,8,LX8060SZ,2,50.0,300.0,11,11,magnetic drive impeller pump,6.0,2.0,22.14,30.978,49.112,73.281,0.196,1.575,1.892,4.943,96.883,medium,9.621,10.883,27.121,376.054,385.017,11.663,,,
tea,Camellia sinensis,AGRAS T40,50.0,2.8,3.2,0.8,40,3600.0,8,LX8060SZ,2,50.0,300.0,11,11,magnetic drive impeller pump,6.0,2.0,23.027,30.934,47.051,73.416,0.191,1.691,1.906,5.236,113.38,medium,9.494,11.051,28.05,374.348,388.934,11.6,,,
tea,Camellia sinensis,AGRAS T40,50.0,2.8,3.2,0.8,40,3600.0,8,LX8060SZ,2,50.0,300.0,11,11,magnetic drive impeller pump,6.0,2.0,23.221,31.222,47.818,70.535,0.202,1.682,1.993,5.167,110.191,medium,9.584,10.922,27.466,373.985,380.56,11.684,,,
tea,Camellia sinensis,AGRAS T40,50.0,2.8,3.2,0.8,40,3600.0,8,LX8060SZ,2,50.0,300.0,11,11,magnetic drive impeller pump,6.0,2.0,22.77,29.669,47.608,71.776,0.196,1.636,1.984,4.651,96.898,medium,9.528,10.917,27.604,380.596,391.136,11.608,,,
tea,Camellia sinensis,AGRAS T40,50.0,2.8,3.2,0.8,40,3600.0,8,LX8060SZ,2,50.0,300.0,11,11,magnetic drive impeller pump,6.0,2.0,22.674,30.628,48.943,73.007,0.188,1.606,1.916,4.666,100.912,medium,9.56,10.528,27.688,371.864,374.029,11.57,,,
tea,Camellia sinensis,AGRAS T40,50.0,2.8,3.2,0.8,40,3600.0,8,LX8060SZ,2,50.0,300.0,11,11,magnetic drive impeller pump,6.0,2.0,23.294,31.983,47.421,71.899,0.199,1.641,1.968,4.989,103.134,medium,9.217,10.909,28.083,370.594,379.859,11.698,,,
tea,Camellia sinensis,AGRAS T40,50.0,2.8,3.2,0.8,40,3600.0,8,LX8060SZ,2,50.0,300.0,11,11,magnetic drive impeller pump,6.0,2.0,23.227,30.968,47.086,75.065,0.189,1.643,2.017,4.983,102.926,medium,9.505,10.63,27.064,372.406,388.263,11.773,,,
tea,Camellia sinensis,AGRAS T40,50.0,2.8,3.2,0.8,40,3600.0,8,LX8060SZ,2,50.0,300.0,11,11,magnetic drive impeller pump,6.0,2.0,23.186,29.99,47.31,70.758,0.182,1.57,1.867,5.161,104.324,medium,9.252,10.609,27.554,369.499,388.933,11.548,,,
tea,Camellia sinensis,AGRAS T40,50.0,2.8,3.2,0.8,40,3600.0,8,LX8060SZ,2,50.0,300.0,11,11,magnetic drive impeller pump,6.0,2.0,23.0,31.0,48.0,72.0,0.2,1.6,3.5,5.0,105.0,medium,9.6,9.9,29.9,378.5,393.5,10.6,,,
tea,Camellia sinensis,AGRAS T40,50.0,2.8,3.2,0.8,40,3600.0,8,LX8060SZ,2,50.0,300.0,11,11,magnetic drive impeller pump,6.0,2.0,23.434,31.155,47.529,73.22,0.188,1.559,3.378,5.094,110.547,medium,9.614,10.07,29.954,376.342,403.761,10.678,,,
tea,Camellia sinensis,AGRAS T40,50.0,2.8,3.2,0.8,40,3600.0,8,LX8060SZ,2,50.0,300.0,11,11,magnetic drive impeller pump,6.0,2.0,22.98,31.843,49.869,71.879,0.192,1.536,3.433,5.245,97.72,medium,9.689,9.766,30.335,380.995,394.765,10.474,,,
tea,Camellia sinensis,AGRAS T40,50.0,2.8,3.2,0.8,40,3600.0,8,LX8060SZ,2,50.0,300.0,11,11,magnetic drive impeller pump,6.0,2.0,23.205,30.232,47.073,73.395,0.211,1.572,3.58,5.247,108.965,medium,9.458,9.882,30.449,376.302,392.232,10.668,,,
tea,Camellia sinensis,AGRAS T40,50.0,2.8,3.2,0.8,40,3600.0,8,LX8060SZ,2,50.0,300.0,11,11,magnetic drive impeller pump,6.0,2.0,23.23,30.818,47.751,73.016,0.216,1.672,3.422,5.197,108.378,medium,9.733,9.801,30.418,369.079,391.817,10.453,,,
tea,Camellia sinensis,AGRAS T40,50.0,2.8,3.2,0.8,40,3600.0,8,LX8060SZ,2,50.0,300.0,11,11,magnetic drive impeller pump,6.0,2.0,23.002,30.469,47.956,70.329,0.194,1.475,3.542,5.082,107.049,medium,9.756,10.021,30.285,377.441,391.45,10.558,,,
tea,Camellia sinensis,AGRAS T40,50.0,2.8,3.2,0.8,40,3600.0,8,LX8060SZ,2,50.0,300.0,11,11,magnetic drive impeller pump,6.0,2.0,22.782,30.387,48.681,71.243,0.206,1.563,3.278,4.719,103.72,medium,9.685,9.685,29.623,373.379,398.678,10.714,,,
tea,Camellia sinensis,AGRAS T40,50.0,2.8,3.2,0.8,40,3600.0,8,LX8060SZ,2,50.0,300.0,11,11,magnetic drive impeller pump,6.0,2.0,23.1,31.718,48.966,73.765,0.196,1.511,3.445,5.196,107.646,medium,9.611,10.016,29.439,383.243,394.294,10.704,,,
tea,Camellia sinensis,AGRAS T40,50.0,2.8,3.2,0.8,40,3600.0,8,LX8060SZ,2,50.0,300.0,11,11,magnetic drive impeller pump,6.0,2.0,23.404,31.433,46.132,72.692,0.191,1.669,3.685,4.626,111.479,medium,9.384,9.995,30.384,377.556,392.386,10.615,,,
tea,Camellia sinensis,AGRAS T40,50.0,2.8,3.2,0.8,40,3600.0,8,LX8060SZ,2,50.0,300.0,11,11,magnetic drive impeller pump,6.0,2.0,23.055,31.655,47.569,69.636,0.21,1.54,3.729,5.32,101.026,medium,9.663,10.005,30.279,374.432,401.602,10.594,,,
tea,Camellia sinensis,AGRAS T40,50.0,2.8,3.2,0.8,40,3600.0,8,LX8060SZ,2,50.0,300.0,11,11,magnetic drive impeller pump,6.0,2.0,23.0,31.0,48.0,72.0,0.2,1.6,5.0,5.0,105.0,medium,8.5,8.6,16.9,349.6,365.8,8.7,,,
tea,Camellia sinensis,AGRAS T40,50.0,2.8,3.2,0.8,40,3600.0,8,LX8060SZ,2,50.0,300.0,11,11,magnetic drive impeller pump,6.0,2.0,22.5,30.937,48.515,72.463,0.194,1.594,4.71,5.151,101.75,medium,8.464,8.659,16.531,348.768,371.223,8.875,,,
tea,Camellia sinensis,AGRAS T40,50.0,2.8,3.2,0.8,40,3600.0,8,LX8060SZ,2,50.0,300.0,11,11,magnetic drive impeller pump,6.0,2.0,23.646,31.56,49.518,69.568,0.195,1.461,4.871,5.125,104.754,medium,8.673,8.673,16.581,351.272,363.451,8.874,,,
tea,Camellia sinensis,AGRAS T40,50.0,2.8,3.2,0.8,40,3600.0,8,LX8060SZ,2,50.0,300.0,11,11,magnetic drive impeller pump,6.0,2.0,22.406,30.192,49.952,70.711,0.199,1.661,4.822,4.903,106.629,medium,8.623,8.66,16.926,342.488,356.452,8.675,,,
tea,Camellia sinensis,AGRAS T40,50.0,2.8,3.2,0.8,40,3600.0,8,LX8060SZ,2,50.0,300.0,11,11,magnetic drive impeller pump,6.0,2.0,22.89,31.828,48.286,73.851,0.191,1.6,4.847,5.194,102.661,medium,8.556,8.739,16.806,357.116,366.994,8.565,,,
tea,Camellia sinensis,AGRAS T40,50.0,2.8,3.2,0.8,40,3600.0,8,LX8060SZ,2,50.0,300.0,11,11,magnetic drive impeller pump,6.0,2.0,23.127,31.547,47.595,70.018,0.212,1.522,4.527,5.135,97.259,medium,8.462,8.703,17.0,354.931,371.639,8.546,,,
tea,Camellia sinensis,AGRAS T40,50.0,2.8,3.2,0.8,40,3600.0,8,LX8060SZ,2,50.0,300.0,11,11,magnetic drive impeller pump,6.0,2.0,23.215,31.42,48.174,71.026,0.191,1.634,5.042,4.897,103.793,medium,8.569,8.711,16.978,359.093,363.569,8.633,,,
tea,Camellia sinensis,AGRAS T40,50.0,2.8,3.2,0.8,40,3600.0,8,LX8060SZ,2,50.0,300.0,11,11,magnetic drive impeller pump,6.0,2.0,23.145,31.386,47.576,73.889,0.186,1.527,4.879,4.888,107.469,medium,8.288,8.698,16.868,348.719,365.625,8.746,,,
tea,Camellia sinensis,AGRAS T40,50.0,2.8,3.2,0.8,40,3600.0,8,LX8060SZ,2,50.0,300.0,11,11,magnetic drive impeller pump,6.0,2.0,23.006,32.176,46.435,69.903,0.212,1.516,4.92,4.629,105.902,medium,8.638,8.682,16.767,346.507,363.26,8.794,,,
tea,Camellia sinensis,AGRAS T40,50.0,2.8,3.2,0.8,40,3600.0,8,LX8060SZ,2,50.0,300.0,11,11,magnetic drive impeller pump,6.0,2.0,23.74,31.188,47.602,71.729,0.199,1.638,4.769,4.773,102.069,medium,8.575,8.669,16.736,348.878,361.912,8.705,,,
tea,Camellia sinensis,AGRAS T40,50.0,2.8,3.2,0.8,40,3600.0,8,LX8060SZ,2,50.0,300.0,11,11,magnetic drive impeller pump,6.0,2.0,23.0,31.0,48.0,72.0,0.2,1.6,3.5,3.0,105.0,coarse,11.5,12.3,46.3,441.9,463.8,17.8,,,
tea,Camellia sinensis,AGRAS T40,50.0,2.8,3.2,0.8,40,3600.0,8,LX8060SZ,2,50.0,300.0,11,11,magnetic drive impeller pump,6.0,2.0,23.825,31.533,49.612,73.441,0.215,1.574,3.681,2.91,111.899,coarse,11.608,12.406,46.577,444.901,460.819,17.812,,,
tea,Camellia sinensis,AGRAS T40,50.0,2.8,3.2,0.8,40,3600.0,8,LX8060SZ,2,50.0,300.0,11,11,magnetic drive impeller pump,6.0,2.0,21.957,30.315,46.702,70.169,0.185,1.627,3.186,2.834,106.023,coarse,11.404,12.364,46.149,449.887,470.431,17.82,,,
tea,Camellia sinensis,AGRAS T40,50.0,2.8,3.2,0.8,40,3600.0,8,LX8060SZ,2,50.0,300.0,11,11,magnetic drive impeller pump,6.0,2.0,22.641,30.883,46.637,72.017,0.191,1.456,3.323,2.846,104.711,coarse,11.397,12.472,46.384,444.204,475.27,18.212,,,
tea,Camellia sinensis,AGRAS T40,50.0,2.8,3.2,0.8,40,3600.0,8,LX8060SZ,2,50.0,300.0,11,11,magnetic drive impeller pump,6.0,2.0,23.887,32.244,47.539,70.537,0.212,1.667,3.441,3.217,109.323,coarse,11.411,12.556,45.959,445.101,474.602,17.978,,,
tea,Camellia sinensis,AGRAS T40,50.0,2.8,3.2,0.8,40,3600.0,8,LX8060SZ,2,50.0,300.0,11,11,magnetic drive impeller pump,6.0,2.0,23.153,30.383,46.765,74.066,0.199,1.578,3.667,3.153,108.736,coarse,11.628,12.38,45.953,439.002,467.504,18.065,,,
tea,Camellia sinensis,AGRAS T40,50.0,2.8,3.2,0.8,40,3600.0,8,LX8060SZ,2,50.0,300.0,11,11,magnetic drive impeller pump,6.0,2.0,22.924,30.91,48.418,71.593,0.198,1.495,3.657,2.839,102.989,coarse,11.391,12.327,45.997,440.225,458.655,17.874,,,
tea,Camellia sinensis,AGRAS T40,50.0,2.8,3.2,0.8,40,3600.0,8,LX8060SZ,2,50.0,300.0,11,11,magnetic drive impeller pump,6.0,2.0,22.971,31.506,48.896,70.889,0.204,1.643,3.303,2.955,95.572,coarse,11.567,12.143,47.465,433.956,473.318,17.554,,,
tea,Camellia sinensis,AGRAS T40,50.0,2.8,3.2,0.8,40,3600.0,8,LX8060SZ,2,50.0,300.0,11,11,magnetic drive impeller pump,6.0,2.0,23.977,31.62,49.909,71.322,0.193,1.736,3.445,3.116,112.12,coarse,11.444,12.159,45.505,441.252,469.991,17.867,,,
tea,Camellia sinensis,AGRAS T40,50.0,2.8,3.2,0.8,40,3600.0,8,LX8060SZ,2,50.0,300.0,11,11,magnetic drive impeller pump,6.0,2.0,22.592,31.097,46.946,72.109,0.201,1.712,3.388,3.051,107.682,coarse,11.54,12.199,47.096,448.709,465.785,17.93,,,
tea,Camellia sinensis,AGRAS T40,50.0,2.8,3.2,0.8,40,3600.0,8,LX8060SZ,2,50.0,300.0,11,11,magnetic drive impeller pump,6.0,2.0,23.0,31.0,48.0,72.0,0.2,1.6,3.5,3.0,105.0,fine,9.6,10.9,66.9,268.8,280.4,21.1,,,
tea,Camellia sinensis,AGRAS T40,50.0,2.8,3.2,0.8,40,3600.0,8,LX8060SZ,2,50.0,300.0,11,11,magnetic drive impeller pump,6.0,2.0,23.669,30.305,48.028,73.271,0.186,1.612,3.341,2.851,108.961,fine,9.706,10.799,65.012,267.522,281.423,21.293,,,
tea,Camellia sinensis,AGRAS T40,50.0,2.8,3.2,0.8,40,3600.0,8,LX8060SZ,2,50.0,300.0,11,11,magnetic drive impeller pump,6.0,2.0,23.512,30.933,49.555,73.372,0.196,1.494,3.581,3.275,110.785,fine,9.422,10.88,66.48,266.155,274.864,21.025,,,
tea,Camellia sinensis,AGRAS T40,50.0,2.8,3.2,0.8,40,3600.0,8,LX8060SZ,2,50.0,300.0,11,11,magnetic drive impeller pump,6.0,2.0,23.246,30.689,47.031,71.123,0.207,1.571,3.458,3.041,112.919,fine,9.58,11.03,66.886,268.192,275.65,21.079,,,
tea,Camellia sinensis,AGRAS T40,50.0,2.8,3.2,0.8,40,3600.0,8,LX8060SZ,2,50.0,300.0,11,11,magnetic drive impeller pump,6.0,2.0,23.715,30.899,48.243,73.114,0.198,1.666,3.367,3.173,110.996,fine,9.646,10.968,67.063,265.001,278.406,21.486,,,
tea,Camellia sinensis,AGRAS T40,50.0,2.8,3.2,0.8,40,3600.0,8,LX8060SZ,2,50.0,300.0,11,11,magnetic drive impeller pump,6.0,2.0,22.901,30.882,47.917,73.984,0.201,1.66,3.534,3.046,109.187,fine,9.796,10.865,66.054,271.635,280.724,21.242,,,
tea,Camellia sinensis,AGRAS T40,50.0,2.8,3.2,0.8,40,3600.0,8,LX8060SZ,2,50.0,300.0,11,11,magnetic drive impeller pump,6.0,2.0,23.229,31.81,48.193,72.874,0.204,1.58,3.587,3.135,95.786,fine,9.671,10.826,67.67,272.51,284.334,20.932,,,
tea,Camellia sinensis,AGRAS T40,50.0,2.8,3.2,0.8,40,3600.0,8,LX8060SZ,2,50.0,300.0,11,11,magnetic drive impeller pump,6.0,2.0,23.145,31.43,47.164,73.076,0.209,1.522,3.711,3.093,101.497,fine,9.62,11.014,66.011,265.979,283.558,21.028,,,
tea,Camellia sinensis,AGRAS T40,50.0,2.8,3.2,0.8,40,3600.0,8,LX8060SZ,2,50.0,300.0,11,11,magnetic drive impeller pump,6.0,2.0,23.281,31.012,47.089,74.585,0.187,1.612,3.689,3.017,100.912,fine,9.519,11.108,66.231,260.949,275.763,21.216,,,
tea,Camellia sinensis,AGRAS T40,50.0,2.8,3.2,0.8,40,3600.0,8,LX8060SZ,2,50.0,300.0,11,11,magnetic drive impeller pump,6.0,2.0,23.52,30.7,48.565,73.192,0.186,1.641,3.23,2.791,111.623,fine,9.487,10.919,66.623,264.351,276.148,21.288,,,
wheat,,AGRAS T20,,1.1,0.57,0.732,20,,6,XR110015,8,,,5,5,diaphragm pump,,,13.9,13.9,32.9,32.9,2.1,2.1,2.5,3.5,15.0,off,4.5,,45.3,323.0,,10.1,0.05,GNSS RTK,1.575
wheat,,AGRAS T20,,1.1,0.57,0.732,20,,6,XR110015,8,,,5,5,diaphragm pump,,,13.737,13.737,32.502,32.502,1.93,1.93,2.386,3.244,15.0,off,4.537,,44.491,323.013,,9.997,0.05,GNSS RTK,1.575
wheat,,AGRAS T20,,1.1,0.57,0.732,20,,6,XR110015,8,,,5,5,diaphragm pump,,,13.649,13.649,32.96,32.96,2.026,2.026,2.704,3.48,15.0,off,4.445,,44.574,316.161,,10.177,0.05,GNSS RTK,1.575
wheat,,AGRAS T20,,1.1,0.57,0.732,20,,6,XR110015,8,,,5,5,diaphragm pump,,,13.624,13.624,33.939,33.939,2.247,2.247,2.45,3.609,15.0,off,4.543,,45.362,321.782,,10.237,0.05,GNSS RTK,1.575
wheat,,AGRAS T20,,1.1,0.57,0.732,20,,6,XR110015,8,,,5,5,diaphragm pump,,,13.508,13.508,32.012,32.012,2.135,2.135,2.363,3.522,15.0,off,4.521,,45.94,324.89,,10.074,0.05,GNSS RTK,1.575
wheat,,AGRAS T20,,1.1,0.57,0.732,20,,6,XR110015,8,,,5,5,diaphragm pump,,,13.717,13.717,32.201,32.201,2.037,2.037,2.54,3.314,15.0,off,4.506,,44.566,325.677,,9.861,0.05,GNSS RTK,1.575
wheat,,AGRAS T20,,1.1,0.57,0.732,20,,6,XR110015,8,,,5,5,diaphragm pump,,,13.626,13.626,33.713,33.713,2.088,2.088,2.519,3.708,15.0,off,4.527,,45.247,326.881,,10.034,0.05,GNSS RTK,1.575
wheat,,AGRAS T20,,1.1,0.57,0.732,20,,6,XR110015,8,,,5,5,diaphragm pump,,,13.728,13.728,33.312,33.312,2.039,2.039,2.539,3.679,15.0,off,4.459,,46.157,323.073,,10.107,0.05,GNSS RTK,1.575
wheat,,AGRAS T20,,1.1,0.57,0.732,20,,6,XR110015,8,,,5,5,diaphragm pump,,,13.671,13.671,31.742,31.742,2.141,2.141,2.469,3.267,15.0,off,4.468,,44.991,326.509,,10.312,0.05,GNSS RTK,1.575
wheat,,AGRAS T20,,1.1,0.57,0.732,20,,6,XR110015,8,,,5,5,diaphragm pump,,,13.652,13.652,33.344,33.344,2.113,2.113,2.422,3.511,15.0,off,4.458,,44.715,320.242,,10.079,0.05,GNSS RTK,1.575
wheat,,AGRAS T20,,1.1,0.57,0.732,20,,6,XR110015,8,,,5,5,diaphragm pump,,,13.6,13.6,31.0,31.0,3.0,3.0,2.5,4.5,15.0,off,5.5,,47.3,307.0,,11.3,0.05,GNSS RTK,2.025
wheat,,AGRAS T20,,1.1,0.57,0.732,20,,6,XR110015,8,,,5,5,diaphragm pump,,,13.97,13.97,31.049,31.049,3.143,3.143,2.527,4.798,15.0,off,5.451,,47.81,304.887,,11.291,0.05,GNSS RTK,2.025
wheat,,AGRAS T20,,1.1,0.57,0.732,20,,6,XR110015,8,,,5,5,diaphragm pump,,,13.355,13.355,30.001,30.001,3.141,3.141,2.284,4.576,15.0,off,5.434,,47.285,303.798,,11.303,0.05,GNSS RTK,2.025
wheat,,AGRAS T20,,1.1,0.57,0.732,20,,6,XR110015,8,,,5,5,diaphragm pump,,,13.514,13.514,31.597,31.597,3.066,3.066,2.582,4.704,15.0,off,5.532,,47.82,313.172,,11.278,0.05,GNSS RTK,2.025
wheat,,AGRAS T20,,1.1,0.57,0.732,20,,6,XR110015,8,,,5,5,diaphragm pump,,,13.086,13.086,30.831,30.831,2.869,2.869,2.533,4.627,15.0,off,5.475,,47.61,304.376,,11.32,0.05,GNSS RTK,2.025
wheat,,AGRAS T20,,1.1,0.57,0.732,20,,6,XR110015,8,,,5,5,diaphragm pump,,,13.585,13.585,30.98,30.98,2.911,2.911,2.59,4.592,15.0,off,5.568,,48.344,304.59,,11.209,0.05,GNSS RTK,2.025
wheat,,AGRAS T20,,1.1,0.57,0.732,20,,6,XR110015,8,,,5,5,diaphragm pump,,,13.267,13.267,31.807,31.807,3.146,3.146,2.453,4.815,15.0,off,5.593,,48.457,313.778,,11.439,0.05,GNSS RTK,2.025
wheat,,AGRAS T20,,1.1,0.57,0.732,20,,6,XR110015,8,,,5,5,diaphragm pump,,,13.444,13.444,32.384,32.384,2.887,2.887,2.691,4.537,15.0,off,5.526,,46.863,312.922,,11.271,0.05,GNSS RTK,2.025
wheat,,AGRAS T20,,1.1,0.57,0.732,20,,6,XR110015,8,,,5,5,diaphragm pump,,,13.902,13.902,30.769,30.769,3.094,3.094,2.321,4.375,15.0,off,5.605,,47.054,300.605,,11.515,0.05,GNSS RTK,2.025
wheat,,AGRAS T20,,1.1,0.57,0.732,20,,6,XR110015,8,,,5,5,diaphragm pump,,,13.62,13.62,30.387,30.387,3.104,3.104,2.6,4.455,15.0,off,5.438,,47.187,307.72,,11.518,0.05,GNSS RTK,2.025
wheat,,AGRAS T20,,1.1,0.57,0.732,20,,6,XR110015,8,,,5,5,diaphragm pump,,,14.1,14.1,46.7,46.7,3.4,3.4,2.5,5.5,15.0,off,3.2,,28.8,360.0,,9.1,0.05,GNSS RTK,2.475
wheat,,AGRAS T20,,1.1,0.57,0.732,20,,6,XR110015,8,,,5,5,diaphragm pump,,,14.227,14.227,46.553,46.553,3.389,3.389,2.669,5.418,15.0,off,3.184,,28.66,366.31,,8.971,0.05,GNSS RTK,2.475
wheat,,AGRAS T20,,1.1,0.57,0.732,20,,6,XR110015,8,,,5,5,diaphragm pump,,,14.297,14.297,45.503,45.503,3.272,3.272,2.539,5.298,15.0,off,3.248,,28.259,356.638,,9.241,0.05,GNSS RTK,2.475
wheat,,AGRAS T20,,1.1,0.57,0.732,20,,6,XR110015,8,,,5,5,diaphragm pump,,,14.006,14.006,45.036,45.036,3.378,3.378,2.655,5.74,15.0,off,3.209,,28.979,357.006,,9.04,0.05,GNSS RTK,2.475
wheat,,AGRAS T20,,1.1,0.57,0.732,20,,6,XR110015,8,,,5,5,diaphragm pump,,,13.755,13.755,45.11,45.11,3.378,3.378,2.605,5.643,15.0,off,3.192,,28.576,358.804,,9.029,0.05,GNSS RTK,2.475
wheat,,AGRAS T20,,1.1,0.57,0.732,20,,6,XR110015,8,,,5,5,diaphragm pump,,,13.878,13.878,45.547,45.547,3.268,3.268,2.621,5.449,15.0,off,3.14,,28.829,361.43,,9.197,0.05,GNSS RTK,2.475
wheat,,AGRAS T20,,1.1,0.57,0.732,20,,6,XR110015,8,,,5,5,diaphragm pump,,,14.184,14.184,45.522,45.522,3.17,3.17,2.577,5.807,15.0,off,3.15,,29.318,359.691,,9.05,0.05,GNSS RTK,2.475
wheat,,AGRAS T20,,1.1,0.57,0.732,20,,6,XR110015,8,,,5,5,diaphragm pump,,,13.984,13.984,47.124,47.124,3.482,3.482,2.471,5.49,15.0,off,3.126,,28.931,355.896,,9.204,0.05,GNSS RTK,2.475
wheat,,AGRAS T20,,1.1,0.57,0.732,20,,6,XR110015,8,,,5,5,diaphragm pump,,,13.97,13.97,46.532,46.532,3.695,3.695,2.362,5.267,15.0,off,3.232,,29.423,356.067,,9.068,0.05,GNSS RTK,2.475
wheat,,AGRAS T20,,1.1,0.57,0.732,20,,6,XR110015,8,,,5,5,diaphragm pump,,,14.446,14.446,46.633,46.633,3.435,3.435,2.288,5.316,15.0,off,3.262,,28.675,360.166,,9.167,0.05,GNSS RTK,2.475
wheat,,AGRAS T20,,1.1,0.57,0.732,20,,6,XR110015,8,,,5,5,diaphragm pump,,,13.9,13.9,32.9,32.9,5.2,5.2,2.5,4.5,11.7,off,2.3,,51.2,,,,0.05,GNSS RTK,1.575
wheat,,AGRAS T20,,1.1,0.57,0.732,20,,6,XR110015,8,,,5,5,diaphragm pump,,,14.131,14.131,32.079,32.079,5.119,5.119,2.309,4.769,11.7,off,2.288,,50.752,,,,0.05,GNSS RTK,1.575
wheat,,AGRAS T20,,1.1,0.57,0.732,20,,6,XR110015,8,,,5,5,diaphragm pump,,,13.574,13.574,32.032,32.032,5.374,5.374,2.601,4.6,11.7,off,2.303,,52.165,,,,0.05,GNSS RTK,1.575
wheat,,AGRAS T20,,1.1,0.57,0.732,20,,6,XR110015,8,,,5,5,diaphragm pump,,,14.008,14.008,34.336,34.336,4.886,4.886,2.625,4.589,11.7,off,2.291,,50.384,,,,0.05,GNSS RTK,1.575
wheat,,AGRAS T20,,1.1,0.57,0.732,20,,6,XR110015,8,,,5,5,diaphragm pump,,,13.762,13.762,32.903,32.903,5.409,5.409,2.622,4.661,11.7,off,2.298,,50.773,,,,0.05,GNSS RTK,1.575
wheat,,AGRAS T20,,1.1,0.57,0.732,20,,6,XR110015,8,,,5,5,diaphragm pump,,,13.756,13.756,34.217,34.217,4.913,4.913,2.521,4.313,11.7,off,2.329,,51.682,,,,0.05,GNSS RTK,1.575
wheat,,AGRAS T20,,1.1,0.57,0.732,20,,6,XR110015,8,,,5,5,diaphragm pump,,,13.887,13.887,33.104,33.104,5.006,5.006,2.597,4.64,11.7,off,2.329,,50.536,,,,0.05,GNSS RTK,1.575
wheat,,AGRAS T20,,1.1,0.57,0.732,20,,6,XR110015,8,,,5,5,diaphragm pump,,,14.283,14.283,32.57,32.57,5.513,5.513,2.573,4.592,11.7,off,2.333,,50.459,,,,0.05,GNSS RTK,1.575
wheat,,AGRAS T20,,1.1,0.57,0.732,20,,6,XR110015,8,,,5,5,diaphragm pump,,,13.693,13.693,33.696,33.696,4.825,4.825,2.374,4.296,11.7,off,2.316,,51.689,,,,0.05,GNSS RTK,1.575
wheat,,AGRAS T20,,1.1,0.57,0.732,20,,6,XR110015,8,,,5,5,diaphragm pump,,,14.132,14.132,32.391,32.391,5.421,5.421,2.503,4.695,11.7,off,2.271,,50.918,,,,0.05,GNSS RTK,1.575
wheat,,AGRAS T20,,1.1,0.57,0.732,20,,6,XR110015,8,,,5,5,diaphragm pump,,,13.6,13.6,31.0,31.0,3.0,3.0,2.5,4.5,15.0,off,5.5,,49.7,,,,0.05,GNSS RTK,2.025
wheat,,AGRAS T20,,1.1,0.57,0.732,20,,6,XR110015,8,,,5,5,diaphragm pump,,,13.33,13.33,30.21,30.21,3.167,3.167,2.631,4.617,15.0,off,5.442,,50.315,,,,0.05,GNSS RTK,2.025
wheat,,AGRAS T20,,1.1,0.57,0.732,20,,6,XR110015,8,,,5,5,diaphragm pump,,,13.909,13.909,29.922,29.922,3.274,3.274,2.528,4.663,15.0,off,5.432,,48.503,,,,0.05,GNSS RTK,2.025
wheat,,AGRAS T20,,1.1,0.57,0.732,20,,6,XR110015,8,,,5,5,diaphragm pump,,,13.462,13.462,31.597,31.597,3.166,3.166,2.303,4.261,15.0,off,5.39,,49.448,,,,0.05,GNSS RTK,2.025
wheat,,AGRAS T20,,1.1,0.57,0.732,20,,6,XR110015,8,,,5,5,diaphragm pump,,,13.462,13.462,31.49,31.49,2.986,2.986,2.625,4.636,15.0,off,5.454,,49.92,,,,0.05,GNSS RTK,2.025
wheat,,AGRAS T20,,1.1,0.57,0.732,20,,6,XR110015,8,,,5,5,diaphragm pump,,,13.905,13.905,31.122,31.122,3.035,3.035,2.515,4.784,15.0,off,5.581,,49.865,,,,0.05,GNSS RTK,2.025
wheat,,AGRAS T20,,1.1,0.57,0.732,20,,6,XR110015,8,,,5,5,diaphragm pump,,,14.03,14.03,31.728,31.728,3.049,3.049,2.586,4.433,15.0,off,5.372,,50.748,,,,0.05,GNSS RTK,2.025
wheat,,AGRAS T20,,1.1,0.57,0.732,20,,6,XR110015,8,,,5,5,diaphragm pump,,,13.951,13.951,31.392,31.392,3.026,3.026,2.27,4.369,15.0,off,5.434,,49.794,,,,0.05,GNSS RTK,2.025
wheat,,AGRAS T20,,1.1,0.57,0.732,20,,6,XR110015,8,,,5,5,diaphragm pump,,,13.52,13.52,30.778,30.778,2.953,2.953,2.489,4.238,15.0,off,5.526,,49.541,,,,0.05,GNSS RTK,2.025
wheat,,AGRAS T20,,1.1,0.57,0.732,20,,6,XR110015,8,,,5,5,diaphragm pump,,,13.58,13.58,31.243,31.243,3.18,3.18,2.42,4.562,15.0,off,5.514,,48.555,,,,0.05,GNSS RTK,2.025
wheat,,AGRAS T20,,1.1,0.57,0.732,20,,6,XR110015,8,,,5,5,diaphragm pump,,,13.6,13.6,31.0,31.0,2.8,2.8,2.5,4.5,18.3,off,4.8,,28.5,,,,0.05,GNSS RTK,2.475
wheat,,AGRAS T20,,1.1,0.57,0.732,20,,6,XR110015,8,,,5,5,diaphragm pump,,,13.634,13.634,31.165,31.165,2.709,2.709,2.6,4.388,18.3,off,4.843,,28.636,,,,0.05,GNSS RTK,2.475
wheat,,AGRAS T20,,1.1,0.57,0.732,20,,6,XR110015,8,,,5,5,diaphragm pump,,,13.877,13.877,31.813,31.813,2.838,2.838,2.566,4.28,18.3,off,4.839,,28.93,,,,0.05,GNSS RTK,2.475
wheat,,AGRAS T20,,1.1,0.57,0.732,20,,6,XR110015,8,,,5,5,diaphragm pump,,,13.493,13.493,31.365,31.365,2.911,2.911,2.665,4.896,18.3,off,4.781,,28.352,,,,0.05,GNSS RTK,2.475
wheat,,AGRAS T20,,1.1,0.57,0.732,20,,6,XR110015,8,,,5,5,diaphragm pump,,,13.76,13.76,30.061,30.061,2.781,2.781,2.335,4.192,18.3,off,4.93,,28.709,,,,0.05,GNSS RTK,2.475
wheat,,AGRAS T20,,1.1,0.57,0.732,20,,6,XR110015,8,,,5,5,diaphragm pump,,,13.764,13.764,31.022,31.022,2.668,2.668,2.53,4.438,18.3,off,4.762,,28.853,,,,0.05,GNSS RTK,2.475
wheat,,AGRAS T20,,1.1,0.57,0.732,20,,6,XR110015,8,,,5,5,diaphragm pump,,,13.821,13.821,31.678,31.678,2.642,2.642,2.584,4.631,18.3,off,4.719,,28.267,,,,0.05,GNSS RTK,2.475
wheat,,AGRAS T20,,1.1,0.57,0.732,20,,6,XR110015,8,,,5,5,diaphragm pump,,,13.135,13.135,30.412,30.412,2.939,2.939,2.378,4.625,18.3,off,4.808,,28.769,,,,0.05,GNSS RTK,2.475
wheat,,AGRAS T20,,1.1,0.57,0.732,20,,6,XR110015,8,,,5,5,diaphragm pump,,,13.962,13.962,30.231,30.231,3.003,3.003,2.463,4.479,18.3,off,4.842,,28.762,,,,0.05,GNSS RTK,2.475
wheat,,AGRAS T20,,1.1,0.57,0.732,20,,6,XR110015,8,,,5,5,diaphragm pump,,,13.544,13.544,29.944,29.944,3.02,3.02,2.541,4.209,18.3,off,4.883,,28.438,,,,0.05,GNSS RTK,2.475
wheat,,AGRAS T20,,1.1,0.57,0.732,20,,6,XR110015,8,,,5,5,diaphragm pump,,,17.4,17.4,40.5,40.5,2.7,2.7,2.5,3.5,19.4,off,6.5,,54.3,,,,0.05,GNSS RTK,2.025
wheat,,AGRAS T20,,1.1,0.57,0.732,20,,6,XR110015,8,,,5,5,diaphragm pump,,,17.97,17.97,41.53,41.53,2.54,2.54,2.441,3.445,19.4,off,6.424,,54.199,,,,0.05,GNSS RTK,2.025
wheat,,AGRAS T20,,1.1,0.57,0.732,20,,6,XR110015,8,,,5,5,diaphragm pump,,,17.787,17.787,39.695,39.695,2.49,2.49,2.519,3.784,19.4,off,6.438,,53.665,,,,0.05,GNSS RTK,2.025
wheat,,AGRAS T20,,1.1,0.57,0.732,20,,6,XR110015,8,,,5,5,diaphragm pump,,,17.351,17.351,41.715,41.715,2.668,2.668,2.391,3.751,19.4,off,6.569,,54.652,,,,0.05,GNSS RTK,2.025
wheat,,AGRAS T20,,1.1,0.57,0.732,20,,6,XR110015,8,,,5,5,diaphragm pump,,,17.974,17.974,39.472,39.472,2.67,2.67,2.626,3.38,19.4,off,6.442,,53.772,,,,0.05,GNSS RTK,2.025
wheat,,AGRAS T20,,1.1,0.57,0.732,20,,6,XR110015,8,,,5,5,diaphragm pump,,,17.028,17.028,41.528,41.528,2.807,2.807,2.386,3.634,19.4,off,6.482,,54.13,,,,0.05,GNSS RTK,2.025
wheat,,AGRAS T20,,1.1,0.57,0.732,20,,6,XR110015,8,,,5,5,diaphragm pump,,,17.199,17.199,40.499,40.499,2.632,2.632,2.327,3.541,19.4,off,6.495,,53.758,,,,0.05,GNSS RTK,2.025
wheat,,AGRAS T20,,1.1,0.57,0.732,20,,6,XR110015,8,,,5,5,diaphragm pump,,,17.748,17.748,39.767,39.767,2.483,2.483,2.508,3.195,19.4,off,6.423,,54.069,,,,0.05,GNSS RTK,2.025
wheat,,AGRAS T20,,1.1,0.57,0.732,20,,6,XR110015,8,,,5,5,diaphragm pump,,,16.688,16.688,41.464,41.464,2.692,2.692,2.399,3.644,19.4,off,6.61,,53.658,,,,0.05,GNSS RTK,2.025
wheat,,AGRAS T20,,1.1,0.57,0.732,20,,6,XR110015,8,,,5,5,diaphragm pump,,,17.928,17.928,40.577,40.577,2.849,2.849,2.637,3.555,19.4,off,6.572,,55.479,,,,0.05,GNSS RTK,2.025
wheat,,AGRAS T20,,1.1,0.57,0.732,20,,6,XR110015,8,,,5,5,diaphragm pump,,,13.6,13.6,31.0,31.0,3.0,3.0,2.5,4.5,15.0,off,5.5,,49.5,,,,0.05,GNSS RTK,2.025
wheat,,AGRAS T20,,1.1,0.57,0.732,20,,6,XR110015,8,,,5,5,diaphragm pump,,,13.693,13.693,30.86,30.86,3.142,3.142,2.381,4.686,15.0,off,5.496,,49.138,,,,0.05,GNSS RTK,2.025
wheat,,AGRAS T20,,1.1,0.57,0.732,20,,6,XR110015,8,,,5,5,diaphragm pump,,,13.184,13.184,30.714,30.714,2.825,2.825,2.449,4.59,15.0,off,5.452,,49.84,,,,0.05,GNSS RTK,2.025
wheat,,AGRAS T20,,1.1,0.57,0.732,20,,6,XR110015,8,,,5,5,diaphragm pump,,,13.931,13.931,31.875,31.875,2.876,2.876,2.559,4.663,15.0,off,5.432,,48.545,,,,0.05,GNSS RTK,2.025
wheat,,AGRAS T20,,1.1,0.57,0.732,20,,6,XR110015,8,,,5,5,diaphragm pump,,,13.073,13.073,31.067,31.067,3.049,3.049,2.521,4.375,15.0,off,5.379,,49.842,,,,0.05,GNSS RTK,2.025
wheat,,AGRAS T20,,1.1,0.57,0.732,20,,6,XR110015,8,,,5,5,diaphragm pump,,,13.282,13.282,30.763,30.763,3.134,3.134,2.56,4.224,15.0,off,5.476,,49.09,,,,0.05,GNSS RTK,2.025
wheat,,AGRAS T20,,1.1,0.57,0.732,20,,6,XR110015,8,,,5,5,diaphragm pump,,,13.091,13.091,30.583,30.583,2.912,2.912,2.544,4.331,15.0,off,5.461,,48.994,,,,0.05,GNSS RTK,2.025
wheat,,AGRAS T20,,1.1,0.57,0.732,20,,6,XR110015,8,,,5,5,diaphragm pump,,,13.876,13.876,30.867,30.867,3.232,3.232,2.288,4.432,15.0,off,5.456,,50.378,,,,0.05,GNSS RTK,2.025
wheat,,AGRAS T20,,1.1,0.57,0.732,20,,6,XR110015,8,,,5,5,diaphragm pump,,,13.504,13.504,30.846,30.846,2.819,2.819,2.403,4.746,15.0,off,5.489,,50.249,,,,0.05,GNSS RTK,2.025
wheat,,AGRAS T20,,1.1,0.57,0.732,20,,6,XR110015,8,,,5,5,diaphragm pump,,,14.042,14.042,30.782,30.782,2.77,2.77,2.396,4.464,15.0,off,5.536,,50.566,,,,0.05,GNSS RTK,2.025
wheat,,AGRAS T20,,1.1,0.57,0.732,20,,6,XR110015,8,,,5,5,diaphragm pump,,,12.9,12.9,32.0,32.0,2.9,2.9,2.5,5.5,12.3,off,2.1,,49.4,,,,0.05,GNSS RTK,2.025
wheat,,AGRAS T20,,1.1,0.57,0.732,20,,6,XR110015,8,,,5,5,diaphragm pump,,,13.217,13.217,32.7,32.7,3.063,3.063,2.285,5.273,12.3,off,2.079,,49.918,,,,0.05,GNSS RTK,2.025
wheat,,AGRAS T20,,1.1,0.57,0.732,20,,6,XR110015,8,,,5,5,diaphragm pump,,,12.992,12.992,32.323,32.323,2.941,2.941,2.696,5.122,12.3,off,2.099,,49.827,,,,0.05,GNSS RTK,2.025
wheat,,AGRAS T20,,1.1,0.57,0.732,20,,6,XR110015,8,,,5,5,diaphragm pump,,,12.513,12.513,31.93,31.93,2.738,2.738,2.462,5.316,12.3,off,2.103,,49.993,,,,0.05,GNSS RTK,2.025
wheat,,AGRAS T20,,1.1,0.57,0.732,20,,6,XR110015,8,,,5,5,diaphragm pump,,,12.65,12.65,31.847,31.847,2.863,2.863,2.524,5.858,12.3,off,2.106,,48.642,,,,0.05,GNSS RTK,2.025
wheat,,AGRAS T20,,1.1,0.57,0.732,20,,6,XR110015,8,,,5,5,diaphragm pump,,,13.11,13.11,32.915,32.915,2.901,2.901,2.627,5.452,12.3,off,2.125,,49.773,,,,0.05,GNSS RTK,2.025
wheat,,AGRAS T20,,1.1,0.57,0.732,20,,6,XR110015,8,,,5,5,diaphragm pump,,,13.149,13.149,31.829,31.829,2.931,2.931,2.592,5.433,12.3,off,2.114,,50.074,,,,0.05,GNSS RTK,2.025
wheat,,AGRAS T20,,1.1,0.57,0.732,20,,6,XR110015,8,,,5,5,diaphragm pump,,,12.872,12.872,32.339,32.339,2.829,2.829,2.634,5.724,12.3,off,2.073,,50.191,,,,0.05,GNSS RTK,2.025
wheat,,AGRAS T20,,1.1,0.57,0.732,20,,6,XR110015,8,,,5,5,diaphragm pump,,,12.581,12.581,30.978,30.978,2.984,2.984,2.602,5.37,12.3,off,2.091,,49.459,,,,0.05,GNSS RTK,2.025
wheat,,AGRAS T20,,1.1,0.57,0.732,20,,6,XR110015,8,,,5,5,diaphragm pump,,,13.137,13.137,31.326,31.326,3.038,3.038,2.615,5.492,12.3,off,2.127,,48.182,,,,0.05,GNSS RTK,2.025
