model.dimensions.length,model.dimensions.width,model.dimensions.height,model.tank_volume,model.rotors.number,model.nozzles.number,model.swath_width.min,model.swath_width.max,experiment.weather.temperature.min,experiment.weather.temperature.max,experiment.weather.humidity.min,experiment.weather.humidity.max,experiment.weather.velocity.min,experiment.weather.velocity.max,experiment.params.height,experiment.params.flight_speed,experiment.params.spray_volume,plant.name_tea,plant.name_wheat,model.name_AGRAS T20,model.name_AGRAS T30,model.name_AGRAS T40,model.nozzles.type_LX8060SZ,model.nozzles.type_SX11001VS,model.nozzles.type_XR110015,model.water_pump.type_diaphragm pump,model.water_pump.type_magnetic drive impeller pump,model.water_pump.type_plunger pump,experiment.params.atomization_diameter_coarse,experiment.params.atomization_diameter_fine,experiment.params.atomization_diameter_medium,experiment.params.atomization_diameter_off,experiment.results.coverage.value
2.9,2.7,0.8,30,6,16,4,9,23.0,31.0,48.0,72.0,0.2,1.6,2.0,7.0,30.0,1.0,0.0,0.0,1.0,0.0,0.0,1.0,0.0,0.0,0.0,1.0,0.0,0.0,0.0,1.0,3.1
2.9,2.7,0.8,30,6,16,4,9,23.378,31.948,46.525,71.065,0.209,1.601,2.051,6.509,28.238,1.0,0.0,0.0,1.0,0.0,0.0,1.0,0.0,0.0,0.0,1.0,0.0,0.0,0.0,1.0,3.168
2.9,2.7,0.8,30,6,16,4,9,23.688,30.2,48.699,74.528,0.204,1.622,1.899,7.332,28.546,1.0,0.0,0.0,1.0,0.0,0.0,1.0,0.0,0.0,0.0,1.0,0.0,0.0,0.0,1.0,3.146
2.9,2.7,0.8,30,6,16,4,9,22.559,30.806,46.981,72.819,0.206,1.578,2.144,7.295,29.768,1.0,0.0,0.0,1.0,0.0,0.0,1.0,0.0,0.0,0.0,1.0,0.0,0.0,0.0,1.0,3.05
2.9,2.7,0.8,30,6,16,4,9,23.487,32.154,48.174,74.13,0.206,1.511,2.031,6.388,28.604,1.0,0.0,0.0,1.0,0.0,0.0,1.0,0.0,0.0,0.0,1.0,0.0,0.0,0.0,1.0,3.111
2.9,2.7,0.8,30,6,16,4,9,23.13,30.648,46.537,70.937,0.207,1.568,1.871,7.248,30.678,1.0,0.0,0.0,1.0,0.0,0.0,1.0,0.0,0.0,0.0,1.0,0.0,0.0,0.0,1.0,3.17
2.9,2.7,0.8,30,6,16,4,9,22.897,30.954,47.74,71.704,0.211,1.678,1.88,6.659,29.123,1.0,0.0,0.0,1.0,0.0,0.0,1.0,0.0,0.0,0.0,1.0,0.0,0.0,0.0,1.0,3.101
2.9,2.7,0.8,30,6,16,4,9,22.297,31.419,47.747,70.357,0.202,1.557,2.113,7.102,30.897,1.0,0.0,0.0,1.0,0.0,0.0,1.0,0.0,0.0,0.0,1.0,0.0,0.0,0.0,1.0,3.15
2.9,2.7,0.8,30,6,16,4,9,22.66,31.834,49.234,73.262,0.189,1.66,1.98,6.882,31.333,1.0,0.0,0.0,1.0,0.0,0.0,1.0,0.0,0.0,0.0,1.0,0.0,0.0,0.0,1.0,3.112
2.9,2.7,0.8,30,6,16,4,9,23.735,31.087,46.161,71.034,0.199,1.46,1.929,7.49,30.434,1.0,0.0,0.0,1.0,0.0,0.0,1.0,0.0,0.0,0.0,1.0,0.0,0.0,0.0,1.0,3.171
2.9,2.7,0.8,30,6,16,4,9,23.0,31.0,48.0,72.0,0.2,1.6,2.0,3.0,30.0,1.0,0.0,0.0,1.0,0.0,0.0,1.0,0.0,0.0,0.0,1.0,0.0,0.0,0.0,1.0,4.3
2.9,2.7,0.8,30,6,16,4,9,22.987,30.025,47.651,72.345,0.207,1.662,1.929,3.217,29.872,1.0,0.0,0.0,1.0,0.0,0.0,1.0,0.0,0.0,0.0,1.0,0.0,0.0,0.0,1.0,4.287
2.9,2.7,0.8,30,6,16,4,9,22.407,30.219,48.122,72.18,0.21,1.704,1.876,3.023,30.654,1.0,0.0,0.0,1.0,0.0,0.0,1.0,0.0,0.0,0.0,1.0,0.0,0.0,0.0,1.0,4.335
2.9,2.7,0.8,30,6,16,4,9,22.089,31.839,46.43,70.05,0.202,1.653,2.036,2.803,30.43,1.0,0.0,0.0,1.0,0.0,0.0,1.0,0.0,0.0,0.0,1.0,0.0,0.0,0.0,1.0,4.289
2.9,2.7,0.8,30,6,16,4,9,23.578,31.489,48.606,72.253,0.208,1.667,2.012,2.938,31.178,1.0,0.0,0.0,1.0,0.0,0.0,1.0,0.0,0.0,0.0,1.0,0.0,0.0,0.0,1.0,4.295
2.9,2.7,0.8,30,6,16,4,9,23.028,31.542,47.657,71.374,0.19,1.554,1.883,3.062,32.7,1.0,0.0,0.0,1.0,0.0,0.0,1.0,0.0,0.0,0.0,1.0,0.0,0.0,0.0,1.0,4.249
2.9,2.7,0.8,30,6,16,4,9,22.881,31.575,49.419,71.1,0.191,1.725,2.131,2.895,28.453,1.0,0.0,0.0,1.0,0.0,0.0,1.0,0.0,0.0,0.0,1.0,0.0,0.0,0.0,1.0,4.3
2.9,2.7,0.8,30,6,16,4,9,23.161,30.4,47.202,72.112,0.209,1.67,2.067,2.782,29.821,1.0,0.0,0.0,1.0,0.0,0.0,1.0,0.0,0.0,0.0,1.0,0.0,0.0,0.0,1.0,4.264
2.9,2.7,0.8,30,6,16,4,9,22.99,31.859,47.509,71.045,0.205,1.592,1.976,3.191,32.35,1.0,0.0,0.0,1.0,0.0,0.0,1.0,0.0,0.0,0.0,1.0,0.0,0.0,0.0,1.0,4.381
2.9,2.7,0.8,30,6,16,4,9,22.267,31.302,49.438,69.677,0.206,1.653,1.995,2.794,32.223,1.0,0.0,0.0,1.0,0.0,0.0,1.0,0.0,0.0,0.0,1.0,0.0,0.0,0.0,1.0,4.252
2.9,2.7,0.8,30,6,16,4,9,23.0,31.0,48.0,72.0,0.2,1.6,3.5,3.0,30.0,1.0,0.0,0.0,1.0,0.0,0.0,1.0,0.0,0.0,0.0,1.0,0.0,0.0,0.0,1.0,3.5
2.9,2.7,0.8,30,6,16,4,9,23.787,31.054,48.593,69.956,0.198,1.541,3.533,3.04,29.056,1.0,0.0,0.0,1.0,0.0,0.0,1.0,0.0,0.0,0.0,1.0,0.0,0.0,0.0,1.0,3.5
2.9,2.7,0.8,30,6,16,4,9,23.512,31.319,46.42,74.31,0.189,1.679,3.83,3.132,29.296,1.0,0.0,0.0,1.0,0.0,0.0,1.0,0.0,0.0,0.0,1.0,0.0,0.0,0.0,1.0,3.541
2.9,2.7,0.8,30,6,16,4,9,22.908,30.34,47.96,70.737,0.192,1.591,3.603,3.049,30.875,1.0,0.0,0.0,1.0,0.0,0.0,1.0,0.0,0.0,0.0,1.0,0.0,0.0,0.0,1.0,3.476
2.9,2.7,0.8,30,6,16,4,9,23.046,31.655,47.417,70.399,0.192,1.67,3.449,2.975,30.108,1.0,0.0,0.0,1.0,0.0,0.0,1.0,0.0,0.0,0.0,1.0,0.0,0.0,0.0,1.0,3.47
2.9,2.7,0.8,30,6,16,4,9,22.549,30.4,47.794,70.264,0.199,1.579,3.345,3.086,27.145,1.0,0.0,0.0,1.0,0.0,0.0,1.0,0.0,0.0,0.0,1.0,0.0,0.0,0.0,1.0,3.509
2.9,2.7,0.8,30,6,16,4,9,22.381,31.023,48.618,71.245,0.212,1.636,3.473,2.944,28.814,1.0,0.0,0.0,1.0,0.0,0.0,1.0,0.0,0.0,0.0,1.0,0.0,0.0,0.0,1.0,3.448
2.9,2.7,0.8,30,6,16,4,9,23.135,30.422,46.968,70.052,0.199,1.551,3.23,2.951,31.185,1.0,0.0,0.0,1.0,0.0,0.0,1.0,0.0,0.0,0.0,1.0,0.0,0.0,0.0,1.0,3.423
2.9,2.7,0.8,30,6,16,4,9,22.815,31.408,46.921,72.959,0.198,1.672,3.601,2.959,31.723,1.0,0.0,0.0,1.0,0.0,0.0,1.0,0.0,0.0,0.0,1.0,0.0,0.0,0.0,1.0,3.475
2.9,2.7,0.8,30,6,16,4,9,23.346,31.984,46.424,70.95,0.213,1.703,3.443,3.025,32.063,1.0,0.0,0.0,1.0,0.0,0.0,1.0,0.0,0.0,0.0,1.0,0.0,0.0,0.0,1.0,3.45
2.9,2.7,0.8,30,6,16,4,9,23.0,31.0,48.0,72.0,0.2,1.6,5.0,3.0,30.0,1.0,0.0,0.0,1.0,0.0,0.0,1.0,0.0,0.0,0.0,1.0,0.0,0.0,0.0,1.0,4.1
2.9,2.7,0.8,30,6,16,4,9,23.515,30.248,48.295,71.22,0.192,1.563,4.846,3.022,29.164,1.0,0.0,0.0,1.0,0.0,0.0,1.0,0.0,0.0,0.0,1.0,0.0,0.0,0.0,1.0,4.129
2.9,2.7,0.8,30,6,16,4,9,22.613,30.543,47.326,71.701,0.2,1.527,5.217,2.852,30.616,1.0,0.0,0.0,1.0,0.0,0.0,1.0,0.0,0.0,0.0,1.0,0.0,0.0,0.0,1.0,4.061
2.9,2.7,0.8,30,6,16,4,9,22.899,31.236,47.42,70.365,0.204,1.711,4.786,3.231,28.449,1.0,0.0,0.0,1.0,0.0,0.0,1.0,0.0,0.0,0.0,1.0,0.0,0.0,0.0,1.0,4.141
2.9,2.7,0.8,30,6,16,4,9,22.859,29.676,48.205,70.029,0.201,1.534,4.784,3.151,31.237,1.0,0.0,0.0,1.0,0.0,0.0,1.0,0.0,0.0,0.0,1.0,0.0,0.0,0.0,1.0,4.076
2.9,2.7,0.8,30,6,16,4,9,22.997,30.866,49.405,71.655,0.191,1.564,4.914,2.997,30.418,1.0,0.0,0.0,1.0,0.0,0.0,1.0,0.0,0.0,0.0,1.0,0.0,0.0,0.0,1.0,4.189
2.9,2.7,0.8,30,6,16,4,9,23.034,31.083,47.437,70.79,0.186,1.553,5.117,2.81,29.28,1.0,0.0,0.0,1.0,0.0,0.0,1.0,0.0,0.0,0.0,1.0,0.0,0.0,0.0,1.0,4.081
2.9,2.7,0.8,30,6,16,4,9,22.649,30.939,48.566,73.521,0.206,1.601,5.276,2.96,29.278,1.0,0.0,0.0,1.0,0.0,0.0,1.0,0.0,0.0,0.0,1.0,0.0,0.0,0.0,1.0,4.183
2.9,2.7,0.8,30,6,16,4,9,23.11,31.808,46.789,70.711,0.194,1.625,4.879,3.033,30.145,1.0,0.0,0.0,1.0,0.0,0.0,1.0,0.0,0.0,0.0,1.0,0.0,0.0,0.0,1.0,4.062
2.9,2.7,0.8,30,6,16,4,9,23.247,29.762,47.242,68.816,0.192,1.578,4.711,3.144,31.053,1.0,0.0,0.0,1.0,0.0,0.0,1.0,0.0,0.0,0.0,1.0,0.0,0.0,0.0,1.0,4.117
2.9,2.7,0.8,30,6,16,4,9,23.0,31.0,48.0,72.0,0.2,1.6,2.0,3.0,60.0,1.0,0.0,0.0,1.0,0.0,0.0,1.0,0.0,0.0,0.0,1.0,0.0,0.0,0.0,1.0,8.2
2.9,2.7,0.8,30,6,16,4,9,22.07,31.257,49.693,70.368,0.192,1.573,1.937,3.212,59.168,1.0,0.0,0.0,1.0,0.0,0.0,1.0,0.0,0.0,0.0,1.0,0.0,0.0,0.0,1.0,8.332
2.9,2.7,0.8,30,6,16,4,9,22.955,31.163,47.73,72.48,0.199,1.718,1.973,2.874,64.156,1.0,0.0,0.0,1.0,0.0,0.0,1.0,0.0,0.0,0.0,1.0,0.0,0.0,0.0,1.0,8.197
2.9,2.7,0.8,30,6,16,4,9,22.708,31.226,47.96,72.679,0.201,1.509,1.947,2.907,61.168,1.0,0.0,0.0,1.0,0.0,0.0,1.0,0.0,0.0,0.0,1.0,0.0,0.0,0.0,1.0,8.204
2.9,2.7,0.8,30,6,16,4,9,22.269,30.384,49.599,70.228,0.207,1.561,1.92,3.045,56.85,1.0,0.0,0.0,1.0,0.0,0.0,1.0,0.0,0.0,0.0,1.0,0.0,0.0,0.0,1.0,8.193
2.9,2.7,0.8,30,6,16,4,9,22.413,31.319,47.098,74.034,0.196,1.61,2.024,3.103,62.079,1.0,0.0,0.0,1.0,0.0,0.0,1.0,0.0,0.0,0.0,1.0,0.0,0.0,0.0,1.0,8.103
2.9,2.7,0.8,30,6,16,4,9,22.76,30.667,47.702,71.913,0.212,1.499,2.003,2.865,55.592,1.0,0.0,0.0,1.0,0.0,0.0,1.0,0.0,0.0,0.0,1.0,0.0,0.0,0.0,1.0,8.184
2.9,2.7,0.8,30,6,16,4,9,23.802,31.177,49.198,73.414,0.213,1.51,1.98,2.919,55.773,1.0,0.0,0.0,1.0,0.0,0.0,1.0,0.0,0.0,0.0,1.0,0.0,0.0,0.0,1.0,8.414
2.9,2.7,0.8,30,6,16,4,9,23.271,31.897,48.179,69.611,0.187,1.658,1.918,2.869,59.848,1.0,0.0,0.0,1.0,0.0,0.0,1.0,0.0,0.0,0.0,1.0,0.0,0.0,0.0,1.0,8.313
2.9,2.7,0.8,30,6,16,4,9,22.55,30.885,48.009,70.172,0.197,1.625,1.979,3.108,58.563,1.0,0.0,0.0,1.0,0.0,0.0,1.0,0.0,0.0,0.0,1.0,0.0,0.0,0.0,1.0,8.26
2.9,2.7,0.8,30,6,16,4,9,23.0,31.0,48.0,72.0,0.2,1.6,3.5,3.0,60.0,1.0,0.0,0.0,1.0,0.0,0.0,1.0,0.0,0.0,0.0,1.0,0.0,0.0,0.0,1.0,7.2
2.9,2.7,0.8,30,6,16,4,9,22.658,31.096,48.708,71.409,0.183,1.694,3.362,2.967,59.807,1.0,0.0,0.0,1.0,0.0,0.0,1.0,0.0,0.0,0.0,1.0,0.0,0.0,0.0,1.0,7.21
2.9,2.7,0.8,30,6,16,4,9,23.064,30.667,46.728,73.949,0.208,1.629,3.343,2.892,58.777,1.0,0.0,0.0,1.0,0.0,0.0,1.0,0.0,0.0,0.0,1.0,0.0,0.0,0.0,1.0,7.149
2.9,2.7,0.8,30,6,16,4,9,23.192,31.165,46.836,72.046,0.2,1.626,3.277,3.157,59.824,1.0,0.0,0.0,1.0,0.0,0.0,1.0,0.0,0.0,0.0,1.0,0.0,0.0,0.0,1.0,7.21
2.9,2.7,0.8,30,6,16,4,9,22.777,30.81,49.693,71.424,0.214,1.521,3.721,2.933,59.49,1.0,0.0,0.0,1.0,0.0,0.0,1.0,0.0,0.0,0.0,1.0,0.0,0.0,0.0,1.0,7.091
2.9,2.7,0.8,30,6,16,4,9,23.294,30.501,48.166,72.693,0.188,1.643,3.4,2.875,58.86,1.0,0.0,0.0,1.0,0.0,0.0,1.0,0.0,0.0,0.0,1.0,0.0,0.0,0.0,1.0,7.311
2.9,2.7,0.8,30,6,16,4,9,23.299,30.952,48.5,73.981,0.211,1.503,3.434,2.962,62.013,1.0,0.0,0.0,1.0,0.0,0.0,1.0,0.0,0.0,0.0,1.0,0.0,0.0,0.0,1.0,7.26
2.9,2.7,0.8,30,6,16,4,9,22.463,30.394,48.736,73.239,0.2,1.7,3.341,2.906,57.357,1.0,0.0,0.0,1.0,0.0,0.0,1.0,0.0,0.0,0.0,1.0,0.0,0.0,0.0,1.0,7.21
2.9,2.7,0.8,30,6,16,4,9,23.475,30.285,46.817,71.782,0.199,1.54,3.528,2.996,57.553,1.0,0.0,0.0,1.0,0.0,0.0,1.0,0.0,0.0,0.0,1.0,0.0,0.0,0.0,1.0,7.414
2.9,2.7,0.8,30,6,16,4,9,22.611,30.827,47.849,71.667,0.205,1.642,3.556,3.126,65.415,1.0,0.0,0.0,1.0,0.0,0.0,1.0,0.0,0.0,0.0,1.0,0.0,0.0,0.0,1.0,7.19
2.9,2.7,0.8,30,6,16,4,9,23.0,31.0,48.0,72.0,0.2,1.6,5.0,3.0,60.0,1.0,0.0,0.0,1.0,0.0,0.0,1.0,0.0,0.0,0.0,1.0,0.0,0.0,0.0,1.0,7.1
2.9,2.7,0.8,30,6,16,4,9,22.937,30.412,46.447,71.22,0.197,1.509,4.694,3.184,54.432,1.0,0.0,0.0,1.0,0.0,0.0,1.0,0.0,0.0,0.0,1.0,0.0,0.0,0.0,1.0,7.062
2.9,2.7,0.8,30,6,16,4,9,23.343,31.43,48.025,72.748,0.186,1.68,4.705,3.004,65.563,1.0,0.0,0.0,1.0,0.0,0.0,1.0,0.0,0.0,0.0,1.0,0.0,0.0,0.0,1.0,7.206
2.9,2.7,0.8,30,6,16,4,9,23.584,31.329,46.5,70.43,0.189,1.558,5.144,2.973,58.197,1.0,0.0,0.0,1.0,0.0,0.0,1.0,0.0,0.0,0.0,1.0,0.0,0.0,0.0,1.0,7.181
2.9,2.7,0.8,30,6,16,4,9,23.409,30.777,47.168,70.927,0.2,1.703,4.793,2.781,61.968,1.0,0.0,0.0,1.0,0.0,0.0,1.0,0.0,0.0,0.0,1.0,0.0,0.0,0.0,1.0,7.167
2.9,2.7,0.8,30,6,16,4,9,23.593,31.085,48.969,68.75,0.19,1.593,4.773,3.225,57.769,1.0,0.0,0.0,1.0,0.0,0.0,1.0,0.0,0.0,0.0,1.0,0.0,0.0,0.0,1.0,7.152
2.9,2.7,0.8,30,6,16,4,9,23.105,31.652,48.511,73.314,0.208,1.573,4.814,2.848,63.774,1.0,0.0,0.0,1.0,0.0,0.0,1.0,0.0,0.0,0.0,1.0,0.0,0.0,0.0,1.0,7.093
2.9,2.7,0.8,30,6,16,4,9,22.486,30.799,48.626,70.171,0.204,1.515,4.896,3.247,58.546,1.0,0.0,0.0,1.0,0.0,0.0,1.0,0.0,0.0,0.0,1.0,0.0,0.0,0.0,1.0,7.153
2.9,2.7,0.8,30,6,16,4,9,23.165,31.361,48.636,72.428,0.191,1.687,5.245,2.882,57.333,1.0,0.0,0.0,1.0,0.0,0.0,1.0,0.0,0.0,0.0,1.0,0.0,0.0,0.0,1.0,7.267
2.9,2.7,0.8,30,6,16,4,9,23.202,31.248,47.423,70.943,0.19,1.556,4.991,2.869,59.326,1.0,0.0,0.0,1.0,0.0,0.0,1.0,0.0,0.0,0.0,1.0,0.0,0.0,0.0,1.0,7.263
2.9,2.7,0.8,30,6,16,4,9,23.0,31.0,48.0,72.0,0.2,1.6,2.0,3.0,90.0,1.0,0.0,0.0,1.0,0.0,0.0,1.0,0.0,0.0,0.0,1.0,0.0,0.0,0.0,1.0,12.9
2.9,2.7,0.8,30,6,16,4,9,22.43,31.069,47.492,70.418,0.2,1.612,1.961,2.926,88.79,1.0,0.0,0.0,1.0,0.0,0.0,1.0,0.0,0.0,0.0,1.0,0.0,0.0,0.0,1.0,12.706
2.9,2.7,0.8,30,6,16,4,9,23.321,31.017,47.234,73.036,0.199,1.455,1.891,2.888,94.924,1.0,0.0,0.0,1.0,0.0,0.0,1.0,0.0,0.0,0.0,1.0,0.0,0.0,0.0,1.0,12.893
2.9,2.7,0.8,30,6,16,4,9,23.713,30.754,48.953,69.097,0.207,1.564,2.055,3.088,91.683,1.0,0.0,0.0,1.0,0.0,0.0,1.0,0.0,0.0,0.0,1.0,0.0,0.0,0.0,1.0,12.809
2.9,2.7,0.8,30,6,16,4,9,22.585,30.222,47.029,73.196,0.199,1.603,2.123,2.822,83.397,1.0,0.0,0.0,1.0,0.0,0.0,1.0,0.0,0.0,0.0,1.0,0.0,0.0,0.0,1.0,12.875
2.9,2.7,0.8,30,6,16,4,9,22.687,32.024,49.253,70.994,0.208,1.564,1.903,3.13,89.928,1.0,0.0,0.0,1.0,0.0,0.0,1.0,0.0,0.0,0.0,1.0,0.0,0.0,0.0,1.0,12.874
2.9,2.7,0.8,30,6,16,4,9,22.748,32.35,47.094,72.688,0.216,1.508,1.87,3.088,85.758,1.0,0.0,0.0,1.0,0.0,0.0,1.0,0.0,0.0,0.0,1.0,0.0,0.0,0.0,1.0,12.995
2.9,2.7,0.8,30,6,16,4,9,22.737,32.083,47.215,74.74,0.205,1.55,2.017,3.033,92.332,1.0,0.0,0.0,1.0,0.0,0.0,1.0,0.0,0.0,0.0,1.0,0.0,0.0,0.0,1.0,12.81
2.9,2.7,0.8,30,6,16,4,9,23.245,31.829,49.174,70.249,0.197,1.505,2.052,3.086,93.024,1.0,0.0,0.0,1.0,0.0,0.0,1.0,0.0,0.0,0.0,1.0,0.0,0.0,0.0,1.0,13.197
2.9,2.7,0.8,30,6,16,4,9,23.753,32.101,48.303,72.604,0.215,1.615,2.103,2.889,90.399,1.0,0.0,0.0,1.0,0.0,0.0,1.0,0.0,0.0,0.0,1.0,0.0,0.0,0.0,1.0,12.896
2.9,2.7,0.8,30,6,16,4,9,23.0,31.0,48.0,72.0,0.2,1.6,3.5,3.0,90.0,1.0,0.0,0.0,1.0,0.0,0.0,1.0,0.0,0.0,0.0,1.0,0.0,0.0,0.0,1.0,12.2
2.9,2.7,0.8,30,6,16,4,9,22.554,31.012,46.832,73.301,0.196,1.565,3.303,3.19,89.478,1.0,0.0,0.0,1.0,0.0,0.0,1.0,0.0,0.0,0.0,1.0,0.0,0.0,0.0,1.0,11.911
2.9,2.7,0.8,30,6,16,4,9,22.308,31.639,48.695,70.576,0.207,1.694,3.694,3.092,89.795,1.0,0.0,0.0,1.0,0.0,0.0,1.0,0.0,0.0,0.0,1.0,0.0,0.0,0.0,1.0,11.98
2.9,2.7,0.8,30,6,16,4,9,22.997,30.763,47.379,69.94,0.194,1.687,3.785,2.971,88.463,1.0,0.0,0.0,1.0,0.0,0.0,1.0,0.0,0.0,0.0,1.0,0.0,0.0,0.0,1.0,12.361
2.9,2.7,0.8,30,6,16,4,9,22.351,30.305,49.59,72.229,0.201,1.673,3.41,2.881,84.739,1.0,0.0,0.0,1.0,0.0,0.0,1.0,0.0,0.0,0.0,1.0,0.0,0.0,0.0,1.0,12.197
2.9,2.7,0.8,30,6,16,4,9,23.063,31.682,49.321,69.277,0.211,1.65,3.71,3.156,88.569,1.0,0.0,0.0,1.0,0.0,0.0,1.0,0.0,0.0,0.0,1.0,0.0,0.0,0.0,1.0,12.341
2.9,2.7,0.8,30,6,16,4,9,22.815,30.766,46.978,70.736,0.204,1.743,3.347,2.997,96.6,1.0,0.0,0.0,1.0,0.0,0.0,1.0,0.0,0.0,0.0,1.0,0.0,0.0,0.0,1.0,12.233
2.9,2.7,0.8,30,6,16,4,9,22.222,32.246,46.071,71.803,0.198,1.543,3.349,3.209,85.469,1.0,0.0,0.0,1.0,0.0,0.0,1.0,0.0,0.0,0.0,1.0,0.0,0.0,0.0,1.0,12.266
2.9,2.7,0.8,30,6,16,4,9,22.808,30.173,47.156,73.446,0.2,1.662,3.584,3.005,93.267,1.0,0.0,0.0,1.0,0.0,0.0,1.0,0.0,0.0,0.0,1.0,0.0,0.0,0.0,1.0,12.129
2.9,2.7,0.8,30,6,16,4,9,22.428,31.014,48.775,70.734,0.214,1.704,3.333,3.209,85.473,1.0,0.0,0.0,1.0,0.0,0.0,1.0,0.0,0.0,0.0,1.0,0.0,0.0,0.0,1.0,11.978
2.9,2.7,0.8,30,6,16,4,9,23.0,31.0,48.0,72.0,0.2,1.6,5.0,3.0,90.0,1.0,0.0,0.0,1.0,0.0,0.0,1.0,0.0,0.0,0.0,1.0,0.0,0.0,0.0,1.0,11.0
2.9,2.7,0.8,30,6,16,4,9,22.848,32.109,48.747,70.051,0.188,1.514,5.096,3.287,87.585,1.0,0.0,0.0,1.0,0.0,0.0,1.0,0.0,0.0,0.0,1.0,0.0,0.0,0.0,1.0,11.008
2.9,2.7,0.8,30,6,16,4,9,22.424,31.296,50.235,73.724,0.208,1.497,5.006,3.006,92.117,1.0,0.0,0.0,1.0,0.0,0.0,1.0,0.0,0.0,0.0,1.0,0.0,0.0,0.0,1.0,11.201
2.9,2.7,0.8,30,6,16,4,9,22.426,30.429,47.625,73.915,0.192,1.609,4.714,2.897,89.226,1.0,0.0,0.0,1.0,0.0,0.0,1.0,0.0,0.0,0.0,1.0,0.0,0.0,0.0,1.0,10.903
2.9,2.7,0.8,30,6,16,4,9,22.693,30.902,49.7,70.106,0.192,1.624,4.997,2.761,97.293,1.0,0.0,0.0,1.0,0.0,0.0,1.0,0.0,0.0,0.0,1.0,0.0,0.0,0.0,1.0,11.02
2.9,2.7,0.8,30,6,16,4,9,22.87,31.732,46.862,69.314,0.199,1.539,4.688,3.139,86.032,1.0,0.0,0.0,1.0,0.0,0.0,1.0,0.0,0.0,0.0,1.0,0.0,0.0,0.0,1.0,10.876
2.9,2.7,0.8,30,6,16,4,9,22.358,32.02,47.853,74.944,0.205,1.629,4.718,2.832,86.774,1.0,0.0,0.0,1.0,0.0,0.0,1.0,0.0,0.0,0.0,1.0,0.0,0.0,0.0,1.0,10.884
2.9,2.7,0.8,30,6,16,4,9,22.647,31.467,47.266,72.722,0.191,1.65,4.692,3.197,84.656,1.0,0.0,0.0,1.0,0.0,0.0,1.0,0.0,0.0,0.0,1.0,0.0,0.0,0.0,1.0,10.835
2.9,2.7,0.8,30,6,16,4,9,23.466,31.74,47.744,71.059,0.189,1.524,4.872,3.082,89.866,1.0,0.0,0.0,1.0,0.0,0.0,1.0,0.0,0.0,0.0,1.0,0.0,0.0,0.0,1.0,10.811
2.9,2.7,0.8,30,6,16,4,9,23.668,30.36,48.899,74.526,0.207,1.545,5.195,2.908,88.08,1.0,0.0,0.0,1.0,0.0,0.0,1.0,0.0,0.0,0.0,1.0,0.0,0.0,0.0,1.0,11.192
2.8,3.2,0.8,40,8,2,11,11,23.0,31.0,48.0,72.0,0.2,1.6,2.0,3.0,60.0,1.0,0.0,0.0,0.0,1.0,1.0,0.0,0.0,0.0,1.0,0.0,0.0,0.0,1.0,0.0,5.2
2.8,3.2,0.8,40,8,2,11,11,22.83,31.76,45.968,71.019,0.211,1.647,1.999,2.812,62.717,1.0,0.0,0.0,0.0,1.0,1.0,0.0,0.0,0.0,1.0,0.0,0.0,0.0,1.0,0.0,5.23
2.8,3.2,0.8,40,8,2,11,11,23.452,30.311,46.821,69.859,0.196,1.597,2.016,3.08,60.285,1.0,0.0,0.0,0.0,1.0,1.0,0.0,0.0,0.0,1.0,0.0,0.0,0.0,1.0,0.0,5.172
2.8,3.2,0.8,40,8,2,11,11,22.951,29.951,49.337,71.832,0.21,1.591,2.098,2.819,58.357,1.0,0.0,0.0,0.0,1.0,1.0,0.0,0.0,0.0,1.0,0.0,0.0,0.0,1.0,0.0,5.128
2.8,3.2,0.8,40,8,2,11,11,23.357,30.628,47.15,73.672,0.217,1.607,2.022,3.182,60.782,1.0,0.0,0.0,0.0,1.0,1.0,0.0,0.0,0.0,1.0,0.0,0.0,0.0,1.0,0.0,5.155
2.8,3.2,0.8,40,8,2,11,11,23.288,30.996,46.232,71.777,0.212,1.596,1.839,3.159,62.25,1.0,0.0,0.0,0.0,1.0,1.0,0.0,0.0,0.0,1.0,0.0,0.0,0.0,1.0,0.0,5.157
2.8,3.2,0.8,40,8,2,11,11,23.612,30.422,48.467,71.491,0.193,1.53,2.026,3.18,63.175,1.0,0.0,0.0,0.0,1.0,1.0,0.0,0.0,0.0,1.0,0.0,0.0,0.0,1.0,0.0,5.3
2.8,3.2,0.8,40,8,2,11,11,22.689,30.775,49.272,69.736,0.202,1.554,1.994,2.92,64.625,1.0,0.0,0.0,0.0,1.0,1.0,0.0,0.0,0.0,1.0,0.0,0.0,0.0,1.0,0.0,5.138
2.8,3.2,0.8,40,8,2,11,11,23.728,31.358,49.415,72.402,0.197,1.586,1.882,2.735,60.578,1.0,0.0,0.0,0.0,1.0,1.0,0.0,0.0,0.0,1.0,0.0,0.0,0.0,1.0,0.0,5.303
2.8,3.2,0.8,40,8,2,11,11,23.496,30.916,47.127,73.023,0.203,1.715,2.072,3.208,64.724,1.0,0.0,0.0,0.0,1.0,1.0,0.0,0.0,0.0,1.0,0.0,0.0,0.0,1.0,0.0,5.232
2.8,3.2,0.8,40,8,2,11,11,23.0,31.0,48.0,72.0,0.2,1.6,3.5,3.0,60.0,1.0,0.0,0.0,0.0,1.0,1.0,0.0,0.0,0.0,1.0,0.0,0.0,0.0,1.0,0.0,5.7
2.8,3.2,0.8,40,8,2,11,11,23.34,30.965,48.753,70.281,0.205,1.523,3.549,3.174,61.198,1.0,0.0,0.0,0.0,1.0,1.0,0.0,0.0,0.0,1.0,0.0,0.0,0.0,1.0,0.0,5.628
2.8,3.2,0.8,40,8,2,11,11,22.845,31.416,48.319,71.011,0.198,1.519,3.416,2.79,56.728,1.0,0.0,0.0,0.0,1.0,1.0,0.0,0.0,0.0,1.0,0.0,0.0,0.0,1.0,0.0,5.648
2.8,3.2,0.8,40,8,2,11,11,23.016,30.491,47.882,70.248,0.211,1.669,3.302,2.866,62.697,1.0,0.0,0.0,0.0,1.0,1.0,0.0,0.0,0.0,1.0,0.0,0.0,0.0,1.0,0.0,5.833
2.8,3.2,0.8,40,8,2,11,11,22.395,30.887,49.63,72.122,0.199,1.613,3.514,3.019,61.317,1.0,0.0,0.0,0.0,1.0,1.0,0.0,0.0,0.0,1.0,0.0,0.0,0.0,1.0,0.0,5.59
2.8,3.2,0.8,40,8,2,11,11,22.408,31.635,49.161,71.757,0.206,1.641,3.604,3.052,57.09,1.0,0.0,0.0,0.0,1.0,1.0,0.0,0.0,0.0,1.0,0.0,0.0,0.0,1.0,0.0,5.834
2.8,3.2,0.8,40,8,2,11,11,22.796,31.008,46.928,70.984,0.216,1.688,3.538,3.108,58.625,1.0,0.0,0.0,0.0,1.0,1.0,0.0,0.0,0.0,1.0,0.0,0.0,0.0,1.0,0.0,5.792
2.8,3.2,0.8,40,8,2,11,11,22.62,31.623,47.016,72.317,0.217,1.51,3.335,2.919,64.924,1.0,0.0,0.0,0.0,1.0,1.0,0.0,0.0,0.0,1.0,0.0,0.0,0.0,1.0,0.0,5.769
2.8,3.2,0.8,40,8,2,11,11,22.705,31.496,47.593,70.139,0.203,1.583,3.464,2.926,57.133,1.0,0.0,0.0,0.0,1.0,1.0,0.0,0.0,0.0,1.0,0.0,0.0,0.0,1.0,0.0,5.657
2.8,3.2,0.8,40,8,2,11,11,23.577,30.828,48.391,71.831,0.208,1.482,3.401,3.174,60.559,1.0,0.0,0.0,0.0,1.0,1.0,0.0,0.0,0.0,1.0,0.0,0.0,0.0,1.0,0.0,5.767
2.8,3.2,0.8,40,8,2,11,11,23.0,31.0,48.0,72.0,0.2,1.6,5.0,3.0,60.0,1.0,0.0,0.0,0.0,1.0,1.0,0.0,0.0,0.0,1.0,0.0,0.0,0.0,1.0,0.0,6.2
2.8,3.2,0.8,40,8,2,11,11,22.796,30.625,48.958,73.091,0.185,1.603,5.032,3.026,63.298,1.0,0.0,0.0,0.0,1.0,1.0,0.0,0.0,0.0,1.0,0.0,0.0,0.0,1.0,0.0,6.238
2.8,3.2,0.8,40,8,2,11,11,23.1,30.488,49.05,71.509,0.211,1.59,5.08,2.939,62.756,1.0,0.0,0.0,0.0,1.0,1.0,0.0,0.0,0.0,1.0,0.0,0.0,0.0,1.0,0.0,6.317
2.8,3.2,0.8,40,8,2,11,11,23.451,32.004,47.889,69.913,0.205,1.675,4.974,3.145,56.115,1.0,0.0,0.0,0.0,1.0,1.0,0.0,0.0,0.0,1.0,0.0,0.0,0.0,1.0,0.0,6.156
2.8,3.2,0.8,40,8,2,11,11,23.381,30.485,48.813,70.862,0.199,1.681,4.727,3.056,56.13,1.0,0.0,0.0,0.0,1.0,1.0,0.0,0.0,0.0,1.0,0.0,0.0,0.0,1.0,0.0,6.283
2.8,3.2,0.8,40,8,2,11,11,23.194,29.924,48.528,73.933,0.197,1.661,5.252,2.962,57.086,1.0,0.0,0.0,0.0,1.0,1.0,0.0,0.0,0.0,1.0,0.0,0.0,0.0,1.0,0.0,6.282
2.8,3.2,0.8,40,8,2,11,11,23.112,30.881,48.608,69.646,0.193,1.516,5.282,3.05,62.814,1.0,0.0,0.0,0.0,1.0,1.0,0.0,0.0,0.0,1.0,0.0,0.0,0.0,1.0,0.0,6.211
2.8,3.2,0.8,40,8,2,11,11,22.716,31.2,48.715,71.898,0.213,1.645,5.278,3.116,57.136,1.0,0.0,0.0,0.0,1.0,1.0,0.0,0.0,0.0,1.0,0.0,0.0,0.0,1.0,0.0,6.318
2.8,3.2,0.8,40,8,2,11,11,22.663,31.842,47.236,73.303,0.202,1.509,5.042,3.123,61.831,1.0,0.0,0.0,0.0,1.0,1.0,0.0,0.0,0.0,1.0,0.0,0.0,0.0,1.0,0.0,6.31
2.8,3.2,0.8,40,8,2,11,11,22.565,30.605,49.019,72.966,0.213,1.532,4.68,3.09,65.01,1.0,0.0,0.0,0.0,1.0,1.0,0.0,0.0,0.0,1.0,0.0,0.0,0.0,1.0,0.0,6.157
2.8,3.2,0.8,40,8,2,11,11,23.0,31.0,48.0,72.0,0.2,1.6,2.0,3.0,105.0,1.0,0.0,0.0,0.0,1.0,1.0,0.0,0.0,0.0,1.0,0.0,0.0,0.0,1.0,0.0,10.9
2.8,3.2,0.8,40,8,2,11,11,22.855,31.495,48.892,73.614,0.214,1.503,1.921,3.145,99.967,1.0,0.0,0.0,0.0,1.0,1.0,0.0,0.0,0.0,1.0,0.0,0.0,0.0,1.0,0.0,10.997
2.8,3.2,0.8,40,8,2,11,11,23.051,29.753,47.299,73.11,0.202,1.633,2.13,2.867,108.827,1.0,0.0,0.0,0.0,1.0,1.0,0.0,0.0,0.0,1.0,0.0,0.0,0.0,1.0,0.0,10.836
2.8,3.2,0.8,40,8,2,11,11,23.413,31.943,47.205,69.975,0.193,1.57,1.967,2.882,104.974,1.0,0.0,0.0,0.0,1.0,1.0,0.0,0.0,0.0,1.0,0.0,0.0,0.0,1.0,0.0,10.843
2.8,3.2,0.8,40,8,2,11,11,22.177,31.261,48.84,69.653,0.193,1.508,2.106,2.863,107.581,1.0,0.0,0.0,0.0,1.0,1.0,0.0,0.0,0.0,1.0,0.0,0.0,0.0,1.0,0.0,11.009
2.8,3.2,0.8,40,8,2,11,11,22.731,30.49,49.392,71.173,0.203,1.604,1.823,3.176,102.146,1.0,0.0,0.0,0.0,1.0,1.0,0.0,0.0,0.0,1.0,0.0,0.0,0.0,1.0,0.0,10.779
2.8,3.2,0.8,40,8,2,11,11,23.529,30.028,46.694,70.354,0.187,1.587,1.98,2.838,109.079,1.0,0.0,0.0,0.0,1.0,1.0,0.0,0.0,0.0,1.0,0.0,0.0,0.0,1.0,0.0,10.811
2.8,3.2,0.8,40,8,2,11,11,22.744,31.084,47.508,69.906,0.199,1.574,2.125,3.061,107.418,1.0,0.0,0.0,0.0,1.0,1.0,0.0,0.0,0.0,1.0,0.0,0.0,0.0,1.0,0.0,10.977
2.8,3.2,0.8,40,8,2,11,11,23.269,31.219,48.832,69.36,0.202,1.655,1.991,2.929,105.651,1.0,0.0,0.0,0.0,1.0,1.0,0.0,0.0,0.0,1.0,0.0,0.0,0.0,1.0,0.0,11.155
2.8,3.2,0.8,40,8,2,11,11,22.017,31.098,47.018,73.822,0.2,1.481,2.115,2.863,103.194,1.0,0.0,0.0,0.0,1.0,1.0,0.0,0.0,0.0,1.0,0.0,0.0,0.0,1.0,0.0,10.757
2.8,3.2,0.8,40,8,2,11,11,23.0,31.0,48.0,72.0,0.2,1.6,3.5,3.0,105.0,1.0,0.0,0.0,0.0,1.0,1.0,0.0,0.0,0.0,1.0,0.0,0.0,0.0,1.0,0.0,10.7
2.8,3.2,0.8,40,8,2,11,11,22.76,29.755,47.326,74.385,0.197,1.587,3.659,2.727,98.436,1.0,0.0,0.0,0.0,1.0,1.0,0.0,0.0,0.0,1.0,0.0,0.0,0.0,1.0,0.0,10.829
2.8,3.2,0.8,40,8,2,11,11,22.429,32.421,47.143,72.294,0.196,1.528,3.647,2.987,112.495,1.0,0.0,0.0,0.0,1.0,1.0,0.0,0.0,0.0,1.0,0.0,0.0,0.0,1.0,0.0,10.478
2.8,3.2,0.8,40,8,2,11,11,22.919,31.509,47.611,70.235,0.185,1.591,3.544,3.11,101.253,1.0,0.0,0.0,0.0,1.0,1.0,0.0,0.0,0.0,1.0,0.0,0.0,0.0,1.0,0.0,10.57
2.8,3.2,0.8,40,8,2,11,11,22.767,30.53,47.012,73.768,0.207,1.641,3.288,3.165,102.023,1.0,0.0,0.0,0.0,1.0,1.0,0.0,0.0,0.0,1.0,0.0,0.0,0.0,1.0,0.0,10.511
2.8,3.2,0.8,40,8,2,11,11,23.191,31.261,49.024,73.459,0.197,1.7,3.649,3.054,101.442,1.0,0.0,0.0,0.0,1.0,1.0,0.0,0.0,0.0,1.0,0.0,0.0,0.0,1.0,0.0,10.791
2.8,3.2,0.8,40,8,2,11,11,22.442,31.399,47.292,71.242,0.195,1.462,3.591,3.035,96.113,1.0,0.0,0.0,0.0,1.0,1.0,0.0,0.0,0.0,1.0,0.0,0.0,0.0,1.0,0.0,10.731
2.8,3.2,0.8,40,8,2,11,11,23.795,30.263,47.329,70.241,0.192,1.72,3.398,2.92,107.832,1.0,0.0,0.0,0.0,1.0,1.0,0.0,0.0,0.0,1.0,0.0,0.0,0.0,1.0,0.0,10.981
2.8,3.2,0.8,40,8,2,11,11,23.68,31.65,47.264,70.949,0.211,1.668,3.399,3.067,108.479,1.0,0.0,0.0,0.0,1.0,1.0,0.0,0.0,0.0,1.0,0.0,0.0,0.0,1.0,0.0,10.642
2.8,3.2,0.8,40,8,2,11,11,24.068,31.55,47.089,73.377,0.209,1.609,3.661,3.175,100.464,1.0,0.0,0.0,0.0,1.0,1.0,0.0,0.0,0.0,1.0,0.0,0.0,0.0,1.0,0.0,10.726
2.8,3.2,0.8,40,8,2,11,11,23.0,31.0,48.0,72.0,0.2,1.6,5.0,3.0,105.0,1.0,0.0,0.0,0.0,1.0,1.0,0.0,0.0,0.0,1.0,0.0,0.0,0.0,1.0,0.0,10.5
2.8,3.2,0.8,40,8,2,11,11,22.523,30.377,48.467,70.653,0.191,1.548,4.822,3.181,109.737,1.0,0.0,0.0,0.0,1.0,1.0,0.0,0.0,0.0,1.0,0.0,0.0,0.0,1.0,0.0,10.446
2.8,3.2,0.8,40,8,2,11,11,22.635,31.487,47.746,72.065,0.187,1.618,4.836,3.025,107.108,1.0,0.0,0.0,0.0,1.0,1.0,0.0,0.0,0.0,1.0,0.0,0.0,0.0,1.0,0.0,10.336
2.8,3.2,0.8,40,8,2,11,11,22.54,31.732,47.688,70.936,0.196,1.642,5.266,3.014,108.181,1.0,0.0,0.0,0.0,1.0,1.0,0.0,0.0,0.0,1.0,0.0,0.0,0.0,1.0,0.0,10.366
2.8,3.2,0.8,40,8,2,11,11,22.622,31.375,47.304,73.727,0.192,1.656,5.0,2.837,112.582,1.0,0.0,0.0,0.0,1.0,1.0,0.0,0.0,0.0,1.0,0.0,0.0,0.0,1.0,0.0,10.67
2.8,3.2,0.8,40,8,2,11,11,23.083,29.709,48.918,73.368,0.196,1.631,4.77,2.89,105.741,1.0,0.0,0.0,0.0,1.0,1.0,0.0,0.0,0.0,1.0,0.0,0.0,0.0,1.0,0.0,10.402
2.8,3.2,0.8,40,8,2,11,11,22.608,30.306,48.887,72.898,0.208,1.514,5.255,3.23,106.034,1.0,0.0,0.0,0.0,1.0,1.0,0.0,0.0,0.0,1.0,0.0,0.0,0.0,1.0,0.0,10.658
2.8,3.2,0.8,40,8,2,11,11,23.181,31.345,47.902,72.851,0.185,1.652,5.046,2.973,98.632,1.0,0.0,0.0,0.0,1.0,1.0,0.0,0.0,0.0,1.0,0.0,0.0,0.0,1.0,0.0,10.529
2.8,3.2,0.8,40,8,2,11,11,23.866,30.643,48.499,73.816,0.216,1.673,4.869,3.025,97.317,1.0,0.0,0.0,0.0,1.0,1.0,0.0,0.0,0.0,1.0,0.0,0.0,0.0,1.0,0.0,10.515
2.8,3.2,0.8,40,8,2,11,11,23.644,30.812,48.644,69.733,0.201,1.54,4.887,3.013,104.878,1.0,0.0,0.0,0.0,1.0,1.0,0.0,0.0,0.0,1.0,0.0,0.0,0.0,1.0,0.0,10.5
2.8,3.2,0.8,40,8,2,11,11,23.0,31.0,48.0,72.0,0.2,1.6,2.0,3.0,150.0,1.0,0.0,0.0,0.0,1.0,1.0,0.0,0.0,0.0,1.0,0.0,0.0,0.0,1.0,0.0,12.8
2.8,3.2,0.8,40,8,2,11,11,23.425,31.44,47.644,69.826,0.199,1.591,2.018,2.982,153.277,1.0,0.0,0.0,0.0,1.0,1.0,0.0,0.0,0.0,1.0,0.0,0.0,0.0,1.0,0.0,12.935
2.8,3.2,0.8,40,8,2,11,11,22.709,29.909,49.524,69.348,0.198,1.535,1.894,3.017,151.632,1.0,0.0,0.0,0.0,1.0,1.0,0.0,0.0,0.0,1.0,0.0,0.0,0.0,1.0,0.0,12.738
2.8,3.2,0.8,40,8,2,11,11,22.892,30.78,48.742,72.093,0.195,1.617,1.929,3.209,146.052,1.0,0.0,0.0,0.0,1.0,1.0,0.0,0.0,0.0,1.0,0.0,0.0,0.0,1.0,0.0,12.799
2.8,3.2,0.8,40,8,2,11,11,23.739,32.389,47.973,73.156,0.193,1.536,2.028,2.92,147.802,1.0,0.0,0.0,0.0,1.0,1.0,0.0,0.0,0.0,1.0,0.0,0.0,0.0,1.0,0.0,12.473
2.8,3.2,0.8,40,8,2,11,11,22.492,31.198,49.786,70.748,0.2,1.618,1.928,2.863,144.849,1.0,0.0,0.0,0.0,1.0,1.0,0.0,0.0,0.0,1.0,0.0,0.0,0.0,1.0,0.0,13.074
2.8,3.2,0.8,40,8,2,11,11,22.5,31.071,45.907,73.596,0.199,1.618,1.936,2.943,154.928,1.0,0.0,0.0,0.0,1.0,1.0,0.0,0.0,0.0,1.0,0.0,0.0,0.0,1.0,0.0,12.851
2.8,3.2,0.8,40,8,2,11,11,22.356,30.91,46.578,72.097,0.188,1.702,2.002,3.124,145.881,1.0,0.0,0.0,0.0,1.0,1.0,0.0,0.0,0.0,1.0,0.0,0.0,0.0,1.0,0.0,12.685
2.8,3.2,0.8,40,8,2,11,11,23.086,31.221,47.283,69.41,0.202,1.655,1.93,2.884,155.158,1.0,0.0,0.0,0.0,1.0,1.0,0.0,0.0,0.0,1.0,0.0,0.0,0.0,1.0,0.0,12.709
2.8,3.2,0.8,40,8,2,11,11,23.321,31.008,49.221,70.205,0.2,1.543,2.098,3.015,140.68,1.0,0.0,0.0,0.0,1.0,1.0,0.0,0.0,0.0,1.0,0.0,0.0,0.0,1.0,0.0,12.614
2.8,3.2,0.8,40,8,2,11,11,23.0,31.0,48.0,72.0,0.2,1.6,3.5,3.0,150.0,1.0,0.0,0.0,0.0,1.0,1.0,0.0,0.0,0.0,1.0,0.0,0.0,0.0,1.0,0.0,12.7
2.8,3.2,0.8,40,8,2,11,11,23.407,31.154,46.396,72.426,0.191,1.588,3.645,3.044,151.746,1.0,0.0,0.0,0.0,1.0,1.0,0.0,0.0,0.0,1.0,0.0,0.0,0.0,1.0,0.0,12.907
2.8,3.2,0.8,40,8,2,11,11,23.241,31.66,47.441,71.964,0.207,1.553,3.73,2.837,144.688,1.0,0.0,0.0,0.0,1.0,1.0,0.0,0.0,0.0,1.0,0.0,0.0,0.0,1.0,0.0,13.046
2.8,3.2,0.8,40,8,2,11,11,23.141,30.135,46.822,70.842,0.21,1.645,3.568,2.93,143.989,1.0,0.0,0.0,0.0,1.0,1.0,0.0,0.0,0.0,1.0,0.0,0.0,0.0,1.0,0.0,12.745
2.8,3.2,0.8,40,8,2,11,11,24.089,31.36,47.169,73.452,0.194,1.559,3.491,3.107,148.617,1.0,0.0,0.0,0.0,1.0,1.0,0.0,0.0,0.0,1.0,0.0,0.0,0.0,1.0,0.0,12.849
2.8,3.2,0.8,40,8,2,11,11,22.843,32.097,49.296,70.273,0.189,1.608,3.365,3.008,155.986,1.0,0.0,0.0,0.0,1.0,1.0,0.0,0.0,0.0,1.0,0.0,0.0,0.0,1.0,0.0,12.87
2.8,3.2,0.8,40,8,2,11,11,23.791,30.186,45.971,68.957,0.212,1.689,3.445,2.954,146.534,1.0,0.0,0.0,0.0,1.0,1.0,0.0,0.0,0.0,1.0,0.0,0.0,0.0,1.0,0.0,12.438
2.8,3.2,0.8,40,8,2,11,11,22.775,30.353,49.856,71.492,0.211,1.656,3.494,3.244,144.282,1.0,0.0,0.0,0.0,1.0,1.0,0.0,0.0,0.0,1.0,0.0,0.0,0.0,1.0,0.0,12.679
2.8,3.2,0.8,40,8,2,11,11,22.407,31.496,46.957,70.533,0.213,1.592,3.563,2.868,142.913,1.0,0.0,0.0,0.0,1.0,1.0,0.0,0.0,0.0,1.0,0.0,0.0,0.0,1.0,0.0,12.921
2.8,3.2,0.8,40,8,2,11,11,23.469,31.784,49.851,73.547,0.203,1.572,3.725,2.844,157.486,1.0,0.0,0.0,0.0,1.0,1.0,0.0,0.0,0.0,1.0,0.0,0.0,0.0,1.0,0.0,12.714
2.8,3.2,0.8,40,8,2,11,11,23.0,31.0,48.0,72.0,0.2,1.6,5.0,3.0,150.0,1.0,0.0,0.0,0.0,1.0,1.0,0.0,0.0,0.0,1.0,0.0,0.0,0.0,1.0,0.0,12.3
2.8,3.2,0.8,40,8,2,11,11,23.144,31.922,48.221,70.898,0.206,1.532,4.726,2.812,144.396,1.0,0.0,0.0,0.0,1.0,1.0,0.0,0.0,0.0,1.0,0.0,0.0,0.0,1.0,0.0,12.237
2.8,3.2,0.8,40,8,2,11,11,22.482,30.614,47.003,72.915,0.195,1.692,5.192,2.953,152.396,1.0,0.0,0.0,0.0,1.0,1.0,0.0,0.0,0.0,1.0,0.0,0.0,0.0,1.0,0.0,12.318
2.8,3.2,0.8,40,8,2,11,11,23.583,31.296,47.705,73.001,0.192,1.555,5.426,2.946,147.162,1.0,0.0,0.0,0.0,1.0,1.0,0.0,0.0,0.0,1.0,0.0,0.0,0.0,1.0,0.0,12.504
2.8,3.2,0.8,40,8,2,11,11,22.613,30.705,45.973,70.74,0.195,1.639,4.927,3.099,149.266,1.0,0.0,0.0,0.0,1.0,1.0,0.0,0.0,0.0,1.0,0.0,0.0,0.0,1.0,0.0,12.244
2.8,3.2,0.8,40,8,2,11,11,23.844,31.193,49.216,70.81,0.191,1.595,5.018,2.956,145.683,1.0,0.0,0.0,0.0,1.0,1.0,0.0,0.0,0.0,1.0,0.0,0.0,0.0,1.0,0.0,12.315
2.8,3.2,0.8,40,8,2,11,11,23.177,31.111,49.415,73.233,0.199,1.659,5.278,3.136,144.179,1.0,0.0,0.0,0.0,1.0,1.0,0.0,0.0,0.0,1.0,0.0,0.0,0.0,1.0,0.0,12.158
2.8,3.2,0.8,40,8,2,11,11,22.851,30.665,48.379,69.913,0.206,1.583,5.115,3.165,140.812,1.0,0.0,0.0,0.0,1.0,1.0,0.0,0.0,0.0,1.0,0.0,0.0,0.0,1.0,0.0,12.404
2.8,3.2,0.8,40,8,2,11,11,23.168,30.95,48.549,72.035,0.191,1.683,4.878,3.216,154.588,1.0,0.0,0.0,0.0,1.0,1.0,0.0,0.0,0.0,1.0,0.0,0.0,0.0,1.0,0.0,12.417
2.8,3.2,0.8,40,8,2,11,11,23.737,30.743,46.903,68.892,0.186,1.653,5.172,2.792,147.663,1.0,0.0,0.0,0.0,1.0,1.0,0.0,0.0,0.0,1.0,0.0,0.0,0.0,1.0,0.0,12.146
2.8,3.2,0.8,40,8,2,11,11,23.0,31.0,48.0,72.0,0.2,1.6,2.0,5.0,105.0,1.0,0.0,0.0,0.0,1.0,1.0,0.0,0.0,0.0,1.0,0.0,0.0,0.0,1.0,0.0,9.4
2.8,3.2,0.8,40,8,2,11,11,22.644,31.188,48.034,69.993,0.207,1.555,2.014,4.868,101.415,1.0,0.0,0.0,0.0,1.0,1.0,0.0,0.0,0.0,1.0,0.0,0.0,0.0,1.0,0.0,9.432
2.8,3.2,0.8,40,8,2,11,11,22.14,30.978,49.112,73.281,0.196,1.575,1.892,4.943,96.883,1.0,0.0,0.0,0.0,1.0,1.0,0.0,0.0,0.0,1.0,0.0,0.0,0.0,1.0,0.0,9.621
2.8,3.2,0.8,40,8,2,11,11,23.027,30.934,47.051,73.416,0.191,1.691,1.906,5.236,113.38,1.0,0.0,0.0,0.0,1.0,1.0,0.0,0.0,0.0,1.0,0.0,0.0,0.0,1.0,0.0,9.494
2.8,3.2,0.8,40,8,2,11,11,23.221,31.222,47.818,70.535,0.202,1.682,1.993,5.167,110.191,1.0,0.0,0.0,0.0,1.0,1.0,0.0,0.0,0.0,1.0,0.0,0.0,0.0,1.0,0.0,9.584
2.8,3.2,0.8,40,8,2,11,11,22.77,29.669,47.608,71.776,0.196,1.636,1.984,4.651,96.898,1.0,0.0,0.0,0.0,1.0,1.0,0.0,0.0,0.0,1.0,0.0,0.0,0.0,1.0,0.0,9.528
2.8,3.2,0.8,40,8,2,11,11,22.674,30.628,48.943,73.007,0.188,1.606,1.916,4.666,100.912,1.0,0.0,0.0,0.0,1.0,1.0,0.0,0.0,0.0,1.0,0.0,0.0,0.0,1.0,0.0,9.56
2.8,3.2,0.8,40,8,2,11,11,23.294,31.983,47.421,71.899,0.199,1.641,1.968,4.989,103.134,1.0,0.0,0.0,0.0,1.0,1.0,0.0,0.0,0.0,1.0,0.0,0.0,0.0,1.0,0.0,9.217
2.8,3.2,0.8,40,8,2,11,11,23.227,30.968,47.086,75.065,0.189,1.643,2.017,4.983,102.926,1.0,0.0,0.0,0.0,1.0,1.0,0.0,0.0,0.0,1.0,0.0,0.0,0.0,1.0,0.0,9.505
2.8,3.2,0.8,40,8,2,11,11,23.186,29.99,47.31,70.758,0.182,1.57,1.867,5.161,104.324,1.0,0.0,0.0,0.0,1.0,1.0,0.0,0.0,0.0,1.0,0.0,0.0,0.0,1.0,0.0,9.252
2.8,3.2,0.8,40,8,2,11,11,23.0,31.0,48.0,72.0,0.2,1.6,3.5,5.0,105.0,1.0,0.0,0.0,0.0,1.0,1.0,0.0,0.0,0.0,1.0,0.0,0.0,0.0,1.0,0.0,9.6
2.8,3.2,0.8,40,8,2,11,11,23.434,31.155,47.529,73.22,0.188,1.559,3.378,5.094,110.547,1.0,0.0,0.0,0.0,1.0,1.0,0.0,0.0,0.0,1.0,0.0,0.0,0.0,1.0,0.0,9.614
2.8,3.2,0.8,40,8,2,11,11,22.98,31.843,49.869,71.879,0.192,1.536,3.433,5.245,97.72,1.0,0.0,0.0,0.0,1.0,1.0,0.0,0.0,0.0,1.0,0.0,0.0,0.0,1.0,0.0,9.689
2.8,3.2,0.8,40,8,2,11,11,23.205,30.232,47.073,73.395,0.211,1.572,3.58,5.247,108.965,1.0,0.0,0.0,0.0,1.0,1.0,0.0,0.0,0.0,1.0,0.0,0.0,0.0,1.0,0.0,9.458
2.8,3.2,0.8,40,8,2,11,11,23.23,30.818,47.751,73.016,0.216,1.672,3.422,5.197,108.378,1.0,0.0,0.0,0.0,1.0,1.0,0.0,0.0,0.0,1.0,0.0,0.0,0.0,1.0,0.0,9.733
2.8,3.2,0.8,40,8,2,11,11,23.002,30.469,47.956,70.329,0.194,1.475,3.542,5.082,107.049,1.0,0.0,0.0,0.0,1.0,1.0,0.0,0.0,0.0,1.0,0.0,0.0,0.0,1.0,0.0,9.756
2.8,3.2,0.8,40,8,2,11,11,22.782,30.387,48.681,71.243,0.206,1.563,3.278,4.719,103.72,1.0,0.0,0.0,0.0,1.0,1.0,0.0,0.0,0.0,1.0,0.0,0.0,0.0,1.0,0.0,9.685
2.8,3.2,0.8,40,8,2,11,11,23.1,31.718,48.966,73.765,0.196,1.511,3.445,5.196,107.646,1.0,0.0,0.0,0.0,1.0,1.0,0.0,0.0,0.0,1.0,0.0,0.0,0.0,1.0,0.0,9.611
2.8,3.2,0.8,40,8,2,11,11,23.404,31.433,46.132,72.692,0.191,1.669,3.685,4.626,111.479,1.0,0.0,0.0,0.0,1.0,1.0,0.0,0.0,0.0,1.0,0.0,0.0,0.0,1.0,0.0,9.384
2.8,3.2,0.8,40,8,2,11,11,23.055,31.655,47.569,69.636,0.21,1.54,3.729,5.32,101.026,1.0,0.0,0.0,0.0,1.0,1.0,0.0,0.0,0.0,1.0,0.0,0.0,0.0,1.0,0.0,9.663
2.8,3.2,0.8,40,8,2,11,11,23.0,31.0,48.0,72.0,0.2,1.6,5.0,5.0,105.0,1.0,0.0,0.0,0.0,1.0,1.0,0.0,0.0,0.0,1.0,0.0,0.0,0.0,1.0,0.0,8.5
2.8,3.2,0.8,40,8,2,11,11,22.5,30.937,48.515,72.463,0.194,1.594,4.71,5.151,101.75,1.0,0.0,0.0,0.0,1.0,1.0,0.0,0.0,0.0,1.0,0.0,0.0,0.0,1.0,0.0,8.464
2.8,3.2,0.8,40,8,2,11,11,23.646,31.56,49.518,69.568,0.195,1.461,4.871,5.125,104.754,1.0,0.0,0.0,0.0,1.0,1.0,0.0,0.0,0.0,1.0,0.0,0.0,0.0,1.0,0.0,8.673
2.8,3.2,0.8,40,8,2,11,11,22.406,30.192,49.952,70.711,0.199,1.661,4.822,4.903,106.629,1.0,0.0,0.0,0.0,1.0,1.0,0.0,0.0,0.0,1.0,0.0,0.0,0.0,1.0,0.0,8.623
2.8,3.2,0.8,40,8,2,11,11,22.89,31.828,48.286,73.851,0.191,1.6,4.847,5.194,102.661,1.0,0.0,0.0,0.0,1.0,1.0,0.0,0.0,0.0,1.0,0.0,0.0,0.0,1.0,0.0,8.556
2.8,3.2,0.8,40,8,2,11,11,23.127,31.547,47.595,70.018,0.212,1.522,4.527,5.135,97.259,1.0,0.0,0.0,0.0,1.0,1.0,0.0,0.0,0.0,1.0,0.0,0.0,0.0,1.0,0.0,8.462
2.8,3.2,0.8,40,8,2,11,11,23.215,31.42,48.174,71.026,0.191,1.634,5.042,4.897,103.793,1.0,0.0,0.0,0.0,1.0,1.0,0.0,0.0,0.0,1.0,0.0,0.0,0.0,1.0,0.0,8.569
2.8,3.2,0.8,40,8,2,11,11,23.145,31.386,47.576,73.889,0.186,1.527,4.879,4.888,107.469,1.0,0.0,0.0,0.0,1.0,1.0,0.0,0.0,0.0,1.0,0.0,0.0,0.0,1.0,0.0,8.288
2.8,3.2,0.8,40,8,2,11,11,23.006,32.176,46.435,69.903,0.212,1.516,4.92,4.629,105.902,1.0,0.0,0.0,0.0,1.0,1.0,0.0,0.0,0.0,1.0,0.0,0.0,0.0,1.0,0.0,8.638
2.8,3.2,0.8,40,8,2,11,11,23.74,31.188,47.602,71.729,0.199,1.638,4.769,4.773,102.069,1.0,0.0,0.0,0.0,1.0,1.0,0.0,0.0,0.0,1.0,0.0,0.0,0.0,1.0,0.0,8.575
2.8,3.2,0.8,40,8,2,11,11,23.0,31.0,48.0,72.0,0.2,1.6,3.5,3.0,105.0,1.0,0.0,0.0,0.0,1.0,1.0,0.0,0.0,0.0,1.0,0.0,1.0,0.0,0.0,0.0,11.5
2.8,3.2,0.8,40,8,2,11,11,23.825,31.533,49.612,73.441,0.215,1.574,3.681,2.91,111.899,1.0,0.0,0.0,0.0,1.0,1.0,0.0,0.0,0.0,1.0,0.0,1.0,0.0,0.0,0.0,11.608
2.8,3.2,0.8,40,8,2,11,11,21.957,30.315,46.702,70.169,0.185,1.627,3.186,2.834,106.023,1.0,0.0,0.0,0.0,1.0,1.0,0.0,0.0,0.0,1.0,0.0,1.0,0.0,0.0,0.0,11.404
2.8,3.2,0.8,40,8,2,11,11,22.641,30.883,46.637,72.017,0.191,1.456,3.323,2.846,104.711,1.0,0.0,0.0,0.0,1.0,1.0,0.0,0.0,0.0,1.0,0.0,1.0,0.0,0.0,0.0,11.397
2.8,3.2,0.8,40,8,2,11,11,23.887,32.244,47.539,70.537,0.212,1.667,3.441,3.217,109.323,1.0,0.0,0.0,0.0,1.0,1.0,0.0,0.0,0.0,1.0,0.0,1.0,0.0,0.0,0.0,11.411
2.8,3.2,0.8,40,8,2,11,11,23.153,30.383,46.765,74.066,0.199,1.578,3.667,3.153,108.736,1.0,0.0,0.0,0.0,1.0,1.0,0.0,0.0,0.0,1.0,0.0,1.0,0.0,0.0,0.0,11.628
2.8,3.2,0.8,40,8,2,11,11,22.924,30.91,48.418,71.593,0.198,1.495,3.657,2.839,102.989,1.0,0.0,0.0,0.0,1.0,1.0,0.0,0.0,0.0,1.0,0.0,1.0,0.0,0.0,0.0,11.391
2.8,3.2,0.8,40,8,2,11,11,22.971,31.506,48.896,70.889,0.204,1.643,3.303,2.955,95.572,1.0,0.0,0.0,0.0,1.0,1.0,0.0,0.0,0.0,1.0,0.0,1.0,0.0,0.0,0.0,11.567
2.8,3.2,0.8,40,8,2,11,11,23.977,31.62,49.909,71.322,0.193,1.736,3.445,3.116,112.12,1.0,0.0,0.0,0.0,1.0,1.0,0.0,0.0,0.0,1.0,0.0,1.0,0.0,0.0,0.0,11.444
2.8,3.2,0.8,40,8,2,11,11,22.592,31.097,46.946,72.109,0.201,1.712,3.388,3.051,107.682,1.0,0.0,0.0,0.0,1.0,1.0,0.0,0.0,0.0,1.0,0.0,1.0,0.0,0.0,0.0,11.54
2.8,3.2,0.8,40,8,2,11,11,23.0,31.0,48.0,72.0,0.2,1.6,3.5,3.0,105.0,1.0,0.0,0.0,0.0,1.0,1.0,0.0,0.0,0.0,1.0,0.0,0.0,1.0,0.0,0.0,9.6
2.8,3.2,0.8,40,8,2,11,11,23.669,30.305,48.028,73.271,0.186,1.612,3.341,2.851,108.961,1.0,0.0,0.0,0.0,1.0,1.0,0.0,0.0,0.0,1.0,0.0,0.0,1.0,0.0,0.0,9.706
2.8,3.2,0.8,40,8,2,11,11,23.512,30.933,49.555,73.372,0.196,1.494,3.581,3.275,110.785,1.0,0.0,0.0,0.0,1.0,1.0,0.0,0.0,0.0,1.0,0.0,0.0,1.0,0.0,0.0,9.422
2.8,3.2,0.8,40,8,2,11,11,23.246,30.689,47.031,71.123,0.207,1.571,3.458,3.041,112.919,1.0,0.0,0.0,0.0,1.0,1.0,0.0,0.0,0.0,1.0,0.0,0.0,1.0,0.0,0.0,9.58
2.8,3.2,0.8,40,8,2,11,11,23.715,30.899,48.243,73.114,0.198,1.666,3.367,3.173,110.996,1.0,0.0,0.0,0.0,1.0,1.0,0.0,0.0,0.0,1.0,0.0,0.0,1.0,0.0,0.0,9.646
2.8,3.2,0.8,40,8,2,11,11,22.901,30.882,47.917,73.984,0.201,1.66,3.534,3.046,109.187,1.0,0.0,0.0,0.0,1.0,1.0,0.0,0.0,0.0,1.0,0.0,0.0,1.0,0.0,0.0,9.796
2.8,3.2,0.8,40,8,2,11,11,23.229,31.81,48.193,72.874,0.204,1.58,3.587,3.135,95.786,1.0,0.0,0.0,0.0,1.0,1.0,0.0,0.0,0.0,1.0,0.0,0.0,1.0,0.0,0.0,9.671
2.8,3.2,0.8,40,8,2,11,11,23.145,31.43,47.164,73.076,0.209,1.522,3.711,3.093,101.497,1.0,0.0,0.0,0.0,1.0,1.0,0.0,0.0,0.0,1.0,0.0,0.0,1.0,0.0,0.0,9.62
2.8,3.2,0.8,40,8,2,11,11,23.281,31.012,47.089,74.585,0.187,1.612,3.689,3.017,100.912,1.0,0.0,0.0,0.0,1.0,1.0,0.0,0.0,0.0,1.0,0.0,0.0,1.0,0.0,0.0,9.519
2.8,3.2,0.8,40,8,2,11,11,23.52,30.7,48.565,73.192,0.186,1.641,3.23,2.791,111.623,1.0,0.0,0.0,0.0,1.0,1.0,0.0,0.0,0.0,1.0,0.0,0.0,1.0,0.0,0.0,9.487
1.1,0.57,0.732,20,6,8,5,5,13.9,13.9,32.9,32.9,2.1,2.1,2.5,3.5,15.0,0.0,1.0,1.0,0.0,0.0,0.0,0.0,1.0,1.0,0.0,0.0,0.0,0.0,0.0,1.0,4.5
1.1,0.57,0.732,20,6,8,5,5,13.737,13.737,32.502,32.502,1.93,1.93,2.386,3.244,15.0,0.0,1.0,1.0,0.0,0.0,0.0,0.0,1.0,1.0,0.0,0.0,0.0,0.0,0.0,1.0,4.537
1.1,0.57,0.732,20,6,8,5,5,13.649,13.649,32.96,32.96,2.026,2.026,2.704,3.48,15.0,0.0,1.0,1.0,0.0,0.0,0.0,0.0,1.0,1.0,0.0,0.0,0.0,0.0,0.0,1.0,4.445
1.1,0.57,0.732,20,6,8,5,5,13.624,13.624,33.939,33.939,2.247,2.247,2.45,3.609,15.0,0.0,1.0,1.0,0.0,0.0,0.0,0.0,1.0,1.0,0.0,0.0,0.0,0.0,0.0,1.0,4.543
1.1,0.57,0.732,20,6,8,5,5,13.508,13.508,32.012,32.012,2.135,2.135,2.363,3.522,15.0,0.0,1.0,1.0,0.0,0.0,0.0,0.0,1.0,1.0,0.0,0.0,0.0,0.0,0.0,1.0,4.521
1.1,0.57,0.732,20,6,8,5,5,13.717,13.717,32.201,32.201,2.037,2.037,2.54,3.314,15.0,0.0,1.0,1.0,0.0,0.0,0.0,0.0,1.0,1.0,0.0,0.0,0.0,0.0,0.0,1.0,4.506
1.1,0.57,0.732,20,6,8,5,5,13.626,13.626,33.713,33.713,2.088,2.088,2.519,3.708,15.0,0.0,1.0,1.0,0.0,0.0,0.0,0.0,1.0,1.0,0.0,0.0,0.0,0.0,0.0,1.0,4.527
1.1,0.57,0.732,20,6,8,5,5,13.728,13.728,33.312,33.312,2.039,2.039,2.539,3.679,15.0,0.0,1.0,1.0,0.0,0.0,0.0,0.0,1.0,1.0,0.0,0.0,0.0,0.0,0.0,1.0,4.459
1.1,0.57,0.732,20,6,8,5,5,13.671,13.671,31.742,31.742,2.141,2.141,2.469,3.267,15.0,0.0,1.0,1.0,0.0,0.0,0.0,0.0,1.0,1.0,0.0,0.0,0.0,0.0,0.0,1.0,4.468
1.1,0.57,0.732,20,6,8,5,5,13.652,13.652,33.344,33.344,2.113,2.113,2.422,3.511,15.0,0.0,1.0,1.0,0.0,0.0,0.0,0.0,1.0,1.0,0.0,0.0,0.0,0.0,0.0,1.0,4.458
1.1,0.57,0.732,20,6,8,5,5,13.6,13.6,31.0,31.0,3.0,3.0,2.5,4.5,15.0,0.0,1.0,1.0,0.0,0.0,0.0,0.0,1.0,1.0,0.0,0.0,0.0,0.0,0.0,1.0,5.5
1.1,0.57,0.732,20,6,8,5,5,13.97,13.97,31.049,31.049,3.143,3.143,2.527,4.798,15.0,0.0,1.0,1.0,0.0,0.0,0.0,0.0,1.0,1.0,0.0,0.0,0.0,0.0,0.0,1.0,5.451
1.1,0.57,0.732,20,6,8,5,5,13.355,13.355,30.001,30.001,3.141,3.141,2.284,4.576,15.0,0.0,1.0,1.0,0.0,0.0,0.0,0.0,1.0,1.0,0.0,0.0,0.0,0.0,0.0,1.0,5.434
1.1,0.57,0.732,20,6,8,5,5,13.514,13.514,31.597,31.597,3.066,3.066,2.582,4.704,15.0,0.0,1.0,1.0,0.0,0.0,0.0,0.0,1.0,1.0,0.0,0.0,0.0,0.0,0.0,1.0,5.532
1.1,0.57,0.732,20,6,8,5,5,13.086,13.086,30.831,30.831,2.869,2.869,2.533,4.627,15.0,0.0,1.0,1.0,0.0,0.0,0.0,0.0,1.0,1.0,0.0,0.0,0.0,0.0,0.0,1.0,5.475
1.1,0.57,0.732,20,6,8,5,5,13.585,13.585,30.98,30.98,2.911,2.911,2.59,4.592,15.0,0.0,1.0,1.0,0.0,0.0,0.0,0.0,1.0,1.0,0.0,0.0,0.0,0.0,0.0,1.0,5.568
1.1,0.57,0.732,20,6,8,5,5,13.267,13.267,31.807,31.807,3.146,3.146,2.453,4.815,15.0,0.0,1.0,1.0,0.0,0.0,0.0,0.0,1.0,1.0,0.0,0.0,0.0,0.0,0.0,1.0,5.593
1.1,0.57,0.732,20,6,8,5,5,13.444,13.444,32.384,32.384,2.887,2.887,2.691,4.537,15.0,0.0,1.0,1.0,0.0,0.0,0.0,0.0,1.0,1.0,0.0,0.0,0.0,0.0,0.0,1.0,5.526
1.1,0.57,0.732,20,6,8,5,5,13.902,13.902,30.769,30.769,3.094,3.094,2.321,4.375,15.0,0.0,1.0,1.0,0.0,0.0,0.0,0.0,1.0,1.0,0.0,0.0,0.0,0.0,0.0,1.0,5.605
1.1,0.57,0.732,20,6,8,5,5,13.62,13.62,30.387,30.387,3.104,3.104,2.6,4.455,15.0,0.0,1.0,1.0,0.0,0.0,0.0,0.0,1.0,1.0,0.0,0.0,0.0,0.0,0.0,1.0,5.438
1.1,0.57,0.732,20,6,8,5,5,14.1,14.1,46.7,46.7,3.4,3.4,2.5,5.5,15.0,0.0,1.0,1.0,0.0,0.0,0.0,0.0,1.0,1.0,0.0,0.0,0.0,0.0,0.0,1.0,3.2
1.1,0.57,0.732,20,6,8,5,5,14.227,14.227,46.553,46.553,3.389,3.389,2.669,5.418,15.0,0.0,1.0,1.0,0.0,0.0,0.0,0.0,1.0,1.0,0.0,0.0,0.0,0.0,0.0,1.0,3.184
1.1,0.57,0.732,20,6,8,5,5,14.297,14.297,45.503,45.503,3.272,3.272,2.539,5.298,15.0,0.0,1.0,1.0,0.0,0.0,0.0,0.0,1.0,1.0,0.0,0.0,0.0,0.0,0.0,1.0,3.248
1.1,0.57,0.732,20,6,8,5,5,14.006,14.006,45.036,45.036,3.378,3.378,2.655,5.74,15.0,0.0,1.0,1.0,0.0,0.0,0.0,0.0,1.0,1.0,0.0,0.0,0.0,0.0,0.0,1.0,3.209
1.1,0.57,0.732,20,6,8,5,5,13.755,13.755,45.11,45.11,3.378,3.378,2.605,5.643,15.0,0.0,1.0,1.0,0.0,0.0,0.0,0.0,1.0,1.0,0.0,0.0,0.0,0.0,0.0,1.0,3.192
1.1,0.57,0.732,20,6,8,5,5,13.878,13.878,45.547,45.547,3.268,3.268,2.621,5.449,15.0,0.0,1.0,1.0,0.0,0.0,0.0,0.0,1.0,1.0,0.0,0.0,0.0,0.0,0.0,1.0,3.14
1.1,0.57,0.732,20,6,8,5,5,14.184,14.184,45.522,45.522,3.17,3.17,2.577,5.807,15.0,0.0,1.0,1.0,0.0,0.0,0.0,0.0,1.0,1.0,0.0,0.0,0.0,0.0,0.0,1.0,3.15
1.1,0.57,0.732,20,6,8,5,5,13.984,13.984,47.124,47.124,3.482,3.482,2.471,5.49,15.0,0.0,1.0,1.0,0.0,0.0,0.0,0.0,1.0,1.0,0.0,0.0,0.0,0.0,0.0,1.0,3.126
1.1,0.57,0.732,20,6,8,5,5,13.97,13.97,46.532,46.532,3.695,3.695,2.362,5.267,15.0,0.0,1.0,1.0,0.0,0.0,0.0,0.0,1.0,1.0,0.0,0.0,0.0,0.0,0.0,1.0,3.232
1.1,0.57,0.732,20,6,8,5,5,14.446,14.446,46.633,46.633,3.435,3.435,2.288,5.316,15.0,0.0,1.0,1.0,0.0,0.0,0.0,0.0,1.0,1.0,0.0,0.0,0.0,0.0,0.0,1.0,3.262
1.1,0.57,0.732,20,6,8,5,5,13.9,13.9,32.9,32.9,5.2,5.2,2.5,4.5,11.7,0.0,1.0,1.0,0.0,0.0,0.0,0.0,1.0,1.0,0.0,0.0,0.0,0.0,0.0,1.0,2.3
1.1,0.57,0.732,20,6,8,5,5,14.131,14.131,32.079,32.079,5.119,5.119,2.309,4.769,11.7,0.0,1.0,1.0,0.0,0.0,0.0,0.0,1.0,1.0,0.0,0.0,0.0,0.0,0.0,1.0,2.288
1.1,0.57,0.732,20,6,8,5,5,13.574,13.574,32.032,32.032,5.374,5.374,2.601,4.6,11.7,0.0,1.0,1.0,0.0,0.0,0.0,0.0,1.0,1.0,0.0,0.0,0.0,0.0,0.0,1.0,2.303
1.1,0.57,0.732,20,6,8,5,5,14.008,14.008,34.336,34.336,4.886,4.886,2.625,4.589,11.7,0.0,1.0,1.0,0.0,0.0,0.0,0.0,1.0,1.0,0.0,0.0,0.0,0.0,0.0,1.0,2.291
1.1,0.57,0.732,20,6,8,5,5,13.762,13.762,32.903,32.903,5.409,5.409,2.622,4.661,11.7,0.0,1.0,1.0,0.0,0.0,0.0,0.0,1.0,1.0,0.0,0.0,0.0,0.0,0.0,1.0,2.298
1.1,0.57,0.732,20,6,8,5,5,13.756,13.756,34.217,34.217,4.913,4.913,2.521,4.313,11.7,0.0,1.0,1.0,0.0,0.0,0.0,0.0,1.0,1.0,0.0,0.0,0.0,0.0,0.0,1.0,2.329
1.1,0.57,0.732,20,6,8,5,5,13.887,13.887,33.104,33.104,5.006,5.006,2.597,4.64,11.7,0.0,1.0,1.0,0.0,0.0,0.0,0.0,1.0,1.0,0.0,0.0,0.0,0.0,0.0,1.0,2.329
1.1,0.57,0.732,20,6,8,5,5,14.283,14.283,32.57,32.57,5.513,5.513,2.573,4.592,11.7,0.0,1.0,1.0,0.0,0.0,0.0,0.0,1.0,1.0,0.0,0.0,0.0,0.0,0.0,1.0,2.333
1.1,0.57,0.732,20,6,8,5,5,13.693,13.693,33.696,33.696,4.825,4.825,2.374,4.296,11.7,0.0,1.0,1.0,0.0,0.0,0.0,0.0,1.0,1.0,0.0,0.0,0.0,0.0,0.0,1.0,2.316
1.1,0.57,0.732,20,6,8,5,5,14.132,14.132,32.391,32.391,5.421,5.421,2.503,4.695,11.7,0.0,1.0,1.0,0.0,0.0,0.0,0.0,1.0,1.0,0.0,0.0,0.0,0.0,0.0,1.0,2.271
1.1,0.57,0.732,20,6,8,5,5,13.6,13.6,31.0,31.0,3.0,3.0,2.5,4.5,15.0,0.0,1.0,1.0,0.0,0.0,0.0,0.0,1.0,1.0,0.0,0.0,0.0,0.0,0.0,1.0,5.5
1.1,0.57,0.732,20,6,8,5,5,13.33,13.33,30.21,30.21,3.167,3.167,2.631,4.617,15.0,0.0,1.0,1.0,0.0,0.0,0.0,0.0,1.0,1.0,0.0,0.0,0.0,0.0,0.0,1.0,5.442
1.1,0.57,0.732,20,6,8,5,5,13.909,13.909,29.922,29.922,3.274,3.274,2.528,4.663,15.0,0.0,1.0,1.0,0.0,0.0,0.0,0.0,1.0,1.0,0.0,0.0,0.0,0.0,0.0,1.0,5.432
1.1,0.57,0.732,20,6,8,5,5,13.462,13.462,31.597,31.597,3.166,3.166,2.303,4.261,15.0,0.0,1.0,1.0,0.0,0.0,0.0,0.0,1.0,1.0,0.0,0.0,0.0,0.0,0.0,1.0,5.39
1.1,0.57,0.732,20,6,8,5,5,13.462,13.462,31.49,31.49,2.986,2.986,2.625,4.636,15.0,0.0,1.0,1.0,0.0,0.0,0.0,0.0,1.0,1.0,0.0,0.0,0.0,0.0,0.0,1.0,5.454
1.1,0.57,0.732,20,6,8,5,5,13.905,13.905,31.122,31.122,3.035,3.035,2.515,4.784,15.0,0.0,1.0,1.0,0.0,0.0,0.0,0.0,1.0,1.0,0.0,0.0,0.0,0.0,0.0,1.0,5.581
1.1,0.57,0.732,20,6,8,5,5,14.03,14.03,31.728,31.728,3.049,3.049,2.586,4.433,15.0,0.0,1.0,1.0,0.0,0.0,0.0,0.0,1.0,1.0,0.0,0.0,0.0,0.0,0.0,1.0,5.372
1.1,0.57,0.732,20,6,8,5,5,13.951,13.951,31.392,31.392,3.026,3.026,2.27,4.369,15.0,0.0,1.0,1.0,0.0,0.0,0.0,0.0,1.0,1.0,0.0,0.0,0.0,0.0,0.0,1.0,5.434
1.1,0.57,0.732,20,6,8,5,5,13.52,13.52,30.778,30.778,2.953,2.953,2.489,4.238,15.0,0.0,1.0,1.0,0.0,0.0,0.0,0.0,1.0,1.0,0.0,0.0,0.0,0.0,0.0,1.0,5.526
1.1,0.57,0.732,20,6,8,5,5,13.58,13.58,31.243,31.243,3.18,3.18,2.42,4.562,15.0,0.0,1.0,1.0,0.0,0.0,0.0,0.0,1.0,1.0,0.0,0.0,0.0,0.0,0.0,1.0,5.514
1.1,0.57,0.732,20,6,8,5,5,13.6,13.6,31.0,31.0,2.8,2.8,2.5,4.5,18.3,0.0,1.0,1.0,0.0,0.0,0.0,0.0,1.0,1.0,0.0,0.0,0.0,0.0,0.0,1.0,4.8
1.1,0.57,0.732,20,6,8,5,5,13.634,13.634,31.165,31.165,2.709,2.709,2.6,4.388,18.3,0.0,1.0,1.0,0.0,0.0,0.0,0.0,1.0,1.0,0.0,0.0,0.0,0.0,0.0,1.0,4.843
1.1,0.57,0.732,20,6,8,5,5,13.877,13.877,31.813,31.813,2.838,2.838,2.566,4.28,18.3,0.0,1.0,1.0,0.0,0.0,0.0,0.0,1.0,1.0,0.0,0.0,0.0,0.0,0.0,1.0,4.839
1.1,0.57,0.732,20,6,8,5,5,13.493,13.493,31.365,31.365,2.911,2.911,2.665,4.896,18.3,0.0,1.0,1.0,0.0,0.0,0.0,0.0,1.0,1.0,0.0,0.0,0.0,0.0,0.0,1.0,4.781
1.1,0.57,0.732,20,6,8,5,5,13.76,13.76,30.061,30.061,2.781,2.781,2.335,4.192,18.3,0.0,1.0,1.0,0.0,0.0,0.0,0.0,1.0,1.0,0.0,0.0,0.0,0.0,0.0,1.0,4.93
1.1,0.57,0.732,20,6,8,5,5,13.764,13.764,31.022,31.022,2.668,2.668,2.53,4.438,18.3,0.0,1.0,1.0,0.0,0.0,0.0,0.0,1.0,1.0,0.0,0.0,0.0,0.0,0.0,1.0,4.762
1.1,0.57,0.732,20,6,8,5,5,13.821,13.821,31.678,31.678,2.642,2.642,2.584,4.631,18.3,0.0,1.0,1.0,0.0,0.0,0.0,0.0,1.0,1.0,0.0,0.0,0.0,0.0,0.0,1.0,4.719
1.1,0.57,0.732,20,6,8,5,5,13.135,13.135,30.412,30.412,2.939,2.939,2.378,4.625,18.3,0.0,1.0,1.0,0.0,0.0,0.0,0.0,1.0,1.0,0.0,0.0,0.0,0.0,0.0,1.0,4.808
1.1,0.57,0.732,20,6,8,5,5,13.962,13.962,30.231,30.231,3.003,3.003,2.463,4.479,18.3,0.0,1.0,1.0,0.0,0.0,0.0,0.0,1.0,1.0,0.0,0.0,0.0,0.0,0.0,1.0,4.842
1.1,0.57,0.732,20,6,8,5,5,13.544,13.544,29.944,29.944,3.02,3.02,2.541,4.209,18.3,0.0,1.0,1.0,0.0,0.0,0.0,0.0,1.0,1.0,0.0,0.0,0.0,0.0,0.0,1.0,4.883
1.1,0.57,0.732,20,6,8,5,5,17.4,17.4,40.5,40.5,2.7,2.7,2.5,3.5,19.4,0.0,1.0,1.0,0.0,0.0,0.0,0.0,1.0,1.0,0.0,0.0,0.0,0.0,0.0,1.0,6.5
1.1,0.57,0.732,20,6,8,5,5,17.97,17.97,41.53,41.53,2.54,2.54,2.441,3.445,19.4,0.0,1.0,1.0,0.0,0.0,0.0,0.0,1.0,1.0,0.0,0.0,0.0,0.0,0.0,1.0,6.424
1.1,0.57,0.732,20,6,8,5,5,17.787,17.787,39.695,39.695,2.49,2.49,2.519,3.784,19.4,0.0,1.0,1.0,0.0,0.0,0.0,0.0,1.0,1.0,0.0,0.0,0.0,0.0,0.0,1.0,6.438
1.1,0.57,0.732,20,6,8,5,5,17.351,17.351,41.715,41.715,2.668,2.668,2.391,3.751,19.4,0.0,1.0,1.0,0.0,0.0,0.0,0.0,1.0,1.0,0.0,0.0,0.0,0.0,0.0,1.0,6.569
1.1,0.57,0.732,20,6,8,5,5,17.974,17.974,39.472,39.472,2.67,2.67,2.626,3.38,19.4,0.0,1.0,1.0,0.0,0.0,0.0,0.0,1.0,1.0,0.0,0.0,0.0,0.0,0.0,1.0,6.442
1.1,0.57,0.732,20,6,8,5,5,17.028,17.028,41.528,41.528,2.807,2.807,2.386,3.634,19.4,0.0,1.0,1.0,0.0,0.0,0.0,0.0,1.0,1.0,0.0,0.0,0.0,0.0,0.0,1.0,6.482
1.1,0.57,0.732,20,6,8,5,5,17.199,17.199,40.499,40.499,2.632,2.632,2.327,3.541,19.4,0.0,1.0,1.0,0.0,0.0,0.0,0.0,1.0,1.0,0.0,0.0,0.0,0.0,0.0,1.0,6.495
1.1,0.57,0.732,20,6,8,5,5,17.748,17.748,39.767,39.767,2.483,2.483,2.508,3.195,19.4,0.0,1.0,1.0,0.0,0.0,0.0,0.0,1.0,1.0,0.0,0.0,0.0,0.0,0.0,1.0,6.423
1.1,0.57,0.732,20,6,8,5,5,16.688,16.688,41.464,41.464,2.692,2.692,2.399,3.644,19.4,0.0,1.0,1.0,0.0,0.0,0.0,0.0,1.0,1.0,0.0,0.0,0.0,0.0,0.0,1.0,6.61
1.1,0.57,0.732,20,6,8,5,5,17.928,17.928,40.577,40.577,2.849,2.849,2.637,3.555,19.4,0.0,1.0,1.0,0.0,0.0,0.0,0.0,1.0,1.0,0.0,0.0,0.0,0.0,0.0,1.0,6.572
1.1,0.57,0.732,20,6,8,5,5,13.6,13.6,31.0,31.0,3.0,3.0,2.5,4.5,15.0,0.0,1.0,1.0,0.0,0.0,0.0,0.0,1.0,1.0,0.0,0.0,0.0,0.0,0.0,1.0,5.5
1.1,0.57,0.732,20,6,8,5,5,13.693,13.693,30.86,30.86,3.142,3.142,2.381,4.686,15.0,0.0,1.0,1.0,0.0,0.0,0.0,0.0,1.0,1.0,0.0,0.0,0.0,0.0,0.0,1.0,5.496
1.1,0.57,0.732,20,6,8,5,5,13.184,13.184,30.714,30.714,2.825,2.825,2.449,4.59,15.0,0.0,1.0,1.0,0.0,0.0,0.0,0.0,1.0,1.0,0.0,0.0,0.0,0.0,0.0,1.0,5.452
1.1,0.57,0.732,20,6,8,5,5,13.931,13.931,31.875,31.875,2.876,2.876,2.559,4.663,15.0,0.0,1.0,1.0,0.0,0.0,0.0,0.0,1.0,1.0,0.0,0.0,0.0,0.0,0.0,1.0,5.432
1.1,0.57,0.732,20,6,8,5,5,13.073,13.073,31.067,31.067,3.049,3.049,2.521,4.375,15.0,0.0,1.0,1.0,0.0,0.0,0.0,0.0,1.0,1.0,0.0,0.0,0.0,0.0,0.0,1.0,5.379
1.1,0.57,0.732,20,6,8,5,5,13.282,13.282,30.763,30.763,3.134,3.134,2.56,4.224,15.0,0.0,1.0,1.0,0.0,0.0,0.0,0.0,1.0,1.0,0.0,0.0,0.0,0.0,0.0,1.0,5.476
1.1,0.57,0.732,20,6,8,5,5,13.091,13.091,30.583,30.583,2.912,2.912,2.544,4.331,15.0,0.0,1.0,1.0,0.0,0.0,0.0,0.0,1.0,1.0,0.0,0.0,0.0,0.0,0.0,1.0,5.461
1.1,0.57,0.732,20,6,8,5,5,13.876,13.876,30.867,30.867,3.232,3.232,2.288,4.432,15.0,0.0,1.0,1.0,0.0,0.0,0.0,0.0,1.0,1.0,0.0,0.0,0.0,0.0,0.0,1.0,5.456
1.1,0.57,0.732,20,6,8,5,5,13.504,13.504,30.846,30.846,2.819,2.819,2.403,4.746,15.0,0.0,1.0,1.0,0.0,0.0,0.0,0.0,1.0,1.0,0.0,0.0,0.0,0.0,0.0,1.0,5.489
1.1,0.57,0.732,20,6,8,5,5,14.042,14.042,30.782,30.782,2.77,2.77,2.396,4.464,15.0,0.0,1.0,1.0,0.0,0.0,0.0,0.0,1.0,1.0,0.0,0.0,0.0,0.0,0.0,1.0,5.536
1.1,0.57,0.732,20,6,8,5,5,12.9,12.9,32.0,32.0,2.9,2.9,2.5,5.5,12.3,0.0,1.0,1.0,0.0,0.0,0.0,0.0,1.0,1.0,0.0,0.0,0.0,0.0,0.0,1.0,2.1
1.1,0.57,0.732,20,6,8,5,5,13.217,13.217,32.7,32.7,3.063,3.063,2.285,5.273,12.3,0.0,1.0,1.0,0.0,0.0,0.0,0.0,1.0,1.0,0.0,0.0,0.0,0.0,0.0,1.0,2.079
1.1,0.57,0.732,20,6,8,5,5,12.992,12.992,32.323,32.323,2.941,2.941,2.696,5.122,12.3,0.0,1.0,1.0,0.0,0.0,0.0,0.0,1.0,1.0,0.0,0.0,0.0,0.0,0.0,1.0,2.099
1.1,0.57,0.732,20,6,8,5,5,12.513,12.513,31.93,31.93,2.738,2.738,2.462,5.316,12.3,0.0,1.0,1.0,0.0,0.0,0.0,0.0,1.0,1.0,0.0,0.0,0.0,0.0,0.0,1.0,2.103
1.1,0.57,0.732,20,6,8,5,5,12.65,12.65,31.847,31.847,2.863,2.863,2.524,5.858,12.3,0.0,1.0,1.0,0.0,0.0,0.0,0.0,1.0,1.0,0.0,0.0,0.0,0.0,0.0,1.0,2.106
1.1,0.57,0.732,20,6,8,5,5,13.11,13.11,32.915,32.915,2.901,2.901,2.627,5.452,12.3,0.0,1.0,1.0,0.0,0.0,0.0,0.0,1.0,1.0,0.0,0.0,0.0,0.0,0.0,1.0,2.125
1.1,0.57,0.732,20,6,8,5,5,13.149,13.149,31.829,31.829,2.931,2.931,2.592,5.433,12.3,0.0,1.0,1.0,0.0,0.0,0.0,0.0,1.0,1.0,0.0,0.0,0.0,0.0,0.0,1.0,2.114
1.1,0.57,0.732,20,6,8,5,5,12.872,12.872,32.339,32.339,2.829,2.829,2.634,5.724,12.3,0.0,1.0,1.0,0.0,0.0,0.0,0.0,1.0,1.0,0.0,0.0,0.0,0.0,0.0,1.0,2.073
1.1,0.57,0.732,20,6,8,5,5,12.581,12.581,30.978,30.978,2.984,2.984,2.602,5.37,12.3,0.0,1.0,1.0,0.0,0.0,0.0,0.0,1.0,1.0,0.0,0.0,0.0,0.0,0.0,1.0,2.091
1.1,0.57,0.732,20,6,8,5,5,13.137,13.137,31.326,31.326,3.038,3.038,2.615,5.492,12.3,0.0,1.0,1.0,0.0,0.0,0.0,0.0,1.0,1.0,0.0,0.0,0.0,0.0,0.0,1.0,2.127
