model.tank_volume,model.rotors.number,model.nozzles.number,experiment.weather.temperature.min,experiment.weather.temperature.max,experiment.weather.humidity.min,experiment.weather.humidity.max,experiment.weather.velocity.min,experiment.weather.velocity.max,experiment.params.height,experiment.params.flight_speed,experiment.params.spray_volume,plant.name_coffee,plant.name_tea,plant.name_wheat,model.name_AGRAS T20,model.name_AGRAS T30,model.name_AGRAS T40,model.name_JT5L-404,model.nozzles.type_LX8060SZ,model.nozzles.type_SX11001VS,model.nozzles.type_XR110015,model.nozzles.type_full cone,experiment.params.atomization_diameter_coarse,experiment.params.atomization_diameter_fine,experiment.params.atomization_diameter_medium,experiment.params.atomization_diameter_off,experiment.results.droplet_size.value
30,6,16,23.0,31.0,48.0,72.0,0.2,1.6,2.0,7.0,30.0,0.0,1.0,0.0,0.0,1.0,0.0,0.0,0.0,1.0,0.0,0.0,0.0,0.0,0.0,1.0,223.9
30,6,16,22.853,30.273,47.035,73.869,0.193,1.682,1.926,7.245,30.99,0.0,1.0,0.0,0.0,1.0,0.0,0.0,0.0,1.0,0.0,0.0,0.0,0.0,0.0,1.0,221.977
30,6,16,22.576,31.612,47.101,71.277,0.213,1.54,1.927,7.4,31.603,0.0,1.0,0.0,0.0,1.0,0.0,0.0,0.0,1.0,0.0,0.0,0.0,0.0,0.0,1.0,223.152
30,6,16,23.444,30.642,48.994,70.165,0.194,1.513,1.971,7.431,28.912,0.0,1.0,0.0,0.0,1.0,0.0,0.0,0.0,1.0,0.0,0.0,0.0,0.0,0.0,1.0,220.497
30,6,16,22.57,30.351,46.459,70.476,0.2,1.598,2.135,7.137,31.542,0.0,1.0,0.0,0.0,1.0,0.0,0.0,0.0,1.0,0.0,0.0,0.0,0.0,0.0,1.0,227.634
30,6,16,22.462,31.291,47.565,72.936,0.215,1.672,2.086,6.478,28.784,0.0,1.0,0.0,0.0,1.0,0.0,0.0,0.0,1.0,0.0,0.0,0.0,0.0,0.0,1.0,223.835
30,6,16,23.728,31.576,46.65,70.641,0.199,1.628,1.968,6.796,30.931,0.0,1.0,0.0,0.0,1.0,0.0,0.0,0.0,1.0,0.0,0.0,0.0,0.0,0.0,1.0,225.293
30,6,16,23.676,31.471,46.694,70.583,0.189,1.646,1.953,7.226,28.715,0.0,1.0,0.0,0.0,1.0,0.0,0.0,0.0,1.0,0.0,0.0,0.0,0.0,0.0,1.0,221.595
30,6,16,23.179,31.227,49.701,72.154,0.21,1.661,2.044,7.117,30.54,0.0,1.0,0.0,0.0,1.0,0.0,0.0,0.0,1.0,0.0,0.0,0.0,0.0,0.0,1.0,221.293
30,6,16,23.072,31.172,47.316,70.412,0.195,1.586,1.928,7.299,27.975,0.0,1.0,0.0,0.0,1.0,0.0,0.0,0.0,1.0,0.0,0.0,0.0,0.0,0.0,1.0,222.136
30,6,16,23.0,31.0,48.0,72.0,0.2,1.6,2.0,3.0,30.0,0.0,1.0,0.0,0.0,1.0,0.0,0.0,0.0,1.0,0.0,0.0,0.0,0.0,0.0,1.0,251.1
30,6,16,22.876,31.735,49.205,74.321,0.191,1.624,1.979,3.054,28.66,0.0,1.0,0.0,0.0,1.0,0.0,0.0,0.0,1.0,0.0,0.0,0.0,0.0,0.0,1.0,254.118
30,6,16,23.004,30.628,48.75,70.262,0.191,1.544,1.964,3.088,28.482,0.0,1.0,0.0,0.0,1.0,0.0,0.0,0.0,1.0,0.0,0.0,0.0,0.0,0.0,1.0,255.376
30,6,16,22.449,31.723,48.123,71.754,0.214,1.539,2.121,2.947,32.387,0.0,1.0,0.0,0.0,1.0,0.0,0.0,0.0,1.0,0.0,0.0,0.0,0.0,0.0,1.0,253.226
30,6,16,23.204,30.211,50.339,73.71,0.193,1.657,1.969,2.791,31.81,0.0,1.0,0.0,0.0,1.0,0.0,0.0,0.0,1.0,0.0,0.0,0.0,0.0,0.0,1.0,252.932
30,6,16,23.672,31.612,47.095,70.546,0.186,1.688,2.082,3.197,31.805,0.0,1.0,0.0,0.0,1.0,0.0,0.0,0.0,1.0,0.0,0.0,0.0,0.0,0.0,1.0,250.418
30,6,16,23.496,31.209,47.752,72.377,0.204,1.583,2.017,2.888,29.168,0.0,1.0,0.0,0.0,1.0,0.0,0.0,0.0,1.0,0.0,0.0,0.0,0.0,0.0,1.0,250.682
30,6,16,22.71,31.549,48.897,71.905,0.216,1.658,1.919,2.725,28.89,0.0,1.0,0.0,0.0,1.0,0.0,0.0,0.0,1.0,0.0,0.0,0.0,0.0,0.0,1.0,252.975
30,6,16,22.235,30.179,47.447,71.554,0.2,1.694,2.045,2.986,30.208,0.0,1.0,0.0,0.0,1.0,0.0,0.0,0.0,1.0,0.0,0.0,0.0,0.0,0.0,1.0,247.388
30,6,16,23.51,30.342,48.832,72.692,0.2,1.49,2.159,3.122,30.667,0.0,1.0,0.0,0.0,1.0,0.0,0.0,0.0,1.0,0.0,0.0,0.0,0.0,0.0,1.0,249.066
30,6,16,23.0,31.0,48.0,72.0,0.2,1.6,3.5,3.0,30.0,0.0,1.0,0.0,0.0,1.0,0.0,0.0,0.0,1.0,0.0,0.0,0.0,0.0,0.0,1.0,237.2
30,6,16,22.714,30.413,46.778,73.368,0.194,1.684,3.69,3.092,31.858,0.0,1.0,0.0,0.0,1.0,0.0,0.0,0.0,1.0,0.0,0.0,0.0,0.0,0.0,1.0,238.787
30,6,16,22.241,30.308,48.105,73.309,0.192,1.639,3.581,2.889,28.187,0.0,1.0,0.0,0.0,1.0,0.0,0.0,0.0,1.0,0.0,0.0,0.0,0.0,0.0,1.0,230.568
30,6,16,23.303,30.069,47.779,70.643,0.191,1.489,3.547,2.91,29.717,0.0,1.0,0.0,0.0,1.0,0.0,0.0,0.0,1.0,0.0,0.0,0.0,0.0,0.0,1.0,234.928
30,6,16,22.878,31.825,46.368,72.767,0.186,1.501,3.462,3.17,29.931,0.0,1.0,0.0,0.0,1.0,0.0,0.0,0.0,1.0,0.0,0.0,0.0,0.0,0.0,1.0,233.096
30,6,16,22.543,31.66,46.828,70.834,0.21,1.702,3.65,3.243,29.193,0.0,1.0,0.0,0.0,1.0,0.0,0.0,0.0,1.0,0.0,0.0,0.0,0.0,0.0,1.0,234.165
30,6,16,23.38,31.491,47.195,71.538,0.193,1.514,3.531,2.954,30.3,0.0,1.0,0.0,0.0,1.0,0.0,0.0,0.0,1.0,0.0,0.0,0.0,0.0,0.0,1.0,240.194
30,6,16,21.902,31.309,49.139,73.787,0.195,1.533,3.635,2.953,27.625,0.0,1.0,0.0,0.0,1.0,0.0,0.0,0.0,1.0,0.0,0.0,0.0,0.0,0.0,1.0,240.439
30,6,16,22.808,31.092,47.52,75.473,0.185,1.615,3.521,2.783,28.779,0.0,1.0,0.0,0.0,1.0,0.0,0.0,0.0,1.0,0.0,0.0,0.0,0.0,0.0,1.0,241.864
30,6,16,22.97,31.434,49.556,69.513,0.197,1.709,3.505,3.164,31.708,0.0,1.0,0.0,0.0,1.0,0.0,0.0,0.0,1.0,0.0,0.0,0.0,0.0,0.0,1.0,233.728
30,6,16,23.0,31.0,48.0,72.0,0.2,1.6,5.0,3.0,30.0,0.0,1.0,0.0,0.0,1.0,0.0,0.0,0.0,1.0,0.0,0.0,0.0,0.0,0.0,1.0,240.2
30,6,16,22.473,29.792,47.524,73.311,0.186,1.646,5.049,2.789,30.761,0.0,1.0,0.0,0.0,1.0,0.0,0.0,0.0,1.0,0.0,0.0,0.0,0.0,0.0,1.0,237.828
30,6,16,22.842,31.335,48.067,70.162,0.214,1.586,4.68,2.853,31.677,0.0,1.0,0.0,0.0,1.0,0.0,0.0,0.0,1.0,0.0,0.0,0.0,0.0,0.0,1.0,238.797
30,6,16,22.265,32.308,49.162,74.151,0.192,1.526,4.772,2.817,29.669,0.0,1.0,0.0,0.0,1.0,0.0,0.0,0.0,1.0,0.0,0.0,0.0,0.0,0.0,1.0,236.655
30,6,16,23.335,31.607,47.378,70.135,0.21,1.558,4.837,2.934,29.81,0.0,1.0,0.0,0.0,1.0,0.0,0.0,0.0,1.0,0.0,0.0,0.0,0.0,0.0,1.0,242.532
30,6,16,23.521,31.64,46.69,70.997,0.207,1.552,4.718,2.833,29.109,0.0,1.0,0.0,0.0,1.0,0.0,0.0,0.0,1.0,0.0,0.0,0.0,0.0,0.0,1.0,236.648
30,6,16,23.596,31.647,49.839,71.132,0.209,1.677,4.964,2.873,30.293,0.0,1.0,0.0,0.0,1.0,0.0,0.0,0.0,1.0,0.0,0.0,0.0,0.0,0.0,1.0,241.953
30,6,16,23.194,30.931,48.326,73.861,0.215,1.718,5.218,2.976,30.573,0.0,1.0,0.0,0.0,1.0,0.0,0.0,0.0,1.0,0.0,0.0,0.0,0.0,0.0,1.0,240.896
30,6,16,22.399,30.856,48.689,73.93,0.203,1.574,5.118,3.071,30.297,0.0,1.0,0.0,0.0,1.0,0.0,0.0,0.0,1.0,0.0,0.0,0.0,0.0,0.0,1.0,243.857
30,6,16,22.961,32.304,46.37,69.129,0.206,1.51,5.071,2.805,27.354,0.0,1.0,0.0,0.0,1.0,0.0,0.0,0.0,1.0,0.0,0.0,0.0,0.0,0.0,1.0,242.072
30,6,16,23.0,31.0,48.0,72.0,0.2,1.6,2.0,3.0,60.0,0.0,1.0,0.0,0.0,1.0,0.0,0.0,0.0,1.0,0.0,0.0,0.0,0.0,0.0,1.0,274.1
30,6,16,23.423,32.318,47.467,70.296,0.205,1.668,1.94,3.136,61.111,0.0,1.0,0.0,0.0,1.0,0.0,0.0,0.0,1.0,0.0,0.0,0.0,0.0,0.0,1.0,276.925
30,6,16,23.117,31.702,48.638,73.57,0.187,1.668,1.826,3.038,61.801,0.0,1.0,0.0,0.0,1.0,0.0,0.0,0.0,1.0,0.0,0.0,0.0,0.0,0.0,1.0,274.148
30,6,16,23.781,32.139,46.771,72.469,0.209,1.503,1.9,3.064,60.979,0.0,1.0,0.0,0.0,1.0,0.0,0.0,0.0,1.0,0.0,0.0,0.0,0.0,0.0,1.0,272.572
30,6,16,22.459,30.057,47.986,72.876,0.191,1.598,2.095,3.004,59.562,0.0,1.0,0.0,0.0,1.0,0.0,0.0,0.0,1.0,0.0,0.0,0.0,0.0,0.0,1.0,275.621
30,6,16,23.508,31.533,47.433,70.819,0.191,1.637,1.949,3.209,59.995,0.0,1.0,0.0,0.0,1.0,0.0,0.0,0.0,1.0,0.0,0.0,0.0,0.0,0.0,1.0,278.117
30,6,16,23.783,30.91,46.762,73.033,0.214,1.697,1.96,2.901,62.753,0.0,1.0,0.0,0.0,1.0,0.0,0.0,0.0,1.0,0.0,0.0,0.0,0.0,0.0,1.0,266.991
30,6,16,23.634,30.979,47.367,72.203,0.203,1.492,1.934,2.924,58.35,0.0,1.0,0.0,0.0,1.0,0.0,0.0,0.0,1.0,0.0,0.0,0.0,0.0,0.0,1.0,269.316
30,6,16,23.85,30.828,48.845,72.884,0.198,1.542,2.133,3.056,62.074,0.0,1.0,0.0,0.0,1.0,0.0,0.0,0.0,1.0,0.0,0.0,0.0,0.0,0.0,1.0,267.637
30,6,16,22.611,30.41,49.425,70.253,0.214,1.556,2.043,2.795,62.001,0.0,1.0,0.0,0.0,1.0,0.0,0.0,0.0,1.0,0.0,0.0,0.0,0.0,0.0,1.0,271.56
30,6,16,23.0,31.0,48.0,72.0,0.2,1.6,3.5,3.0,60.0,0.0,1.0,0.0,0.0,1.0,0.0,0.0,0.0,1.0,0.0,0.0,0.0,0.0,0.0,1.0,266.8
30,6,16,23.05,30.63,49.136,69.067,0.186,1.589,3.681,3.049,57.923,0.0,1.0,0.0,0.0,1.0,0.0,0.0,0.0,1.0,0.0,0.0,0.0,0.0,0.0,1.0,263.943
30,6,16,24.014,31.599,47.982,72.82,0.196,1.694,3.351,2.878,61.463,0.0,1.0,0.0,0.0,1.0,0.0,0.0,0.0,1.0,0.0,0.0,0.0,0.0,0.0,1.0,268.3
30,6,16,23.297,31.702,46.659,74.628,0.198,1.527,3.369,3.148,58.801,0.0,1.0,0.0,0.0,1.0,0.0,0.0,0.0,1.0,0.0,0.0,0.0,0.0,0.0,1.0,265.362
30,6,16,22.308,31.094,48.142,70.984,0.207,1.513,3.276,2.959,62.404,0.0,1.0,0.0,0.0,1.0,0.0,0.0,0.0,1.0,0.0,0.0,0.0,0.0,0.0,1.0,266.775
30,6,16,22.481,30.052,46.989,72.306,0.19,1.664,3.37,2.97,62.37,0.0,1.0,0.0,0.0,1.0,0.0,0.0,0.0,1.0,0.0,0.0,0.0,0.0,0.0,1.0,266.682
30,6,16,23.227,31.656,49.091,72.753,0.208,1.57,3.641,2.926,56.866,0.0,1.0,0.0,0.0,1.0,0.0,0.0,0.0,1.0,0.0,0.0,0.0,0.0,0.0,1.0,269.337
30,6,16,22.384,30.362,48.084,70.449,0.195,1.561,3.655,3.168,58.447,0.0,1.0,0.0,0.0,1.0,0.0,0.0,0.0,1.0,0.0,0.0,0.0,0.0,0.0,1.0,261.044
30,6,16,23.266,30.938,47.465,73.977,0.207,1.599,3.206,2.904,62.445,0.0,1.0,0.0,0.0,1.0,0.0,0.0,0.0,1.0,0.0,0.0,0.0,0.0,0.0,1.0,271.36
30,6,16,22.778,31.387,47.742,73.417,0.194,1.683,3.458,2.997,63.426,0.0,1.0,0.0,0.0,1.0,0.0,0.0,0.0,1.0,0.0,0.0,0.0,0.0,0.0,1.0,263.645
30,6,16,23.0,31.0,48.0,72.0,0.2,1.6,5.0,3.0,60.0,0.0,1.0,0.0,0.0,1.0,0.0,0.0,0.0,1.0,0.0,0.0,0.0,0.0,0.0,1.0,262.6
30,6,16,23.129,31.725,48.585,71.722,0.184,1.555,4.671,3.154,59.384,0.0,1.0,0.0,0.0,1.0,0.0,0.0,0.0,1.0,0.0,0.0,0.0,0.0,0.0,1.0,263.021
30,6,16,22.989,30.813,47.217,72.004,0.191,1.555,5.176,3.163,64.025,0.0,1.0,0.0,0.0,1.0,0.0,0.0,0.0,1.0,0.0,0.0,0.0,0.0,0.0,1.0,259.811
30,6,16,22.856,30.637,49.674,71.155,0.207,1.665,4.927,2.881,64.182,0.0,1.0,0.0,0.0,1.0,0.0,0.0,0.0,1.0,0.0,0.0,0.0,0.0,0.0,1.0,260.551
30,6,16,22.843,31.887,46.906,69.851,0.215,1.662,4.995,3.038,59.097,0.0,1.0,0.0,0.0,1.0,0.0,0.0,0.0,1.0,0.0,0.0,0.0,0.0,0.0,1.0,265.196
30,6,16,22.598,29.777,48.149,74.01,0.204,1.571,4.885,3.028,58.172,0.0,1.0,0.0,0.0,1.0,0.0,0.0,0.0,1.0,0.0,0.0,0.0,0.0,0.0,1.0,268.163
30,6,16,23.302,29.92,48.744,72.438,0.197,1.512,4.98,2.792,59.721,0.0,1.0,0.0,0.0,1.0,0.0,0.0,0.0,1.0,0.0,0.0,0.0,0.0,0.0,1.0,260.251
30,6,16,23.085,31.253,46.615,69.752,0.209,1.714,5.285,2.746,61.223,0.0,1.0,0.0,0.0,1.0,0.0,0.0,0.0,1.0,0.0,0.0,0.0,0.0,0.0,1.0,262.626
30,6,16,23.087,30.255,48.358,74.704,0.198,1.743,5.27,2.851,57.469,0.0,1.0,0.0,0.0,1.0,0.0,0.0,0.0,1.0,0.0,0.0,0.0,0.0,0.0,1.0,259.035
30,6,16,22.477,31.005,47.377,69.494,0.188,1.623,5.031,3.213,62.928,0.0,1.0,0.0,0.0,1.0,0.0,0.0,0.0,1.0,0.0,0.0,0.0,0.0,0.0,1.0,264.484
30,6,16,23.0,31.0,48.0,72.0,0.2,1.6,2.0,3.0,90.0,0.0,1.0,0.0,0.0,1.0,0.0,0.0,0.0,1.0,0.0,0.0,0.0,0.0,0.0,1.0,277.1
30,6,16,22.748,30.658,46.095,74.211,0.192,1.458,2.054,3.156,98.264,0.0,1.0,0.0,0.0,1.0,0.0,0.0,0.0,1.0,0.0,0.0,0.0,0.0,0.0,1.0,279.061
30,6,16,22.619,31.581,47.385,69.627,0.201,1.636,2.114,2.851,92.899,0.0,1.0,0.0,0.0,1.0,0.0,0.0,0.0,1.0,0.0,0.0,0.0,0.0,0.0,1.0,277.8
30,6,16,22.52,31.212,48.655,73.462,0.202,1.508,1.891,2.796,89.317,0.0,1.0,0.0,0.0,1.0,0.0,0.0,0.0,1.0,0.0,0.0,0.0,0.0,0.0,1.0,277.248
30,6,16,23.887,29.98,48.815,71.503,0.2,1.69,2.059,2.834,86.877,0.0,1.0,0.0,0.0,1.0,0.0,0.0,0.0,1.0,0.0,0.0,0.0,0.0,0.0,1.0,279.85
30,6,16,23.721,31.176,48.121,71.737,0.202,1.641,1.901,2.803,84.174,0.0,1.0,0.0,0.0,1.0,0.0,0.0,0.0,1.0,0.0,0.0,0.0,0.0,0.0,1.0,273.023
30,6,16,22.582,29.673,49.3,72.775,0.212,1.698,2.027,2.983,94.492,0.0,1.0,0.0,0.0,1.0,0.0,0.0,0.0,1.0,0.0,0.0,0.0,0.0,0.0,1.0,277.066
30,6,16,23.28,30.97,46.493,71.101,0.21,1.546,2.0,3.08,84.328,0.0,1.0,0.0,0.0,1.0,0.0,0.0,0.0,1.0,0.0,0.0,0.0,0.0,0.0,1.0,282.674
30,6,16,23.401,30.001,45.974,70.719,0.191,1.571,2.059,3.094,89.555,0.0,1.0,0.0,0.0,1.0,0.0,0.0,0.0,1.0,0.0,0.0,0.0,0.0,0.0,1.0,281.91
30,6,16,24.045,31.009,48.601,71.25,0.202,1.679,1.953,3.017,86.572,0.0,1.0,0.0,0.0,1.0,0.0,0.0,0.0,1.0,0.0,0.0,0.0,0.0,0.0,1.0,274.105
30,6,16,23.0,31.0,48.0,72.0,0.2,1.6,3.5,3.0,90.0,0.0,1.0,0.0,0.0,1.0,0.0,0.0,0.0,1.0,0.0,0.0,0.0,0.0,0.0,1.0,272.9
30,6,16,23.488,31.009,49.294,73.896,0.208,1.611,3.321,3.09,90.386,0.0,1.0,0.0,0.0,1.0,0.0,0.0,0.0,1.0,0.0,0.0,0.0,0.0,0.0,1.0,273.11
30,6,16,22.744,29.958,49.26,71.42,0.201,1.528,3.227,2.891,97.235,0.0,1.0,0.0,0.0,1.0,0.0,0.0,0.0,1.0,0.0,0.0,0.0,0.0,0.0,1.0,275.168
30,6,16,23.974,31.805,47.963,72.242,0.187,1.647,3.353,3.184,94.884,0.0,1.0,0.0,0.0,1.0,0.0,0.0,0.0,1.0,0.0,0.0,0.0,0.0,0.0,1.0,274.676
30,6,16,23.066,32.251,47.996,69.797,0.201,1.603,3.81,2.808,91.64,0.0,1.0,0.0,0.0,1.0,0.0,0.0,0.0,1.0,0.0,0.0,0.0,0.0,0.0,1.0,271.372
30,6,16,22.995,31.098,46.954,71.346,0.208,1.651,3.331,3.002,87.629,0.0,1.0,0.0,0.0,1.0,0.0,0.0,0.0,1.0,0.0,0.0,0.0,0.0,0.0,1.0,268.383
30,6,16,23.166,30.061,50.095,70.978,0.207,1.544,3.302,3.003,91.918,0.0,1.0,0.0,0.0,1.0,0.0,0.0,0.0,1.0,0.0,0.0,0.0,0.0,0.0,1.0,277.563
30,6,16,22.744,30.939,49.37,71.026,0.202,1.604,3.761,2.925,84.527,0.0,1.0,0.0,0.0,1.0,0.0,0.0,0.0,1.0,0.0,0.0,0.0,0.0,0.0,1.0,272.684
30,6,16,23.61,30.176,48.722,71.196,0.21,1.495,3.235,3.001,87.868,0.0,1.0,0.0,0.0,1.0,0.0,0.0,0.0,1.0,0.0,0.0,0.0,0.0,0.0,1.0,269.989
30,6,16,23.734,31.128,46.839,74.09,0.205,1.74,3.658,3.251,86.257,0.0,1.0,0.0,0.0,1.0,0.0,0.0,0.0,1.0,0.0,0.0,0.0,0.0,0.0,1.0,275.579
30,6,16,23.0,31.0,48.0,72.0,0.2,1.6,5.0,3.0,90.0,0.0,1.0,0.0,0.0,1.0,0.0,0.0,0.0,1.0,0.0,0.0,0.0,0.0,0.0,1.0,266.8
30,6,16,22.467,31.529,46.645,71.628,0.204,1.496,5.214,2.974,95.697,0.0,1.0,0.0,0.0,1.0,0.0,0.0,0.0,1.0,0.0,0.0,0.0,0.0,0.0,1.0,264.514
30,6,16,23.285,30.743,46.618,73.435,0.195,1.643,4.776,3.207,96.313,0.0,1.0,0.0,0.0,1.0,0.0,0.0,0.0,1.0,0.0,0.0,0.0,0.0,0.0,1.0,271.18
30,6,16,22.847,30.056,49.187,71.85,0.203,1.574,5.016,2.989,98.462,0.0,1.0,0.0,0.0,1.0,0.0,0.0,0.0,1.0,0.0,0.0,0.0,0.0,0.0,1.0,271.347
30,6,16,22.307,31.331,47.346,69.348,0.207,1.501,4.68,3.026,87.541,0.0,1.0,0.0,0.0,1.0,0.0,0.0,0.0,1.0,0.0,0.0,0.0,0.0,0.0,1.0,265.116
30,6,16,22.449,30.766,45.969,69.231,0.195,1.484,5.122,2.884,92.368,0.0,1.0,0.0,0.0,1.0,0.0,0.0,0.0,1.0,0.0,0.0,0.0,0.0,0.0,1.0,267.308
30,6,16,22.229,31.884,49.319,72.869,0.195,1.556,4.988,3.116,83.848,0.0,1.0,0.0,0.0,1.0,0.0,0.0,0.0,1.0,0.0,0.0,0.0,0.0,0.0,1.0,268.012
30,6,16,23.486,30.364,46.897,72.069,0.203,1.735,4.725,2.937,87.872,0.0,1.0,0.0,0.0,1.0,0.0,0.0,0.0,1.0,0.0,0.0,0.0,0.0,0.0,1.0,261.089
30,6,16,22.356,30.825,47.661,73.843,0.184,1.511,4.601,3.081,91.656,0.0,1.0,0.0,0.0,1.0,0.0,0.0,0.0,1.0,0.0,0.0,0.0,0.0,0.0,1.0,261.045
30,6,16,22.85,31.944,49.502,71.152,0.203,1.727,5.088,2.968,92.135,0.0,1.0,0.0,0.0,1.0,0.0,0.0,0.0,1.0,0.0,0.0,0.0,0.0,0.0,1.0,266.128
40,8,2,23.0,31.0,48.0,72.0,0.2,1.6,2.0,3.0,60.0,0.0,1.0,0.0,0.0,0.0,1.0,0.0,1.0,0.0,0.0,0.0,0.0,0.0,1.0,0.0,220.4
40,8,2,23.493,31.268,47.36,75.031,0.196,1.581,2.0,2.955,62.369,0.0,1.0,0.0,0.0,0.0,1.0,0.0,1.0,0.0,0.0,0.0,0.0,0.0,1.0,0.0,220.052
40,8,2,23.337,31.632,49.554,72.849,0.194,1.601,1.946,3.209,55.118,0.0,1.0,0.0,0.0,0.0,1.0,0.0,1.0,0.0,0.0,0.0,0.0,0.0,1.0,0.0,220.127
40,8,2,23.398,31.237,47.902,70.076,0.2,1.652,1.956,3.226,58.328,0.0,1.0,0.0,0.0,0.0,1.0,0.0,1.0,0.0,0.0,0.0,0.0,0.0,1.0,0.0,220.04
40,8,2,23.681,30.526,46.25,72.843,0.212,1.659,2.095,3.018,62.694,0.0,1.0,0.0,0.0,0.0,1.0,0.0,1.0,0.0,0.0,0.0,0.0,0.0,1.0,0.0,215.172
40,8,2,23.758,30.329,47.077,71.544,0.184,1.481,2.02,2.731,56.863,0.0,1.0,0.0,0.0,0.0,1.0,0.0,1.0,0.0,0.0,0.0,0.0,0.0,1.0,0.0,223.078
40,8,2,22.384,30.976,48.772,70.209,0.208,1.637,1.931,2.73,62.51,0.0,1.0,0.0,0.0,0.0,1.0,0.0,1.0,0.0,0.0,0.0,0.0,0.0,1.0,0.0,218.433
40,8,2,22.514,30.061,46.739,72.545,0.21,1.587,2.051,3.014,58.537,0.0,1.0,0.0,0.0,0.0,1.0,0.0,1.0,0.0,0.0,0.0,0.0,0.0,1.0,0.0,221.747
40,8,2,23.635,30.659,47.957,74.706,0.192,1.681,1.887,2.832,63.175,0.0,1.0,0.0,0.0,0.0,1.0,0.0,1.0,0.0,0.0,0.0,0.0,0.0,1.0,0.0,222.104
40,8,2,23.185,31.159,48.297,71.835,0.215,1.666,2.091,2.839,56.322,0.0,1.0,0.0,0.0,0.0,1.0,0.0,1.0,0.0,0.0,0.0,0.0,0.0,1.0,0.0,220.792
40,8,2,23.0,31.0,48.0,72.0,0.2,1.6,3.5,3.0,60.0,0.0,1.0,0.0,0.0,0.0,1.0,0.0,1.0,0.0,0.0,0.0,0.0,0.0,1.0,0.0,220.4
40,8,2,22.893,31.492,49.984,71.222,0.19,1.648,3.657,2.855,62.673,0.0,1.0,0.0,0.0,0.0,1.0,0.0,1.0,0.0,0.0,0.0,0.0,0.0,1.0,0.0,217.647
40,8,2,22.972,31.64,47.175,71.901,0.206,1.615,3.272,3.067,58.562,0.0,1.0,0.0,0.0,0.0,1.0,0.0,1.0,0.0,0.0,0.0,0.0,0.0,1.0,0.0,223.234
40,8,2,22.944,31.386,48.898,74.633,0.186,1.655,3.547,2.837,60.108,0.0,1.0,0.0,0.0,0.0,1.0,0.0,1.0,0.0,0.0,0.0,0.0,0.0,1.0,0.0,220.461
40,8,2,23.651,31.757,48.006,72.882,0.205,1.628,3.342,2.852,55.722,0.0,1.0,0.0,0.0,0.0,1.0,0.0,1.0,0.0,0.0,0.0,0.0,0.0,1.0,0.0,217.506
40,8,2,23.089,31.24,47.741,69.573,0.213,1.496,3.307,3.082,56.648,0.0,1.0,0.0,0.0,0.0,1.0,0.0,1.0,0.0,0.0,0.0,0.0,0.0,1.0,0.0,221.92
40,8,2,23.656,30.067,49.266,73.389,0.194,1.685,3.541,2.993,61.687,0.0,1.0,0.0,0.0,0.0,1.0,0.0,1.0,0.0,0.0,0.0,0.0,0.0,1.0,0.0,222.601
40,8,2,22.592,31.783,47.352,71.912,0.211,1.653,3.574,3.093,60.058,0.0,1.0,0.0,0.0,0.0,1.0,0.0,1.0,0.0,0.0,0.0,0.0,0.0,1.0,0.0,223.05
40,8,2,23.696,30.411,47.255,71.65,0.185,1.543,3.386,2.987,58.412,0.0,1.0,0.0,0.0,0.0,1.0,0.0,1.0,0.0,0.0,0.0,0.0,0.0,1.0,0.0,219.426
40,8,2,22.644,31.054,49.357,73.784,0.199,1.53,3.835,3.241,60.347,0.0,1.0,0.0,0.0,0.0,1.0,0.0,1.0,0.0,0.0,0.0,0.0,0.0,1.0,0.0,222.961
40,8,2,23.0,31.0,48.0,72.0,0.2,1.6,5.0,3.0,60.0,0.0,1.0,0.0,0.0,0.0,1.0,0.0,1.0,0.0,0.0,0.0,0.0,0.0,1.0,0.0,216.9
40,8,2,23.419,31.386,49.795,71.428,0.214,1.518,4.854,2.87,57.354,0.0,1.0,0.0,0.0,0.0,1.0,0.0,1.0,0.0,0.0,0.0,0.0,0.0,1.0,0.0,213.205
40,8,2,22.743,30.346,46.917,74.471,0.213,1.522,5.21,2.779,59.258,0.0,1.0,0.0,0.0,0.0,1.0,0.0,1.0,0.0,0.0,0.0,0.0,0.0,1.0,0.0,215.747
40,8,2,23.555,30.053,46.608,71.19,0.208,1.478,4.913,2.916,59.541,0.0,1.0,0.0,0.0,0.0,1.0,0.0,1.0,0.0,0.0,0.0,0.0,0.0,1.0,0.0,221.107
40,8,2,22.454,31.79,47.408,70.734,0.198,1.707,5.251,3.045,57.546,0.0,1.0,0.0,0.0,0.0,1.0,0.0,1.0,0.0,0.0,0.0,0.0,0.0,1.0,0.0,217.261
40,8,2,22.497,30.528,47.222,70.999,0.199,1.629,4.863,3.004,64.595,0.0,1.0,0.0,0.0,0.0,1.0,0.0,1.0,0.0,0.0,0.0,0.0,0.0,1.0,0.0,216.858
40,8,2,23.254,31.935,47.646,69.215,0.191,1.46,5.262,2.931,56.676,0.0,1.0,0.0,0.0,0.0,1.0,0.0,1.0,0.0,0.0,0.0,0.0,0.0,1.0,0.0,216.235
40,8,2,23.471,30.51,48.815,72.187,0.189,1.528,4.986,2.829,64.222,0.0,1.0,0.0,0.0,0.0,1.0,0.0,1.0,0.0,0.0,0.0,0.0,0.0,1.0,0.0,217.815
40,8,2,22.35,31.734,49.269,75.17,0.205,1.622,4.881,3.073,62.944,0.0,1.0,0.0,0.0,0.0,1.0,0.0,1.0,0.0,0.0,0.0,0.0,0.0,1.0,0.0,212.2
40,8,2,22.581,30.837,47.037,71.342,0.2,1.638,5.232,3.078,56.555,0.0,1.0,0.0,0.0,0.0,1.0,0.0,1.0,0.0,0.0,0.0,0.0,0.0,1.0,0.0,219.097
40,8,2,23.0,31.0,48.0,72.0,0.2,1.6,2.0,3.0,105.0,0.0,1.0,0.0,0.0,0.0,1.0,0.0,1.0,0.0,0.0,0.0,0.0,0.0,1.0,0.0,354.2
40,8,2,24.044,29.94,48.044,70.786,0.202,1.585,1.876,3.134,101.706,0.0,1.0,0.0,0.0,0.0,1.0,0.0,1.0,0.0,0.0,0.0,0.0,0.0,1.0,0.0,362.116
40,8,2,22.407,30.087,46.201,69.411,0.216,1.628,1.954,3.169,108.601,0.0,1.0,0.0,0.0,0.0,1.0,0.0,1.0,0.0,0.0,0.0,0.0,0.0,1.0,0.0,350.759
40,8,2,23.221,30.188,48.141,69.667,0.182,1.531,1.986,3.15,104.516,0.0,1.0,0.0,0.0,0.0,1.0,0.0,1.0,0.0,0.0,0.0,0.0,0.0,1.0,0.0,357.993
40,8,2,22.503,30.277,47.951,71.236,0.196,1.609,1.994,3.108,111.593,0.0,1.0,0.0,0.0,0.0,1.0,0.0,1.0,0.0,0.0,0.0,0.0,0.0,1.0,0.0,348.655
40,8,2,22.817,31.542,47.859,72.804,0.215,1.638,2.141,3.166,96.192,0.0,1.0,0.0,0.0,0.0,1.0,0.0,1.0,0.0,0.0,0.0,0.0,0.0,1.0,0.0,348.67
40,8,2,22.354,31.568,47.39,71.189,0.196,1.57,2.049,3.015,106.351,0.0,1.0,0.0,0.0,0.0,1.0,0.0,1.0,0.0,0.0,0.0,0.0,0.0,1.0,0.0,352.343
40,8,2,23.202,30.759,46.661,69.49,0.212,1.649,2.087,2.958,104.136,0.0,1.0,0.0,0.0,0.0,1.0,0.0,1.0,0.0,0.0,0.0,0.0,0.0,1.0,0.0,358.389
40,8,2,22.625,31.928,46.739,70.621,0.205,1.536,2.114,3.005,110.338,0.0,1.0,0.0,0.0,0.0,1.0,0.0,1.0,0.0,0.0,0.0,0.0,0.0,1.0,0.0,356.242
40,8,2,23.205,30.7,47.665,73.298,0.193,1.618,2.122,2.741,101.798,0.0,1.0,0.0,0.0,0.0,1.0,0.0,1.0,0.0,0.0,0.0,0.0,0.0,1.0,0.0,360.568
40,8,2,23.0,31.0,48.0,72.0,0.2,1.6,3.5,3.0,105.0,0.0,1.0,0.0,0.0,0.0,1.0,0.0,1.0,0.0,0.0,0.0,0.0,0.0,1.0,0.0,321.9
40,8,2,22.244,29.997,48.364,72.913,0.214,1.599,3.665,3.147,104.511,0.0,1.0,0.0,0.0,0.0,1.0,0.0,1.0,0.0,0.0,0.0,0.0,0.0,1.0,0.0,320.987
40,8,2,23.435,30.683,50.037,70.598,0.188,1.636,3.36,2.992,97.812,0.0,1.0,0.0,0.0,0.0,1.0,0.0,1.0,0.0,0.0,0.0,0.0,0.0,1.0,0.0,325.878
40,8,2,22.661,29.879,50.078,70.148,0.215,1.679,3.557,3.013,106.472,0.0,1.0,0.0,0.0,0.0,1.0,0.0,1.0,0.0,0.0,0.0,0.0,0.0,1.0,0.0,319.017
40,8,2,23.574,31.722,49.516,73.463,0.182,1.603,3.394,3.232,99.311,0.0,1.0,0.0,0.0,0.0,1.0,0.0,1.0,0.0,0.0,0.0,0.0,0.0,1.0,0.0,323.183
40,8,2,23.192,30.614,49.101,73.422,0.183,1.579,3.414,3.044,110.476,0.0,1.0,0.0,0.0,0.0,1.0,0.0,1.0,0.0,0.0,0.0,0.0,0.0,1.0,0.0,318.306
40,8,2,22.495,31.278,47.798,70.61,0.203,1.55,3.42,3.067,107.179,0.0,1.0,0.0,0.0,0.0,1.0,0.0,1.0,0.0,0.0,0.0,0.0,0.0,1.0,0.0,326.209
40,8,2,22.262,31.362,46.676,74.04,0.199,1.722,3.571,3.025,101.498,0.0,1.0,0.0,0.0,0.0,1.0,0.0,1.0,0.0,0.0,0.0,0.0,0.0,1.0,0.0,328.278
40,8,2,22.304,30.097,48.74,70.409,0.204,1.64,3.221,3.134,104.992,0.0,1.0,0.0,0.0,0.0,1.0,0.0,1.0,0.0,0.0,0.0,0.0,0.0,1.0,0.0,324.156
40,8,2,23.005,31.685,48.656,72.119,0.21,1.508,3.348,2.751,100.386,0.0,1.0,0.0,0.0,0.0,1.0,0.0,1.0,0.0,0.0,0.0,0.0,0.0,1.0,0.0,330.401
40,8,2,23.0,31.0,48.0,72.0,0.2,1.6,5.0,3.0,105.0,0.0,1.0,0.0,0.0,0.0,1.0,0.0,1.0,0.0,0.0,0.0,0.0,0.0,1.0,0.0,303.5
40,8,2,22.516,32.151,49.472,71.73,0.197,1.61,5.214,3.066,113.51,0.0,1.0,0.0,0.0,0.0,1.0,0.0,1.0,0.0,0.0,0.0,0.0,0.0,1.0,0.0,308.653
40,8,2,22.048,31.081,47.141,72.392,0.207,1.614,4.926,3.095,102.087,0.0,1.0,0.0,0.0,0.0,1.0,0.0,1.0,0.0,0.0,0.0,0.0,0.0,1.0,0.0,300.433
40,8,2,23.166,31.599,46.92,70.382,0.186,1.655,4.762,3.021,109.401,0.0,1.0,0.0,0.0,0.0,1.0,0.0,1.0,0.0,0.0,0.0,0.0,0.0,1.0,0.0,303.562
40,8,2,22.5,29.62,46.233,71.943,0.203,1.52,5.11,2.746,106.294,0.0,1.0,0.0,0.0,0.0,1.0,0.0,1.0,0.0,0.0,0.0,0.0,0.0,1.0,0.0,302.506
40,8,2,22.348,30.841,47.624,71.049,0.205,1.662,5.295,3.182,105.288,0.0,1.0,0.0,0.0,0.0,1.0,0.0,1.0,0.0,0.0,0.0,0.0,0.0,1.0,0.0,300.731
40,8,2,22.914,30.956,48.472,70.072,0.211,1.609,4.87,2.972,105.536,0.0,1.0,0.0,0.0,0.0,1.0,0.0,1.0,0.0,0.0,0.0,0.0,0.0,1.0,0.0,303.845
40,8,2,23.219,30.687,46.55,72.061,0.214,1.645,4.813,2.912,99.778,0.0,1.0,0.0,0.0,0.0,1.0,0.0,1.0,0.0,0.0,0.0,0.0,0.0,1.0,0.0,302.551
40,8,2,23.383,31.956,48.102,69.759,0.207,1.545,4.795,2.711,110.494,0.0,1.0,0.0,0.0,0.0,1.0,0.0,1.0,0.0,0.0,0.0,0.0,0.0,1.0,0.0,301.355
40,8,2,23.049,31.017,47.755,71.078,0.197,1.665,5.248,2.995,108.156,0.0,1.0,0.0,0.0,0.0,1.0,0.0,1.0,0.0,0.0,0.0,0.0,0.0,1.0,0.0,305.409
40,8,2,23.0,31.0,48.0,72.0,0.2,1.6,2.0,3.0,150.0,0.0,1.0,0.0,0.0,0.0,1.0,0.0,1.0,0.0,0.0,0.0,0.0,0.0,1.0,0.0,448.8
40,8,2,23.463,30.34,46.646,72.699,0.187,1.71,1.905,2.987,155.524,0.0,1.0,0.0,0.0,0.0,1.0,0.0,1.0,0.0,0.0,0.0,0.0,0.0,1.0,0.0,456.549
40,8,2,23.561,31.48,49.285,71.265,0.208,1.525,2.021,3.179,152.245,0.0,1.0,0.0,0.0,0.0,1.0,0.0,1.0,0.0,0.0,0.0,0.0,0.0,1.0,0.0,449.043
40,8,2,23.378,30.886,47.463,70.294,0.201,1.66,1.927,3.205,152.551,0.0,1.0,0.0,0.0,0.0,1.0,0.0,1.0,0.0,0.0,0.0,0.0,0.0,1.0,0.0,443.948
40,8,2,23.234,30.422,47.609,70.903,0.197,1.678,2.092,2.974,150.071,0.0,1.0,0.0,0.0,0.0,1.0,0.0,1.0,0.0,0.0,0.0,0.0,0.0,1.0,0.0,446.218
40,8,2,22.783,31.057,46.003,73.512,0.208,1.58,1.988,3.18,157.501,0.0,1.0,0.0,0.0,0.0,1.0,0.0,1.0,0.0,0.0,0.0,0.0,0.0,1.0,0.0,447.963
40,8,2,23.001,30.64,48.51,73.323,0.204,1.638,2.141,3.058,138.382,0.0,1.0,0.0,0.0,0.0,1.0,0.0,1.0,0.0,0.0,0.0,0.0,0.0,1.0,0.0,444.852
40,8,2,22.407,31.019,48.885,70.822,0.183,1.696,1.863,3.026,150.86,0.0,1.0,0.0,0.0,0.0,1.0,0.0,1.0,0.0,0.0,0.0,0.0,0.0,1.0,0.0,452.194
40,8,2,23.071,30.82,47.598,71.658,0.182,1.544,2.075,3.087,143.545,0.0,1.0,0.0,0.0,0.0,1.0,0.0,1.0,0.0,0.0,0.0,0.0,0.0,1.0,0.0,443.953
40,8,2,23.279,30.312,49.551,71.777,0.197,1.722,1.921,3.002,149.865,0.0,1.0,0.0,0.0,0.0,1.0,0.0,1.0,0.0,0.0,0.0,0.0,0.0,1.0,0.0,446.909
40,8,2,23.0,31.0,48.0,72.0,0.2,1.6,3.5,3.0,150.0,0.0,1.0,0.0,0.0,0.0,1.0,0.0,1.0,0.0,0.0,0.0,0.0,0.0,1.0,0.0,409.6
40,8,2,23.078,29.664,48.743,71.102,0.189,1.602,3.248,3.124,147.486,0.0,1.0,0.0,0.0,0.0,1.0,0.0,1.0,0.0,0.0,0.0,0.0,0.0,1.0,0.0,415.259
40,8,2,23.146,30.315,47.213,69.54,0.189,1.729,3.52,2.911,138.68,0.0,1.0,0.0,0.0,0.0,1.0,0.0,1.0,0.0,0.0,0.0,0.0,0.0,1.0,0.0,409.839
40,8,2,22.849,31.199,47.753,72.79,0.203,1.623,3.347,2.932,155.411,0.0,1.0,0.0,0.0,0.0,1.0,0.0,1.0,0.0,0.0,0.0,0.0,0.0,1.0,0.0,410.694
40,8,2,22.782,31.729,47.533,73.881,0.19,1.634,3.209,2.896,143.202,0.0,1.0,0.0,0.0,0.0,1.0,0.0,1.0,0.0,0.0,0.0,0.0,0.0,1.0,0.0,415.497
40,8,2,23.255,30.468,49.253,74.551,0.202,1.627,3.563,3.123,155.204,0.0,1.0,0.0,0.0,0.0,1.0,0.0,1.0,0.0,0.0,0.0,0.0,0.0,1.0,0.0,403.396
40,8,2,23.653,30.895,48.763,74.459,0.18,1.624,3.503,2.888,159.625,0.0,1.0,0.0,0.0,0.0,1.0,0.0,1.0,0.0,0.0,0.0,0.0,0.0,1.0,0.0,406.613
40,8,2,23.304,29.615,47.907,71.706,0.212,1.541,3.341,3.177,144.153,0.0,1.0,0.0,0.0,0.0,1.0,0.0,1.0,0.0,0.0,0.0,0.0,0.0,1.0,0.0,408.047
40,8,2,23.646,31.317,48.856,73.163,0.196,1.647,3.555,3.002,149.178,0.0,1.0,0.0,0.0,0.0,1.0,0.0,1.0,0.0,0.0,0.0,0.0,0.0,1.0,0.0,414.189
40,8,2,22.882,30.532,46.773,72.599,0.2,1.685,3.594,3.016,157.567,0.0,1.0,0.0,0.0,0.0,1.0,0.0,1.0,0.0,0.0,0.0,0.0,0.0,1.0,0.0,412.601
40,8,2,23.0,31.0,48.0,72.0,0.2,1.6,5.0,3.0,150.0,0.0,1.0,0.0,0.0,0.0,1.0,0.0,1.0,0.0,0.0,0.0,0.0,0.0,1.0,0.0,396.9
40,8,2,22.596,31.591,47.865,70.867,0.202,1.722,5.001,2.763,155.884,0.0,1.0,0.0,0.0,0.0,1.0,0.0,1.0,0.0,0.0,0.0,0.0,0.0,1.0,0.0,399.069
40,8,2,23.02,31.594,46.119,73.423,0.193,1.687,5.056,2.952,143.094,0.0,1.0,0.0,0.0,0.0,1.0,0.0,1.0,0.0,0.0,0.0,0.0,0.0,1.0,0.0,396.218
40,8,2,23.126,31.911,46.964,71.721,0.195,1.515,5.349,2.933,156.476,0.0,1.0,0.0,0.0,0.0,1.0,0.0,1.0,0.0,0.0,0.0,0.0,0.0,1.0,0.0,400.328
40,8,2,22.685,32.059,47.015,70.443,0.191,1.729,4.836,3.018,151.131,0.0,1.0,0.0,0.0,0.0,1.0,0.0,1.0,0.0,0.0,0.0,0.0,0.0,1.0,0.0,393.467
40,8,2,22.663,31.409,46.952,71.75,0.209,1.704,4.988,2.881,146.216,0.0,1.0,0.0,0.0,0.0,1.0,0.0,1.0,0.0,0.0,0.0,0.0,0.0,1.0,0.0,401.945
40,8,2,22.786,31.245,47.633,73.645,0.194,1.571,4.958,3.02,144.769,0.0,1.0,0.0,0.0,0.0,1.0,0.0,1.0,0.0,0.0,0.0,0.0,0.0,1.0,0.0,405.832
40,8,2,23.46,29.729,49.277,71.386,0.208,1.699,4.929,3.073,142.993,0.0,1.0,0.0,0.0,0.0,1.0,0.0,1.0,0.0,0.0,0.0,0.0,0.0,1.0,0.0,402.3
40,8,2,23.321,30.077,49.411,72.306,0.207,1.673,4.955,2.879,152.046,0.0,1.0,0.0,0.0,0.0,1.0,0.0,1.0,0.0,0.0,0.0,0.0,0.0,1.0,0.0,402.958
40,8,2,22.567,31.03,49.787,71.015,0.197,1.708,4.813,3.129,157.771,0.0,1.0,0.0,0.0,0.0,1.0,0.0,1.0,0.0,0.0,0.0,0.0,0.0,1.0,0.0,396.626
40,8,2,23.0,31.0,48.0,72.0,0.2,1.6,2.0,5.0,105.0,0.0,1.0,0.0,0.0,0.0,1.0,0.0,1.0,0.0,0.0,0.0,0.0,0.0,1.0,0.0,376.2
40,8,2,22.841,29.854,46.285,70.545,0.208,1.581,2.118,5.185,114.17,0.0,1.0,0.0,0.0,0.0,1.0,0.0,1.0,0.0,0.0,0.0,0.0,0.0,1.0,0.0,370.605
40,8,2,22.31,31.959,48.827,70.453,0.211,1.578,2.08,5.002,108.392,0.0,1.0,0.0,0.0,0.0,1.0,0.0,1.0,0.0,0.0,0.0,0.0,0.0,1.0,0.0,385.804
40,8,2,22.492,30.55,47.176,71.904,0.196,1.529,2.117,5.286,110.999,0.0,1.0,0.0,0.0,0.0,1.0,0.0,1.0,0.0,0.0,0.0,0.0,0.0,1.0,0.0,375.17
40,8,2,22.417,31.246,49.048,69.75,0.194,1.493,2.05,5.126,98.103,0.0,1.0,0.0,0.0,0.0,1.0,0.0,1.0,0.0,0.0,0.0,0.0,0.0,1.0,0.0,376.014
40,8,2,22.615,31.584,47.996,70.475,0.208,1.644,2.007,4.547,98.478,0.0,1.0,0.0,0.0,0.0,1.0,0.0,1.0,0.0,0.0,0.0,0.0,0.0,1.0,0.0,374.188
40,8,2,23.355,31.159,46.287,73.859,0.212,1.537,2.015,4.727,108.523,0.0,1.0,0.0,0.0,0.0,1.0,0.0,1.0,0.0,0.0,0.0,0.0,0.0,1.0,0.0,372.702
40,8,2,23.254,30.81,48.068,73.92,0.206,1.539,1.854,5.103,110.314,0.0,1.0,0.0,0.0,0.0,1.0,0.0,1.0,0.0,0.0,0.0,0.0,0.0,1.0,0.0,369.521
40,8,2,23.847,30.992,47.315,71.048,0.202,1.672,1.891,5.367,100.783,0.0,1.0,0.0,0.0,0.0,1.0,0.0,1.0,0.0,0.0,0.0,0.0,0.0,1.0,0.0,372.021
40,8,2,22.386,31.018,47.426,72.683,0.201,1.673,2.105,5.238,108.065,0.0,1.0,0.0,0.0,0.0,1.0,0.0,1.0,0.0,0.0,0.0,0.0,0.0,1.0,0.0,371.887
40,8,2,23.0,31.0,48.0,72.0,0.2,1.6,3.5,5.0,105.0,0.0,1.0,0.0,0.0,0.0,1.0,0.0,1.0,0.0,0.0,0.0,0.0,0.0,1.0,0.0,378.5
40,8,2,22.367,31.279,48.928,75.301,0.191,1.689,3.551,5.301,104.506,0.0,1.0,0.0,0.0,0.0,1.0,0.0,1.0,0.0,0.0,0.0,0.0,0.0,1.0,0.0,377.527
40,8,2,23.728,31.761,50.149,75.02,0.207,1.634,3.55,4.991,106.786,0.0,1.0,0.0,0.0,0.0,1.0,0.0,1.0,0.0,0.0,0.0,0.0,0.0,1.0,0.0,374.813
40,8,2,22.935,31.472,48.215,72.141,0.209,1.583,3.544,4.847,96.746,0.0,1.0,0.0,0.0,0.0,1.0,0.0,1.0,0.0,0.0,0.0,0.0,0.0,1.0,0.0,372.021
40,8,2,23.682,29.929,46.593,71.212,0.203,1.67,3.301,4.865,97.407,0.0,1.0,0.0,0.0,0.0,1.0,0.0,1.0,0.0,0.0,0.0,0.0,0.0,1.0,0.0,374.363
40,8,2,22.288,30.55,47.963,74.325,0.198,1.656,3.488,4.861,110.561,0.0,1.0,0.0,0.0,0.0,1.0,0.0,1.0,0.0,0.0,0.0,0.0,0.0,1.0,0.0,384.422
40,8,2,22.529,31.328,46.942,73.59,0.199,1.678,3.414,5.033,102.777,0.0,1.0,0.0,0.0,0.0,1.0,0.0,1.0,0.0,0.0,0.0,0.0,0.0,1.0,0.0,378.487
40,8,2,22.927,31.558,49.178,72.748,0.187,1.562,3.713,5.172,114.168,0.0,1.0,0.0,0.0,0.0,1.0,0.0,1.0,0.0,0.0,0.0,0.0,0.0,1.0,0.0,379.466
40,8,2,22.526,30.948,47.77,73.76,0.197,1.622,3.568,4.678,106.46,0.0,1.0,0.0,0.0,0.0,1.0,0.0,1.0,0.0,0.0,0.0,0.0,0.0,1.0,0.0,387.322
40,8,2,22.932,30.246,47.14,69.953,0.2,1.623,3.714,5.0,105.276,0.0,1.0,0.0,0.0,0.0,1.0,0.0,1.0,0.0,0.0,0.0,0.0,0.0,1.0,0.0,374.605
40,8,2,23.0,31.0,48.0,72.0,0.2,1.6,5.0,5.0,105.0,0.0,1.0,0.0,0.0,0.0,1.0,0.0,1.0,0.0,0.0,0.0,0.0,0.0,1.0,0.0,349.6
40,8,2,23.466,30.57,46.755,69.232,0.205,1.67,4.733,4.916,101.27,0.0,1.0,0.0,0.0,0.0,1.0,0.0,1.0,0.0,0.0,0.0,0.0,0.0,1.0,0.0,340.803
40,8,2,22.551,30.256,49.768,69.761,0.208,1.569,4.946,5.117,106.26,0.0,1.0,0.0,0.0,0.0,1.0,0.0,1.0,0.0,0.0,0.0,0.0,0.0,1.0,0.0,346.508
40,8,2,22.938,31.809,48.247,69.96,0.199,1.561,4.93,5.376,108.755,0.0,1.0,0.0,0.0,0.0,1.0,0.0,1.0,0.0,0.0,0.0,0.0,0.0,1.0,0.0,352.219
40,8,2,22.978,31.649,49.066,74.605,0.193,1.545,5.127,5.28,107.859,0.0,1.0,0.0,0.0,0.0,1.0,0.0,1.0,0.0,0.0,0.0,0.0,0.0,1.0,0.0,354.647
40,8,2,23.248,30.382,49.441,70.481,0.2,1.614,4.623,5.222,102.708,0.0,1.0,0.0,0.0,0.0,1.0,0.0,1.0,0.0,0.0,0.0,0.0,0.0,1.0,0.0,352.699
40,8,2,23.256,30.712,47.128,73.036,0.195,1.578,5.333,4.841,109.097,0.0,1.0,0.0,0.0,0.0,1.0,0.0,1.0,0.0,0.0,0.0,0.0,0.0,1.0,0.0,348.274
40,8,2,22.579,30.179,48.571,70.307,0.195,1.672,4.96,5.089,97.49,0.0,1.0,0.0,0.0,0.0,1.0,0.0,1.0,0.0,0.0,0.0,0.0,0.0,1.0,0.0,340.933
40,8,2,22.622,31.652,50.074,73.919,0.201,1.564,5.07,4.93,100.166,0.0,1.0,0.0,0.0,0.0,1.0,0.0,1.0,0.0,0.0,0.0,0.0,0.0,1.0,0.0,348.374
40,8,2,23.224,31.043,48.215,70.594,0.209,1.584,4.961,4.658,112.307,0.0,1.0,0.0,0.0,0.0,1.0,0.0,1.0,0.0,0.0,0.0,0.0,0.0,1.0,0.0,342.466
40,8,2,23.0,31.0,48.0,72.0,0.2,1.6,3.5,3.0,105.0,0.0,1.0,0.0,0.0,0.0,1.0,0.0,1.0,0.0,0.0,0.0,1.0,0.0,0.0,0.0,441.9
40,8,2,23.347,31.413,50.087,75.133,0.187,1.503,3.387,3.101,107.979,0.0,1.0,0.0,0.0,0.0,1.0,0.0,1.0,0.0,0.0,0.0,1.0,0.0,0.0,0.0,444.999
40,8,2,23.617,31.059,46.072,73.692,0.19,1.575,3.237,3.005,97.658,0.0,1.0,0.0,0.0,0.0,1.0,0.0,1.0,0.0,0.0,0.0,1.0,0.0,0.0,0.0,447.607
40,8,2,22.893,31.414,48.757,73.782,0.216,1.692,3.375,3.056,109.255,0.0,1.0,0.0,0.0,0.0,1.0,0.0,1.0,0.0,0.0,0.0,1.0,0.0,0.0,0.0,441.234
40,8,2,22.527,31.108,49.859,72.183,0.191,1.6,3.484,2.941,102.616,0.0,1.0,0.0,0.0,0.0,1.0,0.0,1.0,0.0,0.0,0.0,1.0,0.0,0.0,0.0,453.159
40,8,2,23.318,30.882,46.432,69.377,0.2,1.527,3.767,2.846,99.912,0.0,1.0,0.0,0.0,0.0,1.0,0.0,1.0,0.0,0.0,0.0,1.0,0.0,0.0,0.0,443.377
40,8,2,22.654,31.288,48.576,75.361,0.205,1.647,3.218,2.866,105.182,0.0,1.0,0.0,0.0,0.0,1.0,0.0,1.0,0.0,0.0,0.0,1.0,0.0,0.0,0.0,448.294
40,8,2,23.291,30.601,47.907,73.317,0.202,1.467,3.425,2.845,113.762,0.0,1.0,0.0,0.0,0.0,1.0,0.0,1.0,0.0,0.0,0.0,1.0,0.0,0.0,0.0,449.734
40,8,2,23.717,32.047,48.147,72.299,0.212,1.475,3.679,3.163,103.124,0.0,1.0,0.0,0.0,0.0,1.0,0.0,1.0,0.0,0.0,0.0,1.0,0.0,0.0,0.0,436.69
40,8,2,23.374,31.111,49.958,72.593,0.198,1.605,3.497,3.0,111.946,0.0,1.0,0.0,0.0,0.0,1.0,0.0,1.0,0.0,0.0,0.0,1.0,0.0,0.0,0.0,446.4
40,8,2,23.0,31.0,48.0,72.0,0.2,1.6,3.5,3.0,105.0,0.0,1.0,0.0,0.0,0.0,1.0,0.0,1.0,0.0,0.0,0.0,0.0,1.0,0.0,0.0,268.8
40,8,2,23.219,31.497,48.042,72.885,0.188,1.558,3.312,3.135,108.428,0.0,1.0,0.0,0.0,0.0,1.0,0.0,1.0,0.0,0.0,0.0,0.0,1.0,0.0,0.0,270.55
40,8,2,23.433,31.649,48.388,72.611,0.195,1.641,3.682,2.867,106.75,0.0,1.0,0.0,0.0,0.0,1.0,0.0,1.0,0.0,0.0,0.0,0.0,1.0,0.0,0.0,269.739
40,8,2,23.796,31.886,47.224,70.087,0.218,1.534,3.272,2.96,107.026,0.0,1.0,0.0,0.0,0.0,1.0,0.0,1.0,0.0,0.0,0.0,0.0,1.0,0.0,0.0,266.766
40,8,2,22.811,31.737,49.124,72.289,0.197,1.563,3.502,2.995,100.543,0.0,1.0,0.0,0.0,0.0,1.0,0.0,1.0,0.0,0.0,0.0,0.0,1.0,0.0,0.0,265.819
40,8,2,22.552,30.313,48.071,69.413,0.209,1.711,3.494,2.99,108.886,0.0,1.0,0.0,0.0,0.0,1.0,0.0,1.0,0.0,0.0,0.0,0.0,1.0,0.0,0.0,267.94
40,8,2,22.608,31.756,47.546,73.144,0.2,1.56,3.703,2.813,107.545,0.0,1.0,0.0,0.0,0.0,1.0,0.0,1.0,0.0,0.0,0.0,0.0,1.0,0.0,0.0,271.305
40,8,2,22.7,30.71,48.918,73.501,0.211,1.633,3.486,3.021,98.738,0.0,1.0,0.0,0.0,0.0,1.0,0.0,1.0,0.0,0.0,0.0,0.0,1.0,0.0,0.0,264.905
40,8,2,21.993,30.865,49.691,69.691,0.184,1.604,3.351,3.131,98.466,0.0,1.0,0.0,0.0,0.0,1.0,0.0,1.0,0.0,0.0,0.0,0.0,1.0,0.0,0.0,265.283
40,8,2,23.879,31.664,46.359,71.739,0.215,1.598,3.397,2.837,102.147,0.0,1.0,0.0,0.0,0.0,1.0,0.0,1.0,0.0,0.0,0.0,0.0,1.0,0.0,0.0,269.383
20,6,8,13.9,13.9,32.9,32.9,2.1,2.1,2.5,3.5,15.0,0.0,0.0,1.0,1.0,0.0,0.0,0.0,0.0,0.0,1.0,0.0,0.0,0.0,0.0,1.0,323.0
20,6,8,13.63,13.63,32.09,32.09,2.044,2.044,2.558,3.339,15.0,0.0,0.0,1.0,1.0,0.0,0.0,0.0,0.0,0.0,1.0,0.0,0.0,0.0,0.0,1.0,326.112
20,6,8,14.29,14.29,32.059,32.059,2.001,2.001,2.54,3.51,15.0,0.0,0.0,1.0,1.0,0.0,0.0,0.0,0.0,0.0,1.0,0.0,0.0,0.0,0.0,1.0,315.178
20,6,8,14.205,14.205,32.591,32.591,2.196,2.196,2.625,3.381,15.0,0.0,0.0,1.0,1.0,0.0,0.0,0.0,0.0,0.0,1.0,0.0,0.0,0.0,0.0,1.0,319.49
20,6,8,14.327,14.327,33.597,33.597,2.011,2.011,2.309,3.814,15.0,0.0,0.0,1.0,1.0,0.0,0.0,0.0,0.0,0.0,1.0,0.0,0.0,0.0,0.0,1.0,324.821
20,6,8,13.865,13.865,33.627,33.627,2.076,2.076,2.455,3.685,15.0,0.0,0.0,1.0,1.0,0.0,0.0,0.0,0.0,0.0,1.0,0.0,0.0,0.0,0.0,1.0,319.184
20,6,8,13.942,13.942,32.634,32.634,2.192,2.192,2.559,3.646,15.0,0.0,0.0,1.0,1.0,0.0,0.0,0.0,0.0,0.0,1.0,0.0,0.0,0.0,0.0,1.0,323.728
20,6,8,14.27,14.27,33.618,33.618,2.26,2.26,2.648,3.55,15.0,0.0,0.0,1.0,1.0,0.0,0.0,0.0,0.0,0.0,1.0,0.0,0.0,0.0,0.0,1.0,321.383
20,6,8,13.928,13.928,33.664,33.664,1.971,1.971,2.464,3.636,15.0,0.0,0.0,1.0,1.0,0.0,0.0,0.0,0.0,0.0,1.0,0.0,0.0,0.0,0.0,1.0,320.24
20,6,8,14.275,14.275,32.513,32.513,2.141,2.141,2.346,3.32,15.0,0.0,0.0,1.0,1.0,0.0,0.0,0.0,0.0,0.0,1.0,0.0,0.0,0.0,0.0,1.0,330.614
20,6,8,13.6,13.6,31.0,31.0,3.0,3.0,2.5,4.5,15.0,0.0,0.0,1.0,1.0,0.0,0.0,0.0,0.0,0.0,1.0,0.0,0.0,0.0,0.0,1.0,307.0
20,6,8,13.686,13.686,31.472,31.472,3.199,3.199,2.385,4.272,15.0,0.0,0.0,1.0,1.0,0.0,0.0,0.0,0.0,0.0,1.0,0.0,0.0,0.0,0.0,1.0,303.44
20,6,8,13.719,13.719,31.529,31.529,2.983,2.983,2.374,4.595,15.0,0.0,0.0,1.0,1.0,0.0,0.0,0.0,0.0,0.0,1.0,0.0,0.0,0.0,0.0,1.0,307.875
20,6,8,13.581,13.581,30.854,30.854,2.804,2.804,2.493,4.662,15.0,0.0,0.0,1.0,1.0,0.0,0.0,0.0,0.0,0.0,1.0,0.0,0.0,0.0,0.0,1.0,304.64
20,6,8,13.636,13.636,30.72,30.72,3.096,3.096,2.403,4.508,15.0,0.0,0.0,1.0,1.0,0.0,0.0,0.0,0.0,0.0,1.0,0.0,0.0,0.0,0.0,1.0,307.816
20,6,8,13.152,13.152,31.26,31.26,3.071,3.071,2.553,4.703,15.0,0.0,0.0,1.0,1.0,0.0,0.0,0.0,0.0,0.0,1.0,0.0,0.0,0.0,0.0,1.0,308.766
20,6,8,13.646,13.646,30.792,30.792,3.001,3.001,2.468,4.268,15.0,0.0,0.0,1.0,1.0,0.0,0.0,0.0,0.0,0.0,1.0,0.0,0.0,0.0,0.0,1.0,311.893
20,6,8,13.36,13.36,31.164,31.164,3.16,3.16,2.382,4.332,15.0,0.0,0.0,1.0,1.0,0.0,0.0,0.0,0.0,0.0,1.0,0.0,0.0,0.0,0.0,1.0,298.557
20,6,8,13.592,13.592,31.178,31.178,2.879,2.879,2.394,4.294,15.0,0.0,0.0,1.0,1.0,0.0,0.0,0.0,0.0,0.0,1.0,0.0,0.0,0.0,0.0,1.0,308.459
20,6,8,13.779,13.779,30.841,30.841,3.12,3.12,2.462,4.815,15.0,0.0,0.0,1.0,1.0,0.0,0.0,0.0,0.0,0.0,1.0,0.0,0.0,0.0,0.0,1.0,310.112
20,6,8,14.1,14.1,46.7,46.7,3.4,3.4,2.5,5.5,15.0,0.0,0.0,1.0,1.0,0.0,0.0,0.0,0.0,0.0,1.0,0.0,0.0,0.0,0.0,1.0,360.0
20,6,8,14.256,14.256,46.788,46.788,3.557,3.557,2.514,5.065,15.0,0.0,0.0,1.0,1.0,0.0,0.0,0.0,0.0,0.0,1.0,0.0,0.0,0.0,0.0,1.0,359.338
20,6,8,13.843,13.843,47.648,47.648,3.396,3.396,2.343,5.167,15.0,0.0,0.0,1.0,1.0,0.0,0.0,0.0,0.0,0.0,1.0,0.0,0.0,0.0,0.0,1.0,353.323
20,6,8,13.592,13.592,47.45,47.45,3.504,3.504,2.655,5.163,15.0,0.0,0.0,1.0,1.0,0.0,0.0,0.0,0.0,0.0,1.0,0.0,0.0,0.0,0.0,1.0,350.562
20,6,8,13.95,13.95,47.274,47.274,3.467,3.467,2.428,5.911,15.0,0.0,0.0,1.0,1.0,0.0,0.0,0.0,0.0,0.0,1.0,0.0,0.0,0.0,0.0,1.0,358.594
20,6,8,14.137,14.137,47.24,47.24,3.246,3.246,2.325,5.333,15.0,0.0,0.0,1.0,1.0,0.0,0.0,0.0,0.0,0.0,1.0,0.0,0.0,0.0,0.0,1.0,354.343
20,6,8,14.175,14.175,45.937,45.937,3.53,3.53,2.562,5.138,15.0,0.0,0.0,1.0,1.0,0.0,0.0,0.0,0.0,0.0,1.0,0.0,0.0,0.0,0.0,1.0,350.714
20,6,8,14.161,14.161,47.623,47.623,3.428,3.428,2.587,5.636,15.0,0.0,0.0,1.0,1.0,0.0,0.0,0.0,0.0,0.0,1.0,0.0,0.0,0.0,0.0,1.0,357.228
20,6,8,14.045,14.045,47.411,47.411,3.45,3.45,2.624,5.827,15.0,0.0,0.0,1.0,1.0,0.0,0.0,0.0,0.0,0.0,1.0,0.0,0.0,0.0,0.0,1.0,363.257
20,6,8,14.171,14.171,46.916,46.916,3.245,3.245,2.527,5.627,15.0,0.0,0.0,1.0,1.0,0.0,0.0,0.0,0.0,0.0,1.0,0.0,0.0,0.0,0.0,1.0,356.473
5,6,4,25.0,30.0,55.0,80.0,0.5,2.5,2.0,4.0,10.0,1.0,0.0,0.0,0.0,0.0,0.0,1.0,0.0,0.0,0.0,1.0,0.0,0.0,0.0,1.0,320.0
5,6,4,24.668,30.673,56.855,82.301,0.512,2.383,1.916,4.005,10.671,1.0,0.0,0.0,0.0,0.0,0.0,1.0,0.0,0.0,0.0,1.0,0.0,0.0,0.0,1.0,319.982
5,6,4,24.984,30.121,53.984,76.526,0.536,2.394,2.115,3.814,10.153,1.0,0.0,0.0,0.0,0.0,0.0,1.0,0.0,0.0,0.0,1.0,0.0,0.0,0.0,1.0,313.499
5,6,4,23.949,28.943,53.909,81.292,0.526,2.676,2.167,3.839,10.247,1.0,0.0,0.0,0.0,0.0,0.0,1.0,0.0,0.0,0.0,1.0,0.0,0.0,0.0,1.0,315.628
5,6,4,25.238,30.367,56.597,80.711,0.527,2.415,1.966,3.647,10.379,1.0,0.0,0.0,0.0,0.0,0.0,1.0,0.0,0.0,0.0,1.0,0.0,0.0,0.0,1.0,319.816
5,6,4,24.717,30.376,54.204,81.618,0.526,2.474,2.097,4.028,9.346,1.0,0.0,0.0,0.0,0.0,0.0,1.0,0.0,0.0,0.0,1.0,0.0,0.0,0.0,1.0,314.237
5,6,4,24.405,30.377,52.621,77.98,0.494,2.394,1.956,4.157,10.292,1.0,0.0,0.0,0.0,0.0,0.0,1.0,0.0,0.0,0.0,1.0,0.0,0.0,0.0,1.0,326.76
5,6,4,24.779,29.326,55.545,79.647,0.502,2.6,2.08,3.999,10.647,1.0,0.0,0.0,0.0,0.0,0.0,1.0,0.0,0.0,0.0,1.0,0.0,0.0,0.0,1.0,320.099
5,6,4,25.593,29.809,54.638,82.173,0.458,2.488,1.94,4.024,10.066,1.0,0.0,0.0,0.0,0.0,0.0,1.0,0.0,0.0,0.0,1.0,0.0,0.0,0.0,1.0,319.602
5,6,4,24.387,30.724,55.508,79.916,0.516,2.382,1.849,4.168,10.613,1.0,0.0,0.0,0.0,0.0,0.0,1.0,0.0,0.0,0.0,1.0,0.0,0.0,0.0,1.0,316.174
5,6,4,25.0,30.0,55.0,80.0,0.5,2.5,3.0,4.0,10.0,1.0,0.0,0.0,0.0,0.0,0.0,1.0,0.0,0.0,0.0,1.0,0.0,0.0,0.0,1.0,328.0
5,6,4,24.655,29.74,54.646,78.597,0.518,2.565,3.125,4.245,9.514,1.0,0.0,0.0,0.0,0.0,0.0,1.0,0.0,0.0,0.0,1.0,0.0,0.0,0.0,1.0,334.991
5,6,4,24.244,30.082,55.984,81.069,0.469,2.464,3.154,3.86,9.48,1.0,0.0,0.0,0.0,0.0,0.0,1.0,0.0,0.0,0.0,1.0,0.0,0.0,0.0,1.0,325.968
5,6,4,24.579,28.785,54.2,77.119,0.492,2.45,2.843,4.015,9.367,1.0,0.0,0.0,0.0,0.0,0.0,1.0,0.0,0.0,0.0,1.0,0.0,0.0,0.0,1.0,326.173
5,6,4,25.507,29.575,56.484,78.119,0.515,2.692,2.869,4.124,10.053,1.0,0.0,0.0,0.0,0.0,0.0,1.0,0.0,0.0,0.0,1.0,0.0,0.0,0.0,1.0,327.766
5,6,4,24.954,30.151,53.81,78.651,0.481,2.534,2.981,3.826,9.875,1.0,0.0,0.0,0.0,0.0,0.0,1.0,0.0,0.0,0.0,1.0,0.0,0.0,0.0,1.0,324.596
5,6,4,23.808,30.454,55.993,81.457,0.469,2.505,3.063,3.691,9.986,1.0,0.0,0.0,0.0,0.0,0.0,1.0,0.0,0.0,0.0,1.0,0.0,0.0,0.0,1.0,324.448
5,6,4,25.699,29.905,54.541,81.5,0.485,2.643,3.218,3.952,10.529,1.0,0.0,0.0,0.0,0.0,0.0,1.0,0.0,0.0,0.0,1.0,0.0,0.0,0.0,1.0,324.857
5,6,4,26.031,30.09,54.905,81.467,0.516,2.607,3.089,3.705,9.055,1.0,0.0,0.0,0.0,0.0,0.0,1.0,0.0,0.0,0.0,1.0,0.0,0.0,0.0,1.0,320.938
5,6,4,25.437,29.924,56.477,80.291,0.488,2.595,2.99,3.903,10.207,1.0,0.0,0.0,0.0,0.0,0.0,1.0,0.0,0.0,0.0,1.0,0.0,0.0,0.0,1.0,329.96
5,6,4,25.0,30.0,55.0,80.0,0.5,2.5,4.0,4.0,10.0,1.0,0.0,0.0,0.0,0.0,0.0,1.0,0.0,0.0,0.0,1.0,0.0,0.0,0.0,1.0,314.0
5,6,4,24.797,31.383,54.52,80.234,0.466,2.706,3.851,4.259,9.067,1.0,0.0,0.0,0.0,0.0,0.0,1.0,0.0,0.0,0.0,1.0,0.0,0.0,0.0,1.0,317.512
5,6,4,25.16,31.019,56.499,80.544,0.512,2.533,3.905,3.996,10.17,1.0,0.0,0.0,0.0,0.0,0.0,1.0,0.0,0.0,0.0,1.0,0.0,0.0,0.0,1.0,315.754
5,6,4,25.14,29.633,56.892,82.168,0.528,2.313,3.936,4.05,10.173,1.0,0.0,0.0,0.0,0.0,0.0,1.0,0.0,0.0,0.0,1.0,0.0,0.0,0.0,1.0,316.47
5,6,4,24.249,30.874,56.519,81.486,0.471,2.694,3.883,3.818,10.458,1.0,0.0,0.0,0.0,0.0,0.0,1.0,0.0,0.0,0.0,1.0,0.0,0.0,0.0,1.0,317.516
5,6,4,25.202,30.494,55.12,82.884,0.48,2.543,4.032,3.936,9.415,1.0,0.0,0.0,0.0,0.0,0.0,1.0,0.0,0.0,0.0,1.0,0.0,0.0,0.0,1.0,305.73
5,6,4,25.809,30.101,54.627,80.129,0.478,2.502,3.79,4.2,9.756,1.0,0.0,0.0,0.0,0.0,0.0,1.0,0.0,0.0,0.0,1.0,0.0,0.0,0.0,1.0,309.95
5,6,4,24.841,29.987,55.03,80.17,0.529,2.275,4.057,3.902,9.642,1.0,0.0,0.0,0.0,0.0,0.0,1.0,0.0,0.0,0.0,1.0,0.0,0.0,0.0,1.0,318.979
5,6,4,25.267,28.695,55.508,80.002,0.503,2.367,4.306,3.862,10.551,1.0,0.0,0.0,0.0,0.0,0.0,1.0,0.0,0.0,0.0,1.0,0.0,0.0,0.0,1.0,318.496
5,6,4,25.829,29.982,54.814,79.984,0.509,2.629,3.902,3.931,9.917,1.0,0.0,0.0,0.0,0.0,0.0,1.0,0.0,0.0,0.0,1.0,0.0,0.0,0.0,1.0,309.774
5,6,4,25.0,30.0,55.0,80.0,0.5,2.5,2.0,4.0,10.0,1.0,0.0,0.0,0.0,0.0,0.0,1.0,0.0,0.0,0.0,1.0,0.0,0.0,0.0,1.0,329.0
5,6,4,24.262,29.899,54.683,80.035,0.507,2.589,1.835,4.209,10.446,1.0,0.0,0.0,0.0,0.0,0.0,1.0,0.0,0.0,0.0,1.0,0.0,0.0,0.0,1.0,324.682
5,6,4,25.643,31.178,55.772,83.119,0.465,2.508,2.173,4.221,10.424,1.0,0.0,0.0,0.0,0.0,0.0,1.0,0.0,0.0,0.0,1.0,0.0,0.0,0.0,1.0,329.673
5,6,4,24.911,30.054,54.706,77.832,0.491,2.513,1.882,3.952,10.331,1.0,0.0,0.0,0.0,0.0,0.0,1.0,0.0,0.0,0.0,1.0,0.0,0.0,0.0,1.0,329.855
5,6,4,26.117,29.741,55.161,79.84,0.484,2.553,1.971,4.149,9.123,1.0,0.0,0.0,0.0,0.0,0.0,1.0,0.0,0.0,0.0,1.0,0.0,0.0,0.0,1.0,332.052
5,6,4,25.456,30.495,55.473,79.056,0.504,2.415,1.843,3.827,10.444,1.0,0.0,0.0,0.0,0.0,0.0,1.0,0.0,0.0,0.0,1.0,0.0,0.0,0.0,1.0,327.917
5,6,4,24.588,30.708,55.042,78.898,0.533,2.6,1.971,4.254,10.077,1.0,0.0,0.0,0.0,0.0,0.0,1.0,0.0,0.0,0.0,1.0,0.0,0.0,0.0,1.0,330.565
5,6,4,25.463,31.178,55.908,78.752,0.452,2.505,2.052,4.241,9.489,1.0,0.0,0.0,0.0,0.0,0.0,1.0,0.0,0.0,0.0,1.0,0.0,0.0,0.0,1.0,330.549
5,6,4,25.467,29.048,55.668,79.181,0.507,2.417,1.956,4.17,9.39,1.0,0.0,0.0,0.0,0.0,0.0,1.0,0.0,0.0,0.0,1.0,0.0,0.0,0.0,1.0,327.904
5,6,4,25.372,30.798,55.294,82.315,0.475,2.652,2.029,3.909,9.771,1.0,0.0,0.0,0.0,0.0,0.0,1.0,0.0,0.0,0.0,1.0,0.0,0.0,0.0,1.0,323.898
5,6,4,25.0,30.0,55.0,80.0,0.5,2.5,3.0,4.0,10.0,1.0,0.0,0.0,0.0,0.0,0.0,1.0,0.0,0.0,0.0,1.0,0.0,0.0,0.0,1.0,337.0
5,6,4,25.348,29.413,53.282,82.119,0.467,2.546,3.085,3.909,9.456,1.0,0.0,0.0,0.0,0.0,0.0,1.0,0.0,0.0,0.0,1.0,0.0,0.0,0.0,1.0,342.188
5,6,4,24.421,30.92,56.103,78.498,0.498,2.436,3.215,3.959,10.142,1.0,0.0,0.0,0.0,0.0,0.0,1.0,0.0,0.0,0.0,1.0,0.0,0.0,0.0,1.0,333.591
5,6,4,25.04,30.921,53.937,82.372,0.502,2.29,2.899,3.809,9.83,1.0,0.0,0.0,0.0,0.0,0.0,1.0,0.0,0.0,0.0,1.0,0.0,0.0,0.0,1.0,331.377
5,6,4,25.256,29.239,55.173,76.997,0.492,2.601,2.85,3.909,9.521,1.0,0.0,0.0,0.0,0.0,0.0,1.0,0.0,0.0,0.0,1.0,0.0,0.0,0.0,1.0,335.029
5,6,4,24.786,30.207,55.537,80.056,0.517,2.66,2.727,4.171,9.879,1.0,0.0,0.0,0.0,0.0,0.0,1.0,0.0,0.0,0.0,1.0,0.0,0.0,0.0,1.0,335.076
5,6,4,25.333,29.673,53.998,79.362,0.529,2.391,3.211,3.828,10.642,1.0,0.0,0.0,0.0,0.0,0.0,1.0,0.0,0.0,0.0,1.0,0.0,0.0,0.0,1.0,334.397
5,6,4,24.262,30.223,54.149,81.815,0.491,2.46,3.215,3.734,10.121,1.0,0.0,0.0,0.0,0.0,0.0,1.0,0.0,0.0,0.0,1.0,0.0,0.0,0.0,1.0,338.358
5,6,4,24.445,30.443,53.891,79.885,0.471,2.577,2.836,4.135,9.246,1.0,0.0,0.0,0.0,0.0,0.0,1.0,0.0,0.0,0.0,1.0,0.0,0.0,0.0,1.0,341.497
5,6,4,24.243,30.696,56.017,80.112,0.52,2.449,3.184,4.224,10.342,1.0,0.0,0.0,0.0,0.0,0.0,1.0,0.0,0.0,0.0,1.0,0.0,0.0,0.0,1.0,340.923
5,6,4,25.0,30.0,55.0,80.0,0.5,2.5,4.0,4.0,10.0,1.0,0.0,0.0,0.0,0.0,0.0,1.0,0.0,0.0,0.0,1.0,0.0,0.0,0.0,1.0,327.0
5,6,4,24.23,30.108,57.041,77.565,0.517,2.374,3.863,3.81,10.024,1.0,0.0,0.0,0.0,0.0,0.0,1.0,0.0,0.0,0.0,1.0,0.0,0.0,0.0,1.0,324.913
5,6,4,24.886,29.251,55.308,80.907,0.529,2.563,4.141,4.033,9.352,1.0,0.0,0.0,0.0,0.0,0.0,1.0,0.0,0.0,0.0,1.0,0.0,0.0,0.0,1.0,321.092
5,6,4,25.345,30.532,56.8,81.428,0.517,2.472,4.256,4.214,9.679,1.0,0.0,0.0,0.0,0.0,0.0,1.0,0.0,0.0,0.0,1.0,0.0,0.0,0.0,1.0,324.513
5,6,4,25.6,29.775,54.257,77.713,0.479,2.574,3.772,3.704,10.382,1.0,0.0,0.0,0.0,0.0,0.0,1.0,0.0,0.0,0.0,1.0,0.0,0.0,0.0,1.0,325.278
5,6,4,26.011,30.872,55.81,83.258,0.548,2.462,4.007,4.032,9.648,1.0,0.0,0.0,0.0,0.0,0.0,1.0,0.0,0.0,0.0,1.0,0.0,0.0,0.0,1.0,325.529
5,6,4,24.357,29.619,54.59,80.59,0.492,2.701,4.197,3.886,10.101,1.0,0.0,0.0,0.0,0.0,0.0,1.0,0.0,0.0,0.0,1.0,0.0,0.0,0.0,1.0,321.929
5,6,4,25.472,29.258,55.978,80.03,0.495,2.675,3.901,3.86,10.087,1.0,0.0,0.0,0.0,0.0,0.0,1.0,0.0,0.0,0.0,1.0,0.0,0.0,0.0,1.0,327.623
5,6,4,24.527,30.619,54.095,78.347,0.476,2.653,3.701,3.744,10.316,1.0,0.0,0.0,0.0,0.0,0.0,1.0,0.0,0.0,0.0,1.0,0.0,0.0,0.0,1.0,332.103
5,6,4,25.279,30.788,54.008,81.675,0.532,2.526,3.837,4.142,9.503,1.0,0.0,0.0,0.0,0.0,0.0,1.0,0.0,0.0,0.0,1.0,0.0,0.0,0.0,1.0,325.127
5,6,4,25.0,30.0,55.0,80.0,0.5,2.5,2.0,4.0,10.0,1.0,0.0,0.0,0.0,0.0,0.0,1.0,0.0,0.0,0.0,1.0,0.0,0.0,0.0,1.0,322.0
5,6,4,25.428,30.729,54.413,80.256,0.482,2.374,2.026,4.123,10.527,1.0,0.0,0.0,0.0,0.0,0.0,1.0,0.0,0.0,0.0,1.0,0.0,0.0,0.0,1.0,316.232
5,6,4,24.408,30.457,52.698,77.682,0.529,2.549,2.009,3.827,10.207,1.0,0.0,0.0,0.0,0.0,0.0,1.0,0.0,0.0,0.0,1.0,0.0,0.0,0.0,1.0,318.946
5,6,4,25.319,31.036,55.839,81.832,0.528,2.556,1.824,4.162,10.066,1.0,0.0,0.0,0.0,0.0,0.0,1.0,0.0,0.0,0.0,1.0,0.0,0.0,0.0,1.0,330.918
5,6,4,24.541,30.397,53.61,79.69,0.53,2.645,1.96,4.135,9.427,1.0,0.0,0.0,0.0,0.0,0.0,1.0,0.0,0.0,0.0,1.0,0.0,0.0,0.0,1.0,325.312
5,6,4,24.637,29.987,55.23,81.371,0.477,2.657,1.981,3.78,9.787,1.0,0.0,0.0,0.0,0.0,0.0,1.0,0.0,0.0,0.0,1.0,0.0,0.0,0.0,1.0,319.106
5,6,4,25.72,30.703,55.427,82.281,0.51,2.491,2.031,4.185,10.084,1.0,0.0,0.0,0.0,0.0,0.0,1.0,0.0,0.0,0.0,1.0,0.0,0.0,0.0,1.0,323.49
5,6,4,24.32,30.612,56.527,83.405,0.454,2.364,1.97,3.851,10.238,1.0,0.0,0.0,0.0,0.0,0.0,1.0,0.0,0.0,0.0,1.0,0.0,0.0,0.0,1.0,328.882
5,6,4,24.645,29.829,55.926,80.845,0.469,2.416,1.983,3.808,10.057,1.0,0.0,0.0,0.0,0.0,0.0,1.0,0.0,0.0,0.0,1.0,0.0,0.0,0.0,1.0,318.484
5,6,4,25.645,29.811,53.868,78.503,0.515,2.326,2.069,3.953,10.306,1.0,0.0,0.0,0.0,0.0,0.0,1.0,0.0,0.0,0.0,1.0,0.0,0.0,0.0,1.0,328.423
5,6,4,25.0,30.0,55.0,80.0,0.5,2.5,3.0,4.0,10.0,1.0,0.0,0.0,0.0,0.0,0.0,1.0,0.0,0.0,0.0,1.0,0.0,0.0,0.0,1.0,330.0
5,6,4,25.143,29.694,54.58,78.736,0.455,2.522,2.893,3.944,9.513,1.0,0.0,0.0,0.0,0.0,0.0,1.0,0.0,0.0,0.0,1.0,0.0,0.0,0.0,1.0,333.952
5,6,4,24.18,29.355,54.717,79.458,0.492,2.463,3.094,4.027,10.175,1.0,0.0,0.0,0.0,0.0,0.0,1.0,0.0,0.0,0.0,1.0,0.0,0.0,0.0,1.0,328.832
5,6,4,24.974,29.437,54.246,77.967,0.5,2.518,3.05,4.018,10.774,1.0,0.0,0.0,0.0,0.0,0.0,1.0,0.0,0.0,0.0,1.0,0.0,0.0,0.0,1.0,331.664
5,6,4,24.62,29.077,54.663,77.926,0.465,2.598,2.818,4.341,9.467,1.0,0.0,0.0,0.0,0.0,0.0,1.0,0.0,0.0,0.0,1.0,0.0,0.0,0.0,1.0,334.542
5,6,4,24.634,29.731,57.075,81.01,0.494,2.548,2.866,3.825,9.501,1.0,0.0,0.0,0.0,0.0,0.0,1.0,0.0,0.0,0.0,1.0,0.0,0.0,0.0,1.0,327.169
5,6,4,24.786,30.352,56.12,81.038,0.519,2.599,2.811,4.212,9.639,1.0,0.0,0.0,0.0,0.0,0.0,1.0,0.0,0.0,0.0,1.0,0.0,0.0,0.0,1.0,332.382
5,6,4,25.089,30.628,54.094,77.616,0.48,2.586,2.762,4.085,10.079,1.0,0.0,0.0,0.0,0.0,0.0,1.0,0.0,0.0,0.0,1.0,0.0,0.0,0.0,1.0,331.236
5,6,4,26.074,29.748,54.862,79.288,0.523,2.551,2.909,3.928,10.006,1.0,0.0,0.0,0.0,0.0,0.0,1.0,0.0,0.0,0.0,1.0,0.0,0.0,0.0,1.0,327.07
5,6,4,24.681,30.399,57.104,79.381,0.518,2.523,3.099,4.027,9.05,1.0,0.0,0.0,0.0,0.0,0.0,1.0,0.0,0.0,0.0,1.0,0.0,0.0,0.0,1.0,323.855
5,6,4,25.0,30.0,55.0,80.0,0.5,2.5,4.0,4.0,10.0,1.0,0.0,0.0,0.0,0.0,0.0,1.0,0.0,0.0,0.0,1.0,0.0,0.0,0.0,1.0,330.0
5,6,4,24.662,30.136,55.957,77.692,0.521,2.601,4.053,3.801,9.393,1.0,0.0,0.0,0.0,0.0,0.0,1.0,0.0,0.0,0.0,1.0,0.0,0.0,0.0,1.0,326.673
5,6,4,25.939,30.481,56.439,78.739,0.51,2.557,3.987,4.225,10.407,1.0,0.0,0.0,0.0,0.0,0.0,1.0,0.0,0.0,0.0,1.0,0.0,0.0,0.0,1.0,334.338
5,6,4,24.717,29.205,55.205,79.904,0.526,2.29,3.865,3.871,9.509,1.0,0.0,0.0,0.0,0.0,0.0,1.0,0.0,0.0,0.0,1.0,0.0,0.0,0.0,1.0,329.824
5,6,4,24.721,30.537,55.064,80.267,0.466,2.555,4.162,3.866,10.189,1.0,0.0,0.0,0.0,0.0,0.0,1.0,0.0,0.0,0.0,1.0,0.0,0.0,0.0,1.0,329.103
5,6,4,25.381,29.686,55.263,82.402,0.535,2.598,3.894,3.944,10.492,1.0,0.0,0.0,0.0,0.0,0.0,1.0,0.0,0.0,0.0,1.0,0.0,0.0,0.0,1.0,333.311
5,6,4,25.016,30.349,53.642,79.658,0.495,2.44,3.839,3.668,10.703,1.0,0.0,0.0,0.0,0.0,0.0,1.0,0.0,0.0,0.0,1.0,0.0,0.0,0.0,1.0,337.396
5,6,4,24.474,29.989,54.793,82.059,0.528,2.377,4.275,3.973,9.93,1.0,0.0,0.0,0.0,0.0,0.0,1.0,0.0,0.0,0.0,1.0,0.0,0.0,0.0,1.0,334.522
5,6,4,25.483,29.203,56.032,83.22,0.5,2.511,3.833,3.964,10.25,1.0,0.0,0.0,0.0,0.0,0.0,1.0,0.0,0.0,0.0,1.0,0.0,0.0,0.0,1.0,327.449
5,6,4,24.382,29.069,54.802,82.146,0.518,2.724,3.657,4.244,10.012,1.0,0.0,0.0,0.0,0.0,0.0,1.0,0.0,0.0,0.0,1.0,0.0,0.0,0.0,1.0,330.11
